timesteps,nodes,techs,source_use_max
2005-01-01 00:00:00,region1_1,csp,0.0
2005-01-01 00:00:00,region1_2,csp,0.0
2005-01-01 00:00:00,region1_3,csp,0.0
2005-01-01 01:00:00,region1_1,csp,0.0
2005-01-01 01:00:00,region1_2,csp,0.0
2005-01-01 01:00:00,region1_3,csp,0.0
2005-01-01 02:00:00,region1_1,csp,0.0
2005-01-01 02:00:00,region1_2,csp,0.0
2005-01-01 02:00:00,region1_3,csp,0.0
2005-01-01 03:00:00,region1_1,csp,0.0
2005-01-01 03:00:00,region1_2,csp,0.0
2005-01-01 03:00:00,region1_3,csp,0.0
2005-01-01 04:00:00,region1_1,csp,0.0
2005-01-01 04:00:00,region1_2,csp,0.0
2005-01-01 04:00:00,region1_3,csp,0.0
2005-01-01 05:00:00,region1_1,csp,0.0
2005-01-01 05:00:00,region1_2,csp,0.0
2005-01-01 05:00:00,region1_3,csp,0.0
2005-01-01 06:00:00,region1_1,csp,0.0
2005-01-01 06:00:00,region1_2,csp,0.0
2005-01-01 06:00:00,region1_3,csp,0.0
2005-01-01 07:00:00,region1_1,csp,0.02106
2005-01-01 07:00:00,region1_2,csp,0.009056
2005-01-01 07:00:00,region1_3,csp,0.0
2005-01-01 08:00:00,region1_1,csp,0.263805
2005-01-01 08:00:00,region1_2,csp,0.096755
2005-01-01 08:00:00,region1_3,csp,0.0
2005-01-01 09:00:00,region1_1,csp,0.434037
2005-01-01 09:00:00,region1_2,csp,0.245351
2005-01-01 09:00:00,region1_3,csp,0.026837
2005-01-01 10:00:00,region1_1,csp,0.5182769999999999
2005-01-01 10:00:00,region1_2,csp,0.120591
2005-01-01 10:00:00,region1_3,csp,0.1719119999999999
2005-01-01 11:00:00,region1_1,csp,0.5313979999999999
2005-01-01 11:00:00,region1_2,csp,0.044248
2005-01-01 11:00:00,region1_3,csp,0.270085
2005-01-01 12:00:00,region1_1,csp,0.5199640000000001
2005-01-01 12:00:00,region1_2,csp,0.020565
2005-01-01 12:00:00,region1_3,csp,0.295433
2005-01-01 13:00:00,region1_1,csp,0.451715
2005-01-01 13:00:00,region1_2,csp,0.0
2005-01-01 13:00:00,region1_3,csp,0.240853
2005-01-01 14:00:00,region1_1,csp,0.304444
2005-01-01 14:00:00,region1_2,csp,0.0
2005-01-01 14:00:00,region1_3,csp,0.1068089999999999
2005-01-01 15:00:00,region1_1,csp,0.062079
2005-01-01 15:00:00,region1_2,csp,0.0
2005-01-01 15:00:00,region1_3,csp,0.0
2005-01-01 16:00:00,region1_1,csp,0.0
2005-01-01 16:00:00,region1_2,csp,0.0
2005-01-01 16:00:00,region1_3,csp,0.0
2005-01-01 17:00:00,region1_1,csp,0.0
2005-01-01 17:00:00,region1_2,csp,0.0
2005-01-01 17:00:00,region1_3,csp,0.0
2005-01-01 18:00:00,region1_1,csp,0.0
2005-01-01 18:00:00,region1_2,csp,0.0
2005-01-01 18:00:00,region1_3,csp,0.0
2005-01-01 19:00:00,region1_1,csp,0.0
2005-01-01 19:00:00,region1_2,csp,0.0
2005-01-01 19:00:00,region1_3,csp,0.0
2005-01-01 20:00:00,region1_1,csp,0.0
2005-01-01 20:00:00,region1_2,csp,0.0
2005-01-01 20:00:00,region1_3,csp,0.0
2005-01-01 21:00:00,region1_1,csp,0.0
2005-01-01 21:00:00,region1_2,csp,0.0
2005-01-01 21:00:00,region1_3,csp,0.0
2005-01-01 22:00:00,region1_1,csp,0.0
2005-01-01 22:00:00,region1_2,csp,0.0
2005-01-01 22:00:00,region1_3,csp,0.0
2005-01-01 23:00:00,region1_1,csp,0.0
2005-01-01 23:00:00,region1_2,csp,0.0
2005-01-01 23:00:00,region1_3,csp,0.0
2005-01-02 00:00:00,region1_1,csp,0.0
2005-01-02 00:00:00,region1_2,csp,0.0
2005-01-02 00:00:00,region1_3,csp,0.0
2005-01-02 01:00:00,region1_1,csp,0.0
2005-01-02 01:00:00,region1_2,csp,0.0
2005-01-02 01:00:00,region1_3,csp,0.0
2005-01-02 02:00:00,region1_1,csp,0.0
2005-01-02 02:00:00,region1_2,csp,0.0
2005-01-02 02:00:00,region1_3,csp,0.0
2005-01-02 03:00:00,region1_1,csp,0.0
2005-01-02 03:00:00,region1_2,csp,0.0
2005-01-02 03:00:00,region1_3,csp,0.0
2005-01-02 04:00:00,region1_1,csp,0.0
2005-01-02 04:00:00,region1_2,csp,0.0
2005-01-02 04:00:00,region1_3,csp,0.0
2005-01-02 05:00:00,region1_1,csp,0.0
2005-01-02 05:00:00,region1_2,csp,0.0
2005-01-02 05:00:00,region1_3,csp,0.0
2005-01-02 06:00:00,region1_1,csp,0.0
2005-01-02 06:00:00,region1_2,csp,0.0
2005-01-02 06:00:00,region1_3,csp,0.0
2005-01-02 07:00:00,region1_1,csp,0.018766
2005-01-02 07:00:00,region1_2,csp,0.096031
2005-01-02 07:00:00,region1_3,csp,0.0
2005-01-02 08:00:00,region1_1,csp,0.257264
2005-01-02 08:00:00,region1_2,csp,0.144047
2005-01-02 08:00:00,region1_3,csp,0.0
2005-01-02 09:00:00,region1_1,csp,0.425005
2005-01-02 09:00:00,region1_2,csp,0.098728
2005-01-02 09:00:00,region1_3,csp,0.0
2005-01-02 10:00:00,region1_1,csp,0.510026
2005-01-02 10:00:00,region1_2,csp,0.0
2005-01-02 10:00:00,region1_3,csp,0.123588
2005-01-02 11:00:00,region1_1,csp,0.520726
2005-01-02 11:00:00,region1_2,csp,0.001851
2005-01-02 11:00:00,region1_3,csp,0.286832
2005-01-02 12:00:00,region1_1,csp,0.5140790000000001
2005-01-02 12:00:00,region1_2,csp,0.0
2005-01-02 12:00:00,region1_3,csp,0.285821
2005-01-02 13:00:00,region1_1,csp,0.44711
2005-01-02 13:00:00,region1_2,csp,0.0
2005-01-02 13:00:00,region1_3,csp,0.211211
2005-01-02 14:00:00,region1_1,csp,0.298619
2005-01-02 14:00:00,region1_2,csp,0.0
2005-01-02 14:00:00,region1_3,csp,0.113541
2005-01-02 15:00:00,region1_1,csp,0.064904
2005-01-02 15:00:00,region1_2,csp,0.0
2005-01-02 15:00:00,region1_3,csp,0.0
2005-01-02 16:00:00,region1_1,csp,0.0
2005-01-02 16:00:00,region1_2,csp,0.0
2005-01-02 16:00:00,region1_3,csp,0.0
2005-01-02 17:00:00,region1_1,csp,0.0
2005-01-02 17:00:00,region1_2,csp,0.0
2005-01-02 17:00:00,region1_3,csp,0.0
2005-01-02 18:00:00,region1_1,csp,0.0
2005-01-02 18:00:00,region1_2,csp,0.0
2005-01-02 18:00:00,region1_3,csp,0.0
2005-01-02 19:00:00,region1_1,csp,0.0
2005-01-02 19:00:00,region1_2,csp,0.0
2005-01-02 19:00:00,region1_3,csp,0.0
2005-01-02 20:00:00,region1_1,csp,0.0
2005-01-02 20:00:00,region1_2,csp,0.0
2005-01-02 20:00:00,region1_3,csp,0.0
2005-01-02 21:00:00,region1_1,csp,0.0
2005-01-02 21:00:00,region1_2,csp,0.0
2005-01-02 21:00:00,region1_3,csp,0.0
2005-01-02 22:00:00,region1_1,csp,0.0
2005-01-02 22:00:00,region1_2,csp,0.0
2005-01-02 22:00:00,region1_3,csp,0.0
2005-01-02 23:00:00,region1_1,csp,0.0
2005-01-02 23:00:00,region1_2,csp,0.0
2005-01-02 23:00:00,region1_3,csp,0.0
2005-01-03 00:00:00,region1_1,csp,0.0
2005-01-03 00:00:00,region1_2,csp,0.0
2005-01-03 00:00:00,region1_3,csp,0.0
2005-01-03 01:00:00,region1_1,csp,0.0
2005-01-03 01:00:00,region1_2,csp,0.0
2005-01-03 01:00:00,region1_3,csp,0.0
2005-01-03 02:00:00,region1_1,csp,0.0
2005-01-03 02:00:00,region1_2,csp,0.0
2005-01-03 02:00:00,region1_3,csp,0.0
2005-01-03 03:00:00,region1_1,csp,0.0
2005-01-03 03:00:00,region1_2,csp,0.0
2005-01-03 03:00:00,region1_3,csp,0.0
2005-01-03 04:00:00,region1_1,csp,0.0
2005-01-03 04:00:00,region1_2,csp,0.0
2005-01-03 04:00:00,region1_3,csp,0.0
2005-01-03 05:00:00,region1_1,csp,0.0
2005-01-03 05:00:00,region1_2,csp,0.0
2005-01-03 05:00:00,region1_3,csp,0.0
2005-01-03 06:00:00,region1_1,csp,0.0
2005-01-03 06:00:00,region1_2,csp,0.0
2005-01-03 06:00:00,region1_3,csp,0.0
2005-01-03 07:00:00,region1_1,csp,0.023159
2005-01-03 07:00:00,region1_2,csp,0.063446
2005-01-03 07:00:00,region1_3,csp,0.0
2005-01-03 08:00:00,region1_1,csp,0.263962
2005-01-03 08:00:00,region1_2,csp,0.2094239999999999
2005-01-03 08:00:00,region1_3,csp,0.0
2005-01-03 09:00:00,region1_1,csp,0.433093
2005-01-03 09:00:00,region1_2,csp,0.235748
2005-01-03 09:00:00,region1_3,csp,0.0272709999999999
2005-01-03 10:00:00,region1_1,csp,0.5173770000000001
2005-01-03 10:00:00,region1_2,csp,0.22675
2005-01-03 10:00:00,region1_3,csp,0.177088
2005-01-03 11:00:00,region1_1,csp,0.52825
2005-01-03 11:00:00,region1_2,csp,0.064664
2005-01-03 11:00:00,region1_3,csp,0.274942
2005-01-03 12:00:00,region1_1,csp,0.517085
2005-01-03 12:00:00,region1_2,csp,0.007796
2005-01-03 12:00:00,region1_3,csp,0.298652
2005-01-03 13:00:00,region1_1,csp,0.453117
2005-01-03 13:00:00,region1_2,csp,0.0
2005-01-03 13:00:00,region1_3,csp,0.242008
2005-01-03 14:00:00,region1_1,csp,0.3085489999999999
2005-01-03 14:00:00,region1_2,csp,0.0
2005-01-03 14:00:00,region1_3,csp,0.111134
2005-01-03 15:00:00,region1_1,csp,0.072015
2005-01-03 15:00:00,region1_2,csp,0.0
2005-01-03 15:00:00,region1_3,csp,0.0
2005-01-03 16:00:00,region1_1,csp,0.0
2005-01-03 16:00:00,region1_2,csp,0.0
2005-01-03 16:00:00,region1_3,csp,0.0
2005-01-03 17:00:00,region1_1,csp,0.0
2005-01-03 17:00:00,region1_2,csp,0.0
2005-01-03 17:00:00,region1_3,csp,0.0
2005-01-03 18:00:00,region1_1,csp,0.0
2005-01-03 18:00:00,region1_2,csp,0.0
2005-01-03 18:00:00,region1_3,csp,0.0
2005-01-03 19:00:00,region1_1,csp,0.0
2005-01-03 19:00:00,region1_2,csp,0.0
2005-01-03 19:00:00,region1_3,csp,0.0
2005-01-03 20:00:00,region1_1,csp,0.0
2005-01-03 20:00:00,region1_2,csp,0.0
2005-01-03 20:00:00,region1_3,csp,0.0
2005-01-03 21:00:00,region1_1,csp,0.0
2005-01-03 21:00:00,region1_2,csp,0.0
2005-01-03 21:00:00,region1_3,csp,0.0
2005-01-03 22:00:00,region1_1,csp,0.0
2005-01-03 22:00:00,region1_2,csp,0.0
2005-01-03 22:00:00,region1_3,csp,0.0
2005-01-03 23:00:00,region1_1,csp,0.0
2005-01-03 23:00:00,region1_2,csp,0.0
2005-01-03 23:00:00,region1_3,csp,0.0
2005-01-04 00:00:00,region1_1,csp,0.0
2005-01-04 00:00:00,region1_2,csp,0.0
2005-01-04 00:00:00,region1_3,csp,0.0
2005-01-04 01:00:00,region1_1,csp,0.0
2005-01-04 01:00:00,region1_2,csp,0.0
2005-01-04 01:00:00,region1_3,csp,0.0
2005-01-04 02:00:00,region1_1,csp,0.0
2005-01-04 02:00:00,region1_2,csp,0.0
2005-01-04 02:00:00,region1_3,csp,0.0
2005-01-04 03:00:00,region1_1,csp,0.0
2005-01-04 03:00:00,region1_2,csp,0.0
2005-01-04 03:00:00,region1_3,csp,0.0
2005-01-04 04:00:00,region1_1,csp,0.0
2005-01-04 04:00:00,region1_2,csp,0.0
2005-01-04 04:00:00,region1_3,csp,0.0
2005-01-04 05:00:00,region1_1,csp,0.0
2005-01-04 05:00:00,region1_2,csp,0.0
2005-01-04 05:00:00,region1_3,csp,0.0
2005-01-04 06:00:00,region1_1,csp,0.0
2005-01-04 06:00:00,region1_2,csp,0.0
2005-01-04 06:00:00,region1_3,csp,0.0
2005-01-04 07:00:00,region1_1,csp,0.019292
2005-01-04 07:00:00,region1_2,csp,0.092428
2005-01-04 07:00:00,region1_3,csp,0.0
2005-01-04 08:00:00,region1_1,csp,0.256401
2005-01-04 08:00:00,region1_2,csp,0.139391
2005-01-04 08:00:00,region1_3,csp,0.0
2005-01-04 09:00:00,region1_1,csp,0.41748
2005-01-04 09:00:00,region1_2,csp,0.196698
2005-01-04 09:00:00,region1_3,csp,0.0
2005-01-04 10:00:00,region1_1,csp,0.512304
2005-01-04 10:00:00,region1_2,csp,0.141624
2005-01-04 10:00:00,region1_3,csp,0.03146
2005-01-04 11:00:00,region1_1,csp,0.52147
2005-01-04 11:00:00,region1_2,csp,0.0
2005-01-04 11:00:00,region1_3,csp,0.16852
2005-01-04 12:00:00,region1_1,csp,0.515514
2005-01-04 12:00:00,region1_2,csp,0.0
2005-01-04 12:00:00,region1_3,csp,0.258951
2005-01-04 13:00:00,region1_1,csp,0.431111
2005-01-04 13:00:00,region1_2,csp,0.0
2005-01-04 13:00:00,region1_3,csp,0.247533
2005-01-04 14:00:00,region1_1,csp,0.292485
2005-01-04 14:00:00,region1_2,csp,0.0
2005-01-04 14:00:00,region1_3,csp,0.11934
2005-01-04 15:00:00,region1_1,csp,0.073923
2005-01-04 15:00:00,region1_2,csp,0.0
2005-01-04 15:00:00,region1_3,csp,0.0
2005-01-04 16:00:00,region1_1,csp,0.0
2005-01-04 16:00:00,region1_2,csp,0.0
2005-01-04 16:00:00,region1_3,csp,0.0
2005-01-04 17:00:00,region1_1,csp,0.0
2005-01-04 17:00:00,region1_2,csp,0.0
2005-01-04 17:00:00,region1_3,csp,0.0
2005-01-04 18:00:00,region1_1,csp,0.0
2005-01-04 18:00:00,region1_2,csp,0.0
2005-01-04 18:00:00,region1_3,csp,0.0
2005-01-04 19:00:00,region1_1,csp,0.0
2005-01-04 19:00:00,region1_2,csp,0.0
2005-01-04 19:00:00,region1_3,csp,0.0
2005-01-04 20:00:00,region1_1,csp,0.0
2005-01-04 20:00:00,region1_2,csp,0.0
2005-01-04 20:00:00,region1_3,csp,0.0
2005-01-04 21:00:00,region1_1,csp,0.0
2005-01-04 21:00:00,region1_2,csp,0.0
2005-01-04 21:00:00,region1_3,csp,0.0
2005-01-04 22:00:00,region1_1,csp,0.0
2005-01-04 22:00:00,region1_2,csp,0.0
2005-01-04 22:00:00,region1_3,csp,0.0
2005-01-04 23:00:00,region1_1,csp,0.0
2005-01-04 23:00:00,region1_2,csp,0.0
2005-01-04 23:00:00,region1_3,csp,0.0
2005-01-05 00:00:00,region1_1,csp,0.0
2005-01-05 00:00:00,region1_2,csp,0.0
2005-01-05 00:00:00,region1_3,csp,0.0
2005-01-05 01:00:00,region1_1,csp,0.0
2005-01-05 01:00:00,region1_2,csp,0.0
2005-01-05 01:00:00,region1_3,csp,0.0
2005-01-05 02:00:00,region1_1,csp,0.0
2005-01-05 02:00:00,region1_2,csp,0.0
2005-01-05 02:00:00,region1_3,csp,0.0
2005-01-05 03:00:00,region1_1,csp,0.0
2005-01-05 03:00:00,region1_2,csp,0.0
2005-01-05 03:00:00,region1_3,csp,0.0
2005-01-05 04:00:00,region1_1,csp,0.0
2005-01-05 04:00:00,region1_2,csp,0.0
2005-01-05 04:00:00,region1_3,csp,0.0
2005-01-05 05:00:00,region1_1,csp,0.0
2005-01-05 05:00:00,region1_2,csp,0.0
2005-01-05 05:00:00,region1_3,csp,0.0
2005-01-05 06:00:00,region1_1,csp,0.0
2005-01-05 06:00:00,region1_2,csp,0.0
2005-01-05 06:00:00,region1_3,csp,0.0
2005-01-05 07:00:00,region1_1,csp,0.009743
2005-01-05 07:00:00,region1_2,csp,0.018872
2005-01-05 07:00:00,region1_3,csp,0.0
2005-01-05 08:00:00,region1_1,csp,0.273005
2005-01-05 08:00:00,region1_2,csp,0.230971
2005-01-05 08:00:00,region1_3,csp,0.0
2005-01-05 09:00:00,region1_1,csp,0.400302
2005-01-05 09:00:00,region1_2,csp,0.335587
2005-01-05 09:00:00,region1_3,csp,0.0
2005-01-05 10:00:00,region1_1,csp,0.520466
2005-01-05 10:00:00,region1_2,csp,0.199944
2005-01-05 10:00:00,region1_3,csp,0.01461
2005-01-05 11:00:00,region1_1,csp,0.541957
2005-01-05 11:00:00,region1_2,csp,0.0
2005-01-05 11:00:00,region1_3,csp,0.119052
2005-01-05 12:00:00,region1_1,csp,0.511193
2005-01-05 12:00:00,region1_2,csp,0.0
2005-01-05 12:00:00,region1_3,csp,0.243513
2005-01-05 13:00:00,region1_1,csp,0.455852
2005-01-05 13:00:00,region1_2,csp,0.0
2005-01-05 13:00:00,region1_3,csp,0.250214
2005-01-05 14:00:00,region1_1,csp,0.322062
2005-01-05 14:00:00,region1_2,csp,0.0
2005-01-05 14:00:00,region1_3,csp,0.118691
2005-01-05 15:00:00,region1_1,csp,0.07927
2005-01-05 15:00:00,region1_2,csp,0.0
2005-01-05 15:00:00,region1_3,csp,0.0
2005-01-05 16:00:00,region1_1,csp,0.0
2005-01-05 16:00:00,region1_2,csp,0.0
2005-01-05 16:00:00,region1_3,csp,0.0
2005-01-05 17:00:00,region1_1,csp,0.0
2005-01-05 17:00:00,region1_2,csp,0.0
2005-01-05 17:00:00,region1_3,csp,0.0
2005-01-05 18:00:00,region1_1,csp,0.0
2005-01-05 18:00:00,region1_2,csp,0.0
2005-01-05 18:00:00,region1_3,csp,0.0
2005-01-05 19:00:00,region1_1,csp,0.0
2005-01-05 19:00:00,region1_2,csp,0.0
2005-01-05 19:00:00,region1_3,csp,0.0
2005-01-05 20:00:00,region1_1,csp,0.0
2005-01-05 20:00:00,region1_2,csp,0.0
2005-01-05 20:00:00,region1_3,csp,0.0
2005-01-05 21:00:00,region1_1,csp,0.0
2005-01-05 21:00:00,region1_2,csp,0.0
2005-01-05 21:00:00,region1_3,csp,0.0
2005-01-05 22:00:00,region1_1,csp,0.0
2005-01-05 22:00:00,region1_2,csp,0.0
2005-01-05 22:00:00,region1_3,csp,0.0
2005-01-05 23:00:00,region1_1,csp,0.0
2005-01-05 23:00:00,region1_2,csp,0.0
2005-01-05 23:00:00,region1_3,csp,0.0
