nodes,techs,carriers,timesteps,capacity_factor
region1,ccgt,power,2005-01-01 00:00:00,0.931212
region1,ccgt,power,2005-01-01 01:00:00,0.8964890999999999
region1,ccgt,power,2005-01-01 02:00:00,0.8729890666666666
region1,ccgt,power,2005-01-01 03:00:00,0.8543424333333334
region1,ccgt,power,2005-01-01 04:00:00,0.8558349666666666
region1,ccgt,power,2005-01-01 05:00:00,0.8746243
region1,ccgt,power,2005-01-01 06:00:00,0.8989461333333333
region1,ccgt,power,2005-01-01 07:00:00,0.8987179333333334
region1,ccgt,power,2005-01-01 08:00:00,0.6661056000000001
region1,ccgt,power,2005-01-01 09:00:00,0.6921141333333333
region1,ccgt,power,2005-01-01 10:00:00,0.6980461333333333
region1,ccgt,power,2005-01-01 11:00:00,0.6948770666666667
region1,ccgt,power,2005-01-01 12:00:00,0.6964555
region1,ccgt,power,2005-01-01 13:00:00,0.7062168333333334
region1,ccgt,power,2005-01-01 14:00:00,0.7470991333333333
region1,ccgt,power,2005-01-01 15:00:00,0.8132248333333333
region1,ccgt,power,2005-01-01 16:00:00,0.8614531
region1,ccgt,power,2005-01-01 17:00:00,0.8731917666666666
region1,ccgt,power,2005-01-01 18:00:00,0.8456755
region1,ccgt,power,2005-01-01 19:00:00,0.8153309666666667
region1,ccgt,power,2005-01-01 20:00:00,0.775048
region1,ccgt,power,2005-01-01 21:00:00,0.7133888
region1,ccgt,power,2005-01-01 22:00:00,0.7267443333333334
region1,ccgt,power,2005-01-01 23:00:00,0.9250256
region1,ccgt,power,2005-01-02 00:00:00,0.9055932
region1,ccgt,power,2005-01-02 01:00:00,0.9124787
region1,ccgt,power,2005-01-02 02:00:00,0.9156077666666667
region1,ccgt,power,2005-01-02 03:00:00,0.9357400333333333
region1,ccgt,power,2005-01-02 04:00:00,1.0
region1,ccgt,power,2005-01-02 05:00:00,1.0
region1,ccgt,power,2005-01-02 06:00:00,1.0
region1,ccgt,power,2005-01-02 07:00:00,1.0
region1,ccgt,power,2005-01-02 08:00:00,0.9066589666666667
region1,ccgt,power,2005-01-02 09:00:00,0.9264323
region1,ccgt,power,2005-01-02 10:00:00,0.9255325666666666
region1,ccgt,power,2005-01-02 11:00:00,0.9195400333333333
region1,ccgt,power,2005-01-02 12:00:00,0.9154872333333333
region1,ccgt,power,2005-01-02 13:00:00,0.9252157666666667
region1,ccgt,power,2005-01-02 14:00:00,0.9568445666666666
region1,ccgt,power,2005-01-02 15:00:00,0.9999896333333332
region1,ccgt,power,2005-01-02 16:00:00,1.0
region1,ccgt,power,2005-01-02 17:00:00,1.0
region1,ccgt,power,2005-01-02 18:00:00,0.9853624333333333
region1,ccgt,power,2005-01-02 19:00:00,0.9340573666666667
region1,ccgt,power,2005-01-02 20:00:00,1.0
region1,ccgt,power,2005-01-02 21:00:00,1.0
region1,ccgt,power,2005-01-02 22:00:00,1.0
region1,ccgt,power,2005-01-02 23:00:00,1.0
region1,ccgt,power,2005-01-03 00:00:00,0.9878627000000001
region1,ccgt,power,2005-01-03 01:00:00,0.9792861666666667
region1,ccgt,power,2005-01-03 02:00:00,0.9824813666666666
region1,ccgt,power,2005-01-03 03:00:00,1.0
region1,ccgt,power,2005-01-03 04:00:00,1.0
region1,ccgt,power,2005-01-03 05:00:00,1.0
region1,ccgt,power,2005-01-03 06:00:00,1.0
region1,ccgt,power,2005-01-03 07:00:00,1.0
region1,ccgt,power,2005-01-03 08:00:00,1.0
region1,ccgt,power,2005-01-03 09:00:00,1.0
region1,ccgt,power,2005-01-03 10:00:00,1.0
region1,ccgt,power,2005-01-03 11:00:00,1.0
region1,ccgt,power,2005-01-03 12:00:00,1.0
region1,ccgt,power,2005-01-03 13:00:00,1.0
region1,ccgt,power,2005-01-03 14:00:00,1.0
region1,ccgt,power,2005-01-03 15:00:00,1.0
region1,ccgt,power,2005-01-03 16:00:00,1.0
region1,ccgt,power,2005-01-03 17:00:00,1.0
region1,ccgt,power,2005-01-03 18:00:00,1.0
region1,ccgt,power,2005-01-03 19:00:00,1.0
region1,ccgt,power,2005-01-03 20:00:00,1.0
region1,ccgt,power,2005-01-03 21:00:00,1.0
region1,ccgt,power,2005-01-03 22:00:00,1.0
region1,ccgt,power,2005-01-03 23:00:00,1.0
region1,ccgt,power,2005-01-04 00:00:00,1.0
region1,ccgt,power,2005-01-04 01:00:00,0.9990792333333334
region1,ccgt,power,2005-01-04 02:00:00,1.0
region1,ccgt,power,2005-01-04 03:00:00,1.0
region1,ccgt,power,2005-01-04 04:00:00,1.0
region1,ccgt,power,2005-01-04 05:00:00,1.0
region1,ccgt,power,2005-01-04 06:00:00,1.0
region1,ccgt,power,2005-01-04 07:00:00,1.0
region1,ccgt,power,2005-01-04 08:00:00,1.0
region1,ccgt,power,2005-01-04 09:00:00,1.0
region1,ccgt,power,2005-01-04 10:00:00,1.0
region1,ccgt,power,2005-01-04 11:00:00,1.0
region1,ccgt,power,2005-01-04 12:00:00,1.0
region1,ccgt,power,2005-01-04 13:00:00,1.0
region1,ccgt,power,2005-01-04 14:00:00,1.0
region1,ccgt,power,2005-01-04 15:00:00,1.0
region1,ccgt,power,2005-01-04 16:00:00,1.0
region1,ccgt,power,2005-01-04 17:00:00,1.0
region1,ccgt,power,2005-01-04 18:00:00,1.0
region1,ccgt,power,2005-01-04 19:00:00,1.0
region1,ccgt,power,2005-01-04 20:00:00,1.0
region1,ccgt,power,2005-01-04 21:00:00,1.0
region1,ccgt,power,2005-01-04 22:00:00,1.0
region1,ccgt,power,2005-01-04 23:00:00,1.0
region1,ccgt,power,2005-01-05 00:00:00,1.0
region1,ccgt,power,2005-01-05 01:00:00,1.0
region1,ccgt,power,2005-01-05 02:00:00,1.0
region1,ccgt,power,2005-01-05 03:00:00,1.0
region1,ccgt,power,2005-01-05 04:00:00,1.0
region1,ccgt,power,2005-01-05 05:00:00,1.0
region1,ccgt,power,2005-01-05 06:00:00,1.0
region1,ccgt,power,2005-01-05 07:00:00,1.0
region1,ccgt,power,2005-01-05 08:00:00,1.0
region1,ccgt,power,2005-01-05 09:00:00,1.0
region1,ccgt,power,2005-01-05 10:00:00,1.0
region1,ccgt,power,2005-01-05 11:00:00,1.0
region1,ccgt,power,2005-01-05 12:00:00,1.0
region1,ccgt,power,2005-01-05 13:00:00,1.0
region1,ccgt,power,2005-01-05 14:00:00,1.0
region1,ccgt,power,2005-01-05 15:00:00,1.0
region1,ccgt,power,2005-01-05 16:00:00,1.0
region1,ccgt,power,2005-01-05 17:00:00,1.0
region1,ccgt,power,2005-01-05 18:00:00,1.0
region1,ccgt,power,2005-01-05 19:00:00,0.9853768333333334
region1,ccgt,power,2005-01-05 20:00:00,0.9236426666666666
region1,ccgt,power,2005-01-05 21:00:00,0.8411376
region1,ccgt,power,2005-01-05 22:00:00,0.7680834666666667
region1,ccgt,power,2005-01-05 23:00:00,0.7611510333333333
region1,region1_to_region1_1,power,2005-01-01 00:00:00,0.0
region1,region1_to_region1_1,power,2005-01-01 01:00:00,0.0
region1,region1_to_region1_1,power,2005-01-01 02:00:00,0.0
region1,region1_to_region1_1,power,2005-01-01 03:00:00,0.0
region1,region1_to_region1_1,power,2005-01-01 04:00:00,0.0
region1,region1_to_region1_1,power,2005-01-01 05:00:00,0.0
region1,region1_to_region1_1,power,2005-01-01 06:00:00,0.0
region1,region1_to_region1_1,power,2005-01-01 07:00:00,0.10983631333333334
region1,region1_to_region1_1,power,2005-01-01 08:00:00,1.0
region1,region1_to_region1_1,power,2005-01-01 09:00:00,1.0
region1,region1_to_region1_1,power,2005-01-01 10:00:00,1.0
region1,region1_to_region1_1,power,2005-01-01 11:00:00,1.0
region1,region1_to_region1_1,power,2005-01-01 12:00:00,1.0
region1,region1_to_region1_1,power,2005-01-01 13:00:00,1.0
region1,region1_to_region1_1,power,2005-01-01 14:00:00,1.0
region1,region1_to_region1_1,power,2005-01-01 15:00:00,1.0
region1,region1_to_region1_1,power,2005-01-01 16:00:00,1.0
region1,region1_to_region1_1,power,2005-01-01 17:00:00,1.0
region1,region1_to_region1_1,power,2005-01-01 18:00:00,1.0
region1,region1_to_region1_1,power,2005-01-01 19:00:00,1.0
region1,region1_to_region1_1,power,2005-01-01 20:00:00,1.0
region1,region1_to_region1_1,power,2005-01-01 21:00:00,1.0
region1,region1_to_region1_1,power,2005-01-01 22:00:00,0.7612424666666667
region1,region1_to_region1_1,power,2005-01-01 23:00:00,0.0
region1,region1_to_region1_1,power,2005-01-02 00:00:00,0.0
region1,region1_to_region1_1,power,2005-01-02 01:00:00,0.0
region1,region1_to_region1_1,power,2005-01-02 02:00:00,0.0
region1,region1_to_region1_1,power,2005-01-02 03:00:00,0.0
region1,region1_to_region1_1,power,2005-01-02 04:00:00,0.0
region1,region1_to_region1_1,power,2005-01-02 05:00:00,0.20544993333333333
region1,region1_to_region1_1,power,2005-01-02 06:00:00,0.4073332777777778
region1,region1_to_region1_1,power,2005-01-02 07:00:00,0.5435982777777778
region1,region1_to_region1_1,power,2005-01-02 08:00:00,1.0
region1,region1_to_region1_1,power,2005-01-02 09:00:00,1.0
region1,region1_to_region1_1,power,2005-01-02 10:00:00,1.0
region1,region1_to_region1_1,power,2005-01-02 11:00:00,1.0
region1,region1_to_region1_1,power,2005-01-02 12:00:00,1.0
region1,region1_to_region1_1,power,2005-01-02 13:00:00,1.0
region1,region1_to_region1_1,power,2005-01-02 14:00:00,1.0
region1,region1_to_region1_1,power,2005-01-02 15:00:00,1.0
region1,region1_to_region1_1,power,2005-01-02 16:00:00,1.0
region1,region1_to_region1_1,power,2005-01-02 17:00:00,1.0
region1,region1_to_region1_1,power,2005-01-02 18:00:00,1.0
region1,region1_to_region1_1,power,2005-01-02 19:00:00,1.0
region1,region1_to_region1_1,power,2005-01-02 20:00:00,0.5878915
region1,region1_to_region1_1,power,2005-01-02 21:00:00,0.3266435555555555
region1,region1_to_region1_1,power,2005-01-02 22:00:00,0.09927555555555556
region1,region1_to_region1_1,power,2005-01-02 23:00:00,0.0
region1,region1_to_region1_1,power,2005-01-03 00:00:00,0.0
region1,region1_to_region1_1,power,2005-01-03 01:00:00,0.0
region1,region1_to_region1_1,power,2005-01-03 02:00:00,0.0
region1,region1_to_region1_1,power,2005-01-03 03:00:00,0.0
region1,region1_to_region1_1,power,2005-01-03 04:00:00,0.1785823777777778
region1,region1_to_region1_1,power,2005-01-03 05:00:00,0.4967761555555555
region1,region1_to_region1_1,power,2005-01-03 06:00:00,0.7143839444444444
region1,region1_to_region1_1,power,2005-01-03 07:00:00,0.8323787222222222
region1,region1_to_region1_1,power,2005-01-03 08:00:00,0.904608
region1,region1_to_region1_1,power,2005-01-03 09:00:00,0.937344
region1,region1_to_region1_1,power,2005-01-03 10:00:00,0.9080790555555556
region1,region1_to_region1_1,power,2005-01-03 11:00:00,0.8739528333333333
region1,region1_to_region1_1,power,2005-01-03 12:00:00,0.8572552666666667
region1,region1_to_region1_1,power,2005-01-03 13:00:00,0.8899174333333334
region1,region1_to_region1_1,power,2005-01-03 14:00:00,0.9918133888888888
region1,region1_to_region1_1,power,2005-01-03 15:00:00,1.0
region1,region1_to_region1_1,power,2005-01-03 16:00:00,1.0
region1,region1_to_region1_1,power,2005-01-03 17:00:00,1.0
region1,region1_to_region1_1,power,2005-01-03 18:00:00,1.0
region1,region1_to_region1_1,power,2005-01-03 19:00:00,0.8981378777777778
region1,region1_to_region1_1,power,2005-01-03 20:00:00,0.7015743222222222
region1,region1_to_region1_1,power,2005-01-03 21:00:00,0.45170765555555553
region1,region1_to_region1_1,power,2005-01-03 22:00:00,0.24467654444444448
region1,region1_to_region1_1,power,2005-01-03 23:00:00,0.1102125488888889
region1,region1_to_region1_1,power,2005-01-04 00:00:00,0.029487215555555554
region1,region1_to_region1_1,power,2005-01-04 01:00:00,0.0
region1,region1_to_region1_1,power,2005-01-04 02:00:00,0.010600104555555556
region1,region1_to_region1_1,power,2005-01-04 03:00:00,0.0714747711111111
region1,region1_to_region1_1,power,2005-01-04 04:00:00,0.2866457666666667
region1,region1_to_region1_1,power,2005-01-04 05:00:00,0.5654374888888889
region1,region1_to_region1_1,power,2005-01-04 06:00:00,0.7863626111111112
region1,region1_to_region1_1,power,2005-01-04 07:00:00,0.9011751666666666
region1,region1_to_region1_1,power,2005-01-04 08:00:00,0.9696142222222223
region1,region1_to_region1_1,power,2005-01-04 09:00:00,1.0
region1,region1_to_region1_1,power,2005-01-04 10:00:00,0.9838347666666666
region1,region1_to_region1_1,power,2005-01-04 11:00:00,0.9484239444444446
region1,region1_to_region1_1,power,2005-01-04 12:00:00,0.9338490444444445
region1,region1_to_region1_1,power,2005-01-04 13:00:00,0.9542001
region1,region1_to_region1_1,power,2005-01-04 14:00:00,1.0
region1,region1_to_region1_1,power,2005-01-04 15:00:00,1.0
region1,region1_to_region1_1,power,2005-01-04 16:00:00,1.0
region1,region1_to_region1_1,power,2005-01-04 17:00:00,1.0
region1,region1_to_region1_1,power,2005-01-04 18:00:00,1.0
region1,region1_to_region1_1,power,2005-01-04 19:00:00,0.9549556555555555
region1,region1_to_region1_1,power,2005-01-04 20:00:00,0.7638978777777777
region1,region1_to_region1_1,power,2005-01-04 21:00:00,0.5039903222222223
region1,region1_to_region1_1,power,2005-01-04 22:00:00,0.28823387777777776
region1,region1_to_region1_1,power,2005-01-04 23:00:00,0.14606854444444445
region1,region1_to_region1_1,power,2005-01-05 00:00:00,0.06713343777777778
region1,region1_to_region1_1,power,2005-01-05 01:00:00,0.03735388222222222
region1,region1_to_region1_1,power,2005-01-05 02:00:00,0.050696104444444445
region1,region1_to_region1_1,power,2005-01-05 03:00:00,0.11597610000000001
region1,region1_to_region1_1,power,2005-01-05 04:00:00,0.36728276666666665
region1,region1_to_region1_1,power,2005-01-05 05:00:00,0.6900626111111111
region1,region1_to_region1_1,power,2005-01-05 06:00:00,0.8472692777777777
region1,region1_to_region1_1,power,2005-01-05 07:00:00,0.9621369444444444
region1,region1_to_region1_1,power,2005-01-05 08:00:00,1.0
region1,region1_to_region1_1,power,2005-01-05 09:00:00,1.0
region1,region1_to_region1_1,power,2005-01-05 10:00:00,1.0
region1,region1_to_region1_1,power,2005-01-05 11:00:00,1.0
region1,region1_to_region1_1,power,2005-01-05 12:00:00,1.0
region1,region1_to_region1_1,power,2005-01-05 13:00:00,1.0
region1,region1_to_region1_1,power,2005-01-05 14:00:00,1.0
region1,region1_to_region1_1,power,2005-01-05 15:00:00,1.0
region1,region1_to_region1_1,power,2005-01-05 16:00:00,1.0
region1,region1_to_region1_1,power,2005-01-05 17:00:00,1.0
region1,region1_to_region1_1,power,2005-01-05 18:00:00,1.0
region1,region1_to_region1_1,power,2005-01-05 19:00:00,1.0
region1,region1_to_region1_1,power,2005-01-05 20:00:00,1.0
region1,region1_to_region1_1,power,2005-01-05 21:00:00,1.0
region1,region1_to_region1_1,power,2005-01-05 22:00:00,1.0
region1,region1_to_region1_1,power,2005-01-05 23:00:00,0.8887214888888889
region1,region1_to_region1_3,power,2005-01-01 00:00:00,0.0
region1,region1_to_region1_3,power,2005-01-01 01:00:00,0.0
region1,region1_to_region1_3,power,2005-01-01 02:00:00,0.0
region1,region1_to_region1_3,power,2005-01-01 03:00:00,0.0
region1,region1_to_region1_3,power,2005-01-01 04:00:00,0.0
region1,region1_to_region1_3,power,2005-01-01 05:00:00,0.0
region1,region1_to_region1_3,power,2005-01-01 06:00:00,0.0
region1,region1_to_region1_3,power,2005-01-01 07:00:00,0.0
region1,region1_to_region1_3,power,2005-01-01 08:00:00,0.0
region1,region1_to_region1_3,power,2005-01-01 09:00:00,0.0
region1,region1_to_region1_3,power,2005-01-01 10:00:00,0.0
region1,region1_to_region1_3,power,2005-01-01 11:00:00,0.0
region1,region1_to_region1_3,power,2005-01-01 12:00:00,0.0
region1,region1_to_region1_3,power,2005-01-01 13:00:00,0.0
region1,region1_to_region1_3,power,2005-01-01 14:00:00,0.0
region1,region1_to_region1_3,power,2005-01-01 15:00:00,0.0
region1,region1_to_region1_3,power,2005-01-01 16:00:00,0.0
region1,region1_to_region1_3,power,2005-01-01 17:00:00,0.0
region1,region1_to_region1_3,power,2005-01-01 18:00:00,0.0
region1,region1_to_region1_3,power,2005-01-01 19:00:00,0.0
region1,region1_to_region1_3,power,2005-01-01 20:00:00,0.0
region1,region1_to_region1_3,power,2005-01-01 21:00:00,0.0
region1,region1_to_region1_3,power,2005-01-01 22:00:00,0.0
region1,region1_to_region1_3,power,2005-01-01 23:00:00,0.0
region1,region1_to_region1_3,power,2005-01-02 00:00:00,0.0
region1,region1_to_region1_3,power,2005-01-02 01:00:00,0.0
region1,region1_to_region1_3,power,2005-01-02 02:00:00,0.0
region1,region1_to_region1_3,power,2005-01-02 03:00:00,0.0
region1,region1_to_region1_3,power,2005-01-02 04:00:00,0.0
region1,region1_to_region1_3,power,2005-01-02 05:00:00,0.0
region1,region1_to_region1_3,power,2005-01-02 06:00:00,0.0
region1,region1_to_region1_3,power,2005-01-02 07:00:00,0.0
region1,region1_to_region1_3,power,2005-01-02 08:00:00,0.0
region1,region1_to_region1_3,power,2005-01-02 09:00:00,0.0
region1,region1_to_region1_3,power,2005-01-02 10:00:00,0.0
region1,region1_to_region1_3,power,2005-01-02 11:00:00,0.0
region1,region1_to_region1_3,power,2005-01-02 12:00:00,0.0
region1,region1_to_region1_3,power,2005-01-02 13:00:00,0.0
region1,region1_to_region1_3,power,2005-01-02 14:00:00,0.0
region1,region1_to_region1_3,power,2005-01-02 15:00:00,0.0
region1,region1_to_region1_3,power,2005-01-02 16:00:00,0.029069589493602815
region1,region1_to_region1_3,power,2005-01-02 17:00:00,0.016078599679115714
region1,region1_to_region1_3,power,2005-01-02 18:00:00,0.0
region1,region1_to_region1_3,power,2005-01-02 19:00:00,0.0
region1,region1_to_region1_3,power,2005-01-02 20:00:00,0.0
region1,region1_to_region1_3,power,2005-01-02 21:00:00,0.0
region1,region1_to_region1_3,power,2005-01-02 22:00:00,0.0
region1,region1_to_region1_3,power,2005-01-02 23:00:00,0.0
region1,region1_to_region1_3,power,2005-01-03 00:00:00,0.0
region1,region1_to_region1_3,power,2005-01-03 01:00:00,0.0
region1,region1_to_region1_3,power,2005-01-03 02:00:00,0.0
region1,region1_to_region1_3,power,2005-01-03 03:00:00,0.0
region1,region1_to_region1_3,power,2005-01-03 04:00:00,0.0
region1,region1_to_region1_3,power,2005-01-03 05:00:00,0.0
region1,region1_to_region1_3,power,2005-01-03 06:00:00,0.0
region1,region1_to_region1_3,power,2005-01-03 07:00:00,0.0
region1,region1_to_region1_3,power,2005-01-03 08:00:00,0.0
region1,region1_to_region1_3,power,2005-01-03 09:00:00,0.0
region1,region1_to_region1_3,power,2005-01-03 10:00:00,0.0
region1,region1_to_region1_3,power,2005-01-03 11:00:00,0.0
region1,region1_to_region1_3,power,2005-01-03 12:00:00,0.0
region1,region1_to_region1_3,power,2005-01-03 13:00:00,0.0
region1,region1_to_region1_3,power,2005-01-03 14:00:00,0.0
region1,region1_to_region1_3,power,2005-01-03 15:00:00,0.0952722124794755
region1,region1_to_region1_3,power,2005-01-03 16:00:00,0.751761313732031
region1,region1_to_region1_3,power,2005-01-03 17:00:00,0.6144053951570214
region1,region1_to_region1_3,power,2005-01-03 18:00:00,0.0
region1,region1_to_region1_3,power,2005-01-03 19:00:00,0.0
region1,region1_to_region1_3,power,2005-01-03 20:00:00,0.0
region1,region1_to_region1_3,power,2005-01-03 21:00:00,0.0
region1,region1_to_region1_3,power,2005-01-03 22:00:00,0.0
region1,region1_to_region1_3,power,2005-01-03 23:00:00,0.0
region1,region1_to_region1_3,power,2005-01-04 00:00:00,0.0
region1,region1_to_region1_3,power,2005-01-04 01:00:00,0.0
region1,region1_to_region1_3,power,2005-01-04 02:00:00,0.0
region1,region1_to_region1_3,power,2005-01-04 03:00:00,0.0
region1,region1_to_region1_3,power,2005-01-04 04:00:00,0.0
region1,region1_to_region1_3,power,2005-01-04 05:00:00,0.0
region1,region1_to_region1_3,power,2005-01-04 06:00:00,0.0
region1,region1_to_region1_3,power,2005-01-04 07:00:00,0.0
region1,region1_to_region1_3,power,2005-01-04 08:00:00,0.0
region1,region1_to_region1_3,power,2005-01-04 09:00:00,0.0
region1,region1_to_region1_3,power,2005-01-04 10:00:00,0.0
region1,region1_to_region1_3,power,2005-01-04 11:00:00,0.0
region1,region1_to_region1_3,power,2005-01-04 12:00:00,0.0
region1,region1_to_region1_3,power,2005-01-04 13:00:00,0.0
region1,region1_to_region1_3,power,2005-01-04 14:00:00,0.0
region1,region1_to_region1_3,power,2005-01-04 15:00:00,0.29043917961429244
region1,region1_to_region1_3,power,2005-01-04 16:00:00,0.9686228545791306
region1,region1_to_region1_3,power,2005-01-04 17:00:00,0.8479588476669672
region1,region1_to_region1_3,power,2005-01-04 18:00:00,0.07071558370888013
region1,region1_to_region1_3,power,2005-01-04 19:00:00,0.0
region1,region1_to_region1_3,power,2005-01-04 20:00:00,0.0
region1,region1_to_region1_3,power,2005-01-04 21:00:00,0.0
region1,region1_to_region1_3,power,2005-01-04 22:00:00,0.0
region1,region1_to_region1_3,power,2005-01-04 23:00:00,0.0
region1,region1_to_region1_3,power,2005-01-05 00:00:00,0.0
region1,region1_to_region1_3,power,2005-01-05 01:00:00,0.0
region1,region1_to_region1_3,power,2005-01-05 02:00:00,0.0
region1,region1_to_region1_3,power,2005-01-05 03:00:00,0.0
region1,region1_to_region1_3,power,2005-01-05 04:00:00,0.0
region1,region1_to_region1_3,power,2005-01-05 05:00:00,0.0
region1,region1_to_region1_3,power,2005-01-05 06:00:00,0.0
region1,region1_to_region1_3,power,2005-01-05 07:00:00,0.0
region1,region1_to_region1_3,power,2005-01-05 08:00:00,0.0
region1,region1_to_region1_3,power,2005-01-05 09:00:00,0.0
region1,region1_to_region1_3,power,2005-01-05 10:00:00,0.0
region1,region1_to_region1_3,power,2005-01-05 11:00:00,0.0
region1,region1_to_region1_3,power,2005-01-05 12:00:00,0.0
region1,region1_to_region1_3,power,2005-01-05 13:00:00,0.0
region1,region1_to_region1_3,power,2005-01-05 14:00:00,0.0
region1,region1_to_region1_3,power,2005-01-05 15:00:00,0.4032692054445697
region1,region1_to_region1_3,power,2005-01-05 16:00:00,1.0
region1,region1_to_region1_3,power,2005-01-05 17:00:00,0.8023455152919512
region1,region1_to_region1_3,power,2005-01-05 18:00:00,0.040790825798387886
region1,region1_to_region1_3,power,2005-01-05 19:00:00,0.0
region1,region1_to_region1_3,power,2005-01-05 20:00:00,0.0
region1,region1_to_region1_3,power,2005-01-05 21:00:00,0.0
region1,region1_to_region1_3,power,2005-01-05 22:00:00,0.0
region1,region1_to_region1_3,power,2005-01-05 23:00:00,0.0
region1,region1_to_region2,power,2005-01-01 00:00:00,0.0
region1,region1_to_region2,power,2005-01-01 01:00:00,0.0
region1,region1_to_region2,power,2005-01-01 02:00:00,0.0
region1,region1_to_region2,power,2005-01-01 03:00:00,0.0
region1,region1_to_region2,power,2005-01-01 04:00:00,0.0
region1,region1_to_region2,power,2005-01-01 05:00:00,0.0
region1,region1_to_region2,power,2005-01-01 06:00:00,0.0
region1,region1_to_region2,power,2005-01-01 07:00:00,0.0
region1,region1_to_region2,power,2005-01-01 08:00:00,0.0
region1,region1_to_region2,power,2005-01-01 09:00:00,0.0
region1,region1_to_region2,power,2005-01-01 10:00:00,0.0
region1,region1_to_region2,power,2005-01-01 11:00:00,0.0
region1,region1_to_region2,power,2005-01-01 12:00:00,0.0
region1,region1_to_region2,power,2005-01-01 13:00:00,0.0
region1,region1_to_region2,power,2005-01-01 14:00:00,0.0
region1,region1_to_region2,power,2005-01-01 15:00:00,0.0
region1,region1_to_region2,power,2005-01-01 16:00:00,0.0
region1,region1_to_region2,power,2005-01-01 17:00:00,0.0
region1,region1_to_region2,power,2005-01-01 18:00:00,0.0
region1,region1_to_region2,power,2005-01-01 19:00:00,0.0
region1,region1_to_region2,power,2005-01-01 20:00:00,0.0
region1,region1_to_region2,power,2005-01-01 21:00:00,0.0
region1,region1_to_region2,power,2005-01-01 22:00:00,0.0
region1,region1_to_region2,power,2005-01-01 23:00:00,0.0
region1,region1_to_region2,power,2005-01-02 00:00:00,0.0
region1,region1_to_region2,power,2005-01-02 01:00:00,0.0
region1,region1_to_region2,power,2005-01-02 02:00:00,0.0
region1,region1_to_region2,power,2005-01-02 03:00:00,0.0
region1,region1_to_region2,power,2005-01-02 04:00:00,0.0
region1,region1_to_region2,power,2005-01-02 05:00:00,0.0
region1,region1_to_region2,power,2005-01-02 06:00:00,0.0
region1,region1_to_region2,power,2005-01-02 07:00:00,0.0
region1,region1_to_region2,power,2005-01-02 08:00:00,0.0
region1,region1_to_region2,power,2005-01-02 09:00:00,0.0
region1,region1_to_region2,power,2005-01-02 10:00:00,0.0
region1,region1_to_region2,power,2005-01-02 11:00:00,0.0
region1,region1_to_region2,power,2005-01-02 12:00:00,0.0
region1,region1_to_region2,power,2005-01-02 13:00:00,0.0
region1,region1_to_region2,power,2005-01-02 14:00:00,0.0
region1,region1_to_region2,power,2005-01-02 15:00:00,0.0
region1,region1_to_region2,power,2005-01-02 16:00:00,0.0
region1,region1_to_region2,power,2005-01-02 17:00:00,0.0
region1,region1_to_region2,power,2005-01-02 18:00:00,0.0
region1,region1_to_region2,power,2005-01-02 19:00:00,0.0
region1,region1_to_region2,power,2005-01-02 20:00:00,0.0
region1,region1_to_region2,power,2005-01-02 21:00:00,0.0
region1,region1_to_region2,power,2005-01-02 22:00:00,0.0
region1,region1_to_region2,power,2005-01-02 23:00:00,0.0
region1,region1_to_region2,power,2005-01-03 00:00:00,0.0
region1,region1_to_region2,power,2005-01-03 01:00:00,0.0
region1,region1_to_region2,power,2005-01-03 02:00:00,0.0
region1,region1_to_region2,power,2005-01-03 03:00:00,0.0
region1,region1_to_region2,power,2005-01-03 04:00:00,0.0
region1,region1_to_region2,power,2005-01-03 05:00:00,0.0
region1,region1_to_region2,power,2005-01-03 06:00:00,0.0
region1,region1_to_region2,power,2005-01-03 07:00:00,0.0
region1,region1_to_region2,power,2005-01-03 08:00:00,0.0
region1,region1_to_region2,power,2005-01-03 09:00:00,0.0
region1,region1_to_region2,power,2005-01-03 10:00:00,0.0
region1,region1_to_region2,power,2005-01-03 11:00:00,0.0
region1,region1_to_region2,power,2005-01-03 12:00:00,0.0
region1,region1_to_region2,power,2005-01-03 13:00:00,0.0
region1,region1_to_region2,power,2005-01-03 14:00:00,0.0
region1,region1_to_region2,power,2005-01-03 15:00:00,0.0
region1,region1_to_region2,power,2005-01-03 16:00:00,0.0
region1,region1_to_region2,power,2005-01-03 17:00:00,0.0
region1,region1_to_region2,power,2005-01-03 18:00:00,0.0
region1,region1_to_region2,power,2005-01-03 19:00:00,0.0
region1,region1_to_region2,power,2005-01-03 20:00:00,0.0
region1,region1_to_region2,power,2005-01-03 21:00:00,0.0
region1,region1_to_region2,power,2005-01-03 22:00:00,0.0
region1,region1_to_region2,power,2005-01-03 23:00:00,0.0
region1,region1_to_region2,power,2005-01-04 00:00:00,0.0
region1,region1_to_region2,power,2005-01-04 01:00:00,0.0
region1,region1_to_region2,power,2005-01-04 02:00:00,0.0
region1,region1_to_region2,power,2005-01-04 03:00:00,0.0
region1,region1_to_region2,power,2005-01-04 04:00:00,0.0
region1,region1_to_region2,power,2005-01-04 05:00:00,0.0
region1,region1_to_region2,power,2005-01-04 06:00:00,0.0
region1,region1_to_region2,power,2005-01-04 07:00:00,0.0
region1,region1_to_region2,power,2005-01-04 08:00:00,0.0
region1,region1_to_region2,power,2005-01-04 09:00:00,0.0
region1,region1_to_region2,power,2005-01-04 10:00:00,0.0
region1,region1_to_region2,power,2005-01-04 11:00:00,0.0
region1,region1_to_region2,power,2005-01-04 12:00:00,0.0
region1,region1_to_region2,power,2005-01-04 13:00:00,0.0
region1,region1_to_region2,power,2005-01-04 14:00:00,0.0
region1,region1_to_region2,power,2005-01-04 15:00:00,0.0
region1,region1_to_region2,power,2005-01-04 16:00:00,0.0
region1,region1_to_region2,power,2005-01-04 17:00:00,0.0
region1,region1_to_region2,power,2005-01-04 18:00:00,0.0
region1,region1_to_region2,power,2005-01-04 19:00:00,0.0
region1,region1_to_region2,power,2005-01-04 20:00:00,0.0
region1,region1_to_region2,power,2005-01-04 21:00:00,0.0
region1,region1_to_region2,power,2005-01-04 22:00:00,0.0
region1,region1_to_region2,power,2005-01-04 23:00:00,0.0
region1,region1_to_region2,power,2005-01-05 00:00:00,0.0
region1,region1_to_region2,power,2005-01-05 01:00:00,0.0
region1,region1_to_region2,power,2005-01-05 02:00:00,0.0
region1,region1_to_region2,power,2005-01-05 03:00:00,0.0
region1,region1_to_region2,power,2005-01-05 04:00:00,0.0
region1,region1_to_region2,power,2005-01-05 05:00:00,0.0
region1,region1_to_region2,power,2005-01-05 06:00:00,0.0
region1,region1_to_region2,power,2005-01-05 07:00:00,0.0
region1,region1_to_region2,power,2005-01-05 08:00:00,0.0
region1,region1_to_region2,power,2005-01-05 09:00:00,0.0
region1,region1_to_region2,power,2005-01-05 10:00:00,0.0
region1,region1_to_region2,power,2005-01-05 11:00:00,0.0
region1,region1_to_region2,power,2005-01-05 12:00:00,0.0
region1,region1_to_region2,power,2005-01-05 13:00:00,0.0
region1,region1_to_region2,power,2005-01-05 14:00:00,0.0
region1,region1_to_region2,power,2005-01-05 15:00:00,0.0
region1,region1_to_region2,power,2005-01-05 16:00:00,0.0
region1,region1_to_region2,power,2005-01-05 17:00:00,0.0
region1,region1_to_region2,power,2005-01-05 18:00:00,0.0
region1,region1_to_region2,power,2005-01-05 19:00:00,0.0
region1,region1_to_region2,power,2005-01-05 20:00:00,0.0
region1,region1_to_region2,power,2005-01-05 21:00:00,0.0
region1,region1_to_region2,power,2005-01-05 22:00:00,0.0
region1,region1_to_region2,power,2005-01-05 23:00:00,0.0
region1_1,csp,power,2005-01-01 00:00:00,0.0
region1_1,csp,power,2005-01-01 01:00:00,0.0
region1_1,csp,power,2005-01-01 02:00:00,0.0
region1_1,csp,power,2005-01-01 03:00:00,0.0
region1_1,csp,power,2005-01-01 04:00:00,0.0
region1_1,csp,power,2005-01-01 05:00:00,0.0
region1_1,csp,power,2005-01-01 06:00:00,0.0
region1_1,csp,power,2005-01-01 07:00:00,0.09885268200000001
region1_1,csp,power,2005-01-01 08:00:00,0.9
region1_1,csp,power,2005-01-01 09:00:00,0.9
region1_1,csp,power,2005-01-01 10:00:00,0.9
region1_1,csp,power,2005-01-01 11:00:00,0.9
region1_1,csp,power,2005-01-01 12:00:00,0.9
region1_1,csp,power,2005-01-01 13:00:00,0.9
region1_1,csp,power,2005-01-01 14:00:00,0.9
region1_1,csp,power,2005-01-01 15:00:00,0.9
region1_1,csp,power,2005-01-01 16:00:00,0.9
region1_1,csp,power,2005-01-01 17:00:00,0.9
region1_1,csp,power,2005-01-01 18:00:00,0.9
region1_1,csp,power,2005-01-01 19:00:00,0.9
region1_1,csp,power,2005-01-01 20:00:00,0.9
region1_1,csp,power,2005-01-01 21:00:00,0.9
region1_1,csp,power,2005-01-01 22:00:00,0.68511822
region1_1,csp,power,2005-01-01 23:00:00,0.0
region1_1,csp,power,2005-01-02 00:00:00,0.0
region1_1,csp,power,2005-01-02 01:00:00,0.0
region1_1,csp,power,2005-01-02 02:00:00,0.0
region1_1,csp,power,2005-01-02 03:00:00,0.0
region1_1,csp,power,2005-01-02 04:00:00,0.0
region1_1,csp,power,2005-01-02 05:00:00,0.18490494000000002
region1_1,csp,power,2005-01-02 06:00:00,0.36659995
region1_1,csp,power,2005-01-02 07:00:00,0.48923845
region1_1,csp,power,2005-01-02 08:00:00,0.9
region1_1,csp,power,2005-01-02 09:00:00,0.9
region1_1,csp,power,2005-01-02 10:00:00,0.9
region1_1,csp,power,2005-01-02 11:00:00,0.9
region1_1,csp,power,2005-01-02 12:00:00,0.9
region1_1,csp,power,2005-01-02 13:00:00,0.9
region1_1,csp,power,2005-01-02 14:00:00,0.9
region1_1,csp,power,2005-01-02 15:00:00,0.9
region1_1,csp,power,2005-01-02 16:00:00,0.9
region1_1,csp,power,2005-01-02 17:00:00,0.9
region1_1,csp,power,2005-01-02 18:00:00,0.9
region1_1,csp,power,2005-01-02 19:00:00,0.9
region1_1,csp,power,2005-01-02 20:00:00,0.52910235
region1_1,csp,power,2005-01-02 21:00:00,0.2939792
region1_1,csp,power,2005-01-02 22:00:00,0.089348
region1_1,csp,power,2005-01-02 23:00:00,0.0
region1_1,csp,power,2005-01-03 00:00:00,0.0
region1_1,csp,power,2005-01-03 01:00:00,0.0
region1_1,csp,power,2005-01-03 02:00:00,0.0
region1_1,csp,power,2005-01-03 03:00:00,0.0
region1_1,csp,power,2005-01-03 04:00:00,0.16072414000000002
region1_1,csp,power,2005-01-03 05:00:00,0.44709853999999993
region1_1,csp,power,2005-01-03 06:00:00,0.64294555
region1_1,csp,power,2005-01-03 07:00:00,0.74914085
region1_1,csp,power,2005-01-03 08:00:00,0.8141472
region1_1,csp,power,2005-01-03 09:00:00,0.8436096
region1_1,csp,power,2005-01-03 10:00:00,0.8172711500000001
region1_1,csp,power,2005-01-03 11:00:00,0.7865575499999999
region1_1,csp,power,2005-01-03 12:00:00,0.7715297400000001
region1_1,csp,power,2005-01-03 13:00:00,0.80092569
region1_1,csp,power,2005-01-03 14:00:00,0.89263205
region1_1,csp,power,2005-01-03 15:00:00,0.9
region1_1,csp,power,2005-01-03 16:00:00,0.9
region1_1,csp,power,2005-01-03 17:00:00,0.9
region1_1,csp,power,2005-01-03 18:00:00,0.9
region1_1,csp,power,2005-01-03 19:00:00,0.8083240899999999
region1_1,csp,power,2005-01-03 20:00:00,0.63141689
region1_1,csp,power,2005-01-03 21:00:00,0.40653689
region1_1,csp,power,2005-01-03 22:00:00,0.22020889000000002
region1_1,csp,power,2005-01-03 23:00:00,0.099191294
region1_1,csp,power,2005-01-04 00:00:00,0.026538493999999996
region1_1,csp,power,2005-01-04 01:00:00,0.0
region1_1,csp,power,2005-01-04 02:00:00,0.0095400941
region1_1,csp,power,2005-01-04 03:00:00,0.064327294
region1_1,csp,power,2005-01-04 04:00:00,0.25798119
region1_1,csp,power,2005-01-04 05:00:00,0.50889374
region1_1,csp,power,2005-01-04 06:00:00,0.70772635
region1_1,csp,power,2005-01-04 07:00:00,0.81105765
region1_1,csp,power,2005-01-04 08:00:00,0.8726528
region1_1,csp,power,2005-01-04 09:00:00,0.9
region1_1,csp,power,2005-01-04 10:00:00,0.88545129
region1_1,csp,power,2005-01-04 11:00:00,0.85358155
region1_1,csp,power,2005-01-04 12:00:00,0.84046414
region1_1,csp,power,2005-01-04 13:00:00,0.85878009
region1_1,csp,power,2005-01-04 14:00:00,0.9
region1_1,csp,power,2005-01-04 15:00:00,0.9
region1_1,csp,power,2005-01-04 16:00:00,0.9
region1_1,csp,power,2005-01-04 17:00:00,0.9
region1_1,csp,power,2005-01-04 18:00:00,0.9
region1_1,csp,power,2005-01-04 19:00:00,0.8594600899999999
region1_1,csp,power,2005-01-04 20:00:00,0.68750809
region1_1,csp,power,2005-01-04 21:00:00,0.45359129000000004
region1_1,csp,power,2005-01-04 22:00:00,0.25941049
region1_1,csp,power,2005-01-04 23:00:00,0.13146169
region1_1,csp,power,2005-01-05 00:00:00,0.060420093999999994
region1_1,csp,power,2005-01-05 01:00:00,0.033618494
region1_1,csp,power,2005-01-05 02:00:00,0.045626494000000004
region1_1,csp,power,2005-01-05 03:00:00,0.10437849
region1_1,csp,power,2005-01-05 04:00:00,0.33055449
region1_1,csp,power,2005-01-05 05:00:00,0.62105635
region1_1,csp,power,2005-01-05 06:00:00,0.76254235
region1_1,csp,power,2005-01-05 07:00:00,0.86592325
region1_1,csp,power,2005-01-05 08:00:00,0.9
region1_1,csp,power,2005-01-05 09:00:00,0.9
region1_1,csp,power,2005-01-05 10:00:00,0.9
region1_1,csp,power,2005-01-05 11:00:00,0.9
region1_1,csp,power,2005-01-05 12:00:00,0.9
region1_1,csp,power,2005-01-05 13:00:00,0.9
region1_1,csp,power,2005-01-05 14:00:00,0.9
region1_1,csp,power,2005-01-05 15:00:00,0.9
region1_1,csp,power,2005-01-05 16:00:00,0.9
region1_1,csp,power,2005-01-05 17:00:00,0.9
region1_1,csp,power,2005-01-05 18:00:00,0.9
region1_1,csp,power,2005-01-05 19:00:00,0.9
region1_1,csp,power,2005-01-05 20:00:00,0.9
region1_1,csp,power,2005-01-05 21:00:00,0.9
region1_1,csp,power,2005-01-05 22:00:00,0.9
region1_1,csp,power,2005-01-05 23:00:00,0.7998493400000001
region1_1,region1_to_region1_1,power,2005-01-01 00:00:00,0.0
region1_1,region1_to_region1_1,power,2005-01-01 01:00:00,0.0
region1_1,region1_to_region1_1,power,2005-01-01 02:00:00,0.0
region1_1,region1_to_region1_1,power,2005-01-01 03:00:00,0.0
region1_1,region1_to_region1_1,power,2005-01-01 04:00:00,0.0
region1_1,region1_to_region1_1,power,2005-01-01 05:00:00,0.0
region1_1,region1_to_region1_1,power,2005-01-01 06:00:00,0.0
region1_1,region1_to_region1_1,power,2005-01-01 07:00:00,0.0
region1_1,region1_to_region1_1,power,2005-01-01 08:00:00,0.0
region1_1,region1_to_region1_1,power,2005-01-01 09:00:00,0.0
region1_1,region1_to_region1_1,power,2005-01-01 10:00:00,0.0
region1_1,region1_to_region1_1,power,2005-01-01 11:00:00,0.0
region1_1,region1_to_region1_1,power,2005-01-01 12:00:00,0.0
region1_1,region1_to_region1_1,power,2005-01-01 13:00:00,0.0
region1_1,region1_to_region1_1,power,2005-01-01 14:00:00,0.0
region1_1,region1_to_region1_1,power,2005-01-01 15:00:00,0.0
region1_1,region1_to_region1_1,power,2005-01-01 16:00:00,0.0
region1_1,region1_to_region1_1,power,2005-01-01 17:00:00,0.0
region1_1,region1_to_region1_1,power,2005-01-01 18:00:00,0.0
region1_1,region1_to_region1_1,power,2005-01-01 19:00:00,0.0
region1_1,region1_to_region1_1,power,2005-01-01 20:00:00,0.0
region1_1,region1_to_region1_1,power,2005-01-01 21:00:00,0.0
region1_1,region1_to_region1_1,power,2005-01-01 22:00:00,0.0
region1_1,region1_to_region1_1,power,2005-01-01 23:00:00,0.0
region1_1,region1_to_region1_1,power,2005-01-02 00:00:00,0.0
region1_1,region1_to_region1_1,power,2005-01-02 01:00:00,0.0
region1_1,region1_to_region1_1,power,2005-01-02 02:00:00,0.0
region1_1,region1_to_region1_1,power,2005-01-02 03:00:00,0.0
region1_1,region1_to_region1_1,power,2005-01-02 04:00:00,0.0
region1_1,region1_to_region1_1,power,2005-01-02 05:00:00,0.0
region1_1,region1_to_region1_1,power,2005-01-02 06:00:00,0.0
region1_1,region1_to_region1_1,power,2005-01-02 07:00:00,0.0
region1_1,region1_to_region1_1,power,2005-01-02 08:00:00,0.0
region1_1,region1_to_region1_1,power,2005-01-02 09:00:00,0.0
region1_1,region1_to_region1_1,power,2005-01-02 10:00:00,0.0
region1_1,region1_to_region1_1,power,2005-01-02 11:00:00,0.0
region1_1,region1_to_region1_1,power,2005-01-02 12:00:00,0.0
region1_1,region1_to_region1_1,power,2005-01-02 13:00:00,0.0
region1_1,region1_to_region1_1,power,2005-01-02 14:00:00,0.0
region1_1,region1_to_region1_1,power,2005-01-02 15:00:00,0.0
region1_1,region1_to_region1_1,power,2005-01-02 16:00:00,0.0
region1_1,region1_to_region1_1,power,2005-01-02 17:00:00,0.0
region1_1,region1_to_region1_1,power,2005-01-02 18:00:00,0.0
region1_1,region1_to_region1_1,power,2005-01-02 19:00:00,0.0
region1_1,region1_to_region1_1,power,2005-01-02 20:00:00,0.0
region1_1,region1_to_region1_1,power,2005-01-02 21:00:00,0.0
region1_1,region1_to_region1_1,power,2005-01-02 22:00:00,0.0
region1_1,region1_to_region1_1,power,2005-01-02 23:00:00,0.0
region1_1,region1_to_region1_1,power,2005-01-03 00:00:00,0.0
region1_1,region1_to_region1_1,power,2005-01-03 01:00:00,0.0
region1_1,region1_to_region1_1,power,2005-01-03 02:00:00,0.0
region1_1,region1_to_region1_1,power,2005-01-03 03:00:00,0.0
region1_1,region1_to_region1_1,power,2005-01-03 04:00:00,0.0
region1_1,region1_to_region1_1,power,2005-01-03 05:00:00,0.0
region1_1,region1_to_region1_1,power,2005-01-03 06:00:00,0.0
region1_1,region1_to_region1_1,power,2005-01-03 07:00:00,0.0
region1_1,region1_to_region1_1,power,2005-01-03 08:00:00,0.0
region1_1,region1_to_region1_1,power,2005-01-03 09:00:00,0.0
region1_1,region1_to_region1_1,power,2005-01-03 10:00:00,0.0
region1_1,region1_to_region1_1,power,2005-01-03 11:00:00,0.0
region1_1,region1_to_region1_1,power,2005-01-03 12:00:00,0.0
region1_1,region1_to_region1_1,power,2005-01-03 13:00:00,0.0
region1_1,region1_to_region1_1,power,2005-01-03 14:00:00,0.0
region1_1,region1_to_region1_1,power,2005-01-03 15:00:00,0.0
region1_1,region1_to_region1_1,power,2005-01-03 16:00:00,0.0
region1_1,region1_to_region1_1,power,2005-01-03 17:00:00,0.0
region1_1,region1_to_region1_1,power,2005-01-03 18:00:00,0.0
region1_1,region1_to_region1_1,power,2005-01-03 19:00:00,0.0
region1_1,region1_to_region1_1,power,2005-01-03 20:00:00,0.0
region1_1,region1_to_region1_1,power,2005-01-03 21:00:00,0.0
region1_1,region1_to_region1_1,power,2005-01-03 22:00:00,0.0
region1_1,region1_to_region1_1,power,2005-01-03 23:00:00,0.0
region1_1,region1_to_region1_1,power,2005-01-04 00:00:00,0.0
region1_1,region1_to_region1_1,power,2005-01-04 01:00:00,0.0
region1_1,region1_to_region1_1,power,2005-01-04 02:00:00,0.0
region1_1,region1_to_region1_1,power,2005-01-04 03:00:00,0.0
region1_1,region1_to_region1_1,power,2005-01-04 04:00:00,0.0
region1_1,region1_to_region1_1,power,2005-01-04 05:00:00,0.0
region1_1,region1_to_region1_1,power,2005-01-04 06:00:00,0.0
region1_1,region1_to_region1_1,power,2005-01-04 07:00:00,0.0
region1_1,region1_to_region1_1,power,2005-01-04 08:00:00,0.0
region1_1,region1_to_region1_1,power,2005-01-04 09:00:00,0.0
region1_1,region1_to_region1_1,power,2005-01-04 10:00:00,0.0
region1_1,region1_to_region1_1,power,2005-01-04 11:00:00,0.0
region1_1,region1_to_region1_1,power,2005-01-04 12:00:00,0.0
region1_1,region1_to_region1_1,power,2005-01-04 13:00:00,0.0
region1_1,region1_to_region1_1,power,2005-01-04 14:00:00,0.0
region1_1,region1_to_region1_1,power,2005-01-04 15:00:00,0.0
region1_1,region1_to_region1_1,power,2005-01-04 16:00:00,0.0
region1_1,region1_to_region1_1,power,2005-01-04 17:00:00,0.0
region1_1,region1_to_region1_1,power,2005-01-04 18:00:00,0.0
region1_1,region1_to_region1_1,power,2005-01-04 19:00:00,0.0
region1_1,region1_to_region1_1,power,2005-01-04 20:00:00,0.0
region1_1,region1_to_region1_1,power,2005-01-04 21:00:00,0.0
region1_1,region1_to_region1_1,power,2005-01-04 22:00:00,0.0
region1_1,region1_to_region1_1,power,2005-01-04 23:00:00,0.0
region1_1,region1_to_region1_1,power,2005-01-05 00:00:00,0.0
region1_1,region1_to_region1_1,power,2005-01-05 01:00:00,0.0
region1_1,region1_to_region1_1,power,2005-01-05 02:00:00,0.0
region1_1,region1_to_region1_1,power,2005-01-05 03:00:00,0.0
region1_1,region1_to_region1_1,power,2005-01-05 04:00:00,0.0
region1_1,region1_to_region1_1,power,2005-01-05 05:00:00,0.0
region1_1,region1_to_region1_1,power,2005-01-05 06:00:00,0.0
region1_1,region1_to_region1_1,power,2005-01-05 07:00:00,0.0
region1_1,region1_to_region1_1,power,2005-01-05 08:00:00,0.0
region1_1,region1_to_region1_1,power,2005-01-05 09:00:00,0.0
region1_1,region1_to_region1_1,power,2005-01-05 10:00:00,0.0
region1_1,region1_to_region1_1,power,2005-01-05 11:00:00,0.0
region1_1,region1_to_region1_1,power,2005-01-05 12:00:00,0.0
region1_1,region1_to_region1_1,power,2005-01-05 13:00:00,0.0
region1_1,region1_to_region1_1,power,2005-01-05 14:00:00,0.0
region1_1,region1_to_region1_1,power,2005-01-05 15:00:00,0.0
region1_1,region1_to_region1_1,power,2005-01-05 16:00:00,0.0
region1_1,region1_to_region1_1,power,2005-01-05 17:00:00,0.0
region1_1,region1_to_region1_1,power,2005-01-05 18:00:00,0.0
region1_1,region1_to_region1_1,power,2005-01-05 19:00:00,0.0
region1_1,region1_to_region1_1,power,2005-01-05 20:00:00,0.0
region1_1,region1_to_region1_1,power,2005-01-05 21:00:00,0.0
region1_1,region1_to_region1_1,power,2005-01-05 22:00:00,0.0
region1_1,region1_to_region1_1,power,2005-01-05 23:00:00,0.0
region1_3,csp,power,2005-01-01 00:00:00,0.0
region1_3,csp,power,2005-01-01 01:00:00,0.0
region1_3,csp,power,2005-01-01 02:00:00,0.0
region1_3,csp,power,2005-01-01 03:00:00,0.0
region1_3,csp,power,2005-01-01 04:00:00,0.0
region1_3,csp,power,2005-01-01 05:00:00,0.0
region1_3,csp,power,2005-01-01 06:00:00,0.0
region1_3,csp,power,2005-01-01 07:00:00,0.0
region1_3,csp,power,2005-01-01 08:00:00,0.0
region1_3,csp,power,2005-01-01 09:00:00,0.0
region1_3,csp,power,2005-01-01 10:00:00,0.0
region1_3,csp,power,2005-01-01 11:00:00,0.0
region1_3,csp,power,2005-01-01 12:00:00,0.0
region1_3,csp,power,2005-01-01 13:00:00,0.0
region1_3,csp,power,2005-01-01 14:00:00,0.0
region1_3,csp,power,2005-01-01 15:00:00,0.0
region1_3,csp,power,2005-01-01 16:00:00,0.0
region1_3,csp,power,2005-01-01 17:00:00,0.0
region1_3,csp,power,2005-01-01 18:00:00,0.0
region1_3,csp,power,2005-01-01 19:00:00,0.0
region1_3,csp,power,2005-01-01 20:00:00,0.0
region1_3,csp,power,2005-01-01 21:00:00,0.0
region1_3,csp,power,2005-01-01 22:00:00,0.0
region1_3,csp,power,2005-01-01 23:00:00,0.0
region1_3,csp,power,2005-01-02 00:00:00,0.0
region1_3,csp,power,2005-01-02 01:00:00,0.0
region1_3,csp,power,2005-01-02 02:00:00,0.0
region1_3,csp,power,2005-01-02 03:00:00,0.0
region1_3,csp,power,2005-01-02 04:00:00,0.0
region1_3,csp,power,2005-01-02 05:00:00,0.0
region1_3,csp,power,2005-01-02 06:00:00,0.0
region1_3,csp,power,2005-01-02 07:00:00,0.0
region1_3,csp,power,2005-01-02 08:00:00,0.0
region1_3,csp,power,2005-01-02 09:00:00,0.0
region1_3,csp,power,2005-01-02 10:00:00,0.0
region1_3,csp,power,2005-01-02 11:00:00,0.0
region1_3,csp,power,2005-01-02 12:00:00,0.0
region1_3,csp,power,2005-01-02 13:00:00,0.0
region1_3,csp,power,2005-01-02 14:00:00,0.0
region1_3,csp,power,2005-01-02 15:00:00,0.0
region1_3,csp,power,2005-01-02 16:00:00,0.026162630658971498
region1_3,csp,power,2005-01-02 17:00:00,0.014470739774661562
region1_3,csp,power,2005-01-02 18:00:00,0.0
region1_3,csp,power,2005-01-02 19:00:00,0.0
region1_3,csp,power,2005-01-02 20:00:00,0.0
region1_3,csp,power,2005-01-02 21:00:00,0.0
region1_3,csp,power,2005-01-02 22:00:00,0.0
region1_3,csp,power,2005-01-02 23:00:00,0.0
region1_3,csp,power,2005-01-03 00:00:00,0.0
region1_3,csp,power,2005-01-03 01:00:00,0.0
region1_3,csp,power,2005-01-03 02:00:00,0.0
region1_3,csp,power,2005-01-03 03:00:00,0.0
region1_3,csp,power,2005-01-03 04:00:00,0.0
region1_3,csp,power,2005-01-03 05:00:00,0.0
region1_3,csp,power,2005-01-03 06:00:00,0.0
region1_3,csp,power,2005-01-03 07:00:00,0.0
region1_3,csp,power,2005-01-03 08:00:00,0.0
region1_3,csp,power,2005-01-03 09:00:00,0.0
region1_3,csp,power,2005-01-03 10:00:00,0.0
region1_3,csp,power,2005-01-03 11:00:00,0.0
region1_3,csp,power,2005-01-03 12:00:00,0.0
region1_3,csp,power,2005-01-03 13:00:00,0.0
region1_3,csp,power,2005-01-03 14:00:00,0.0
region1_3,csp,power,2005-01-03 15:00:00,0.08574499160753885
region1_3,csp,power,2005-01-03 16:00:00,0.6765851853258047
region1_3,csp,power,2005-01-03 17:00:00,0.5529648580661933
region1_3,csp,power,2005-01-03 18:00:00,0.0
region1_3,csp,power,2005-01-03 19:00:00,0.0
region1_3,csp,power,2005-01-03 20:00:00,0.0
region1_3,csp,power,2005-01-03 21:00:00,0.0
region1_3,csp,power,2005-01-03 22:00:00,0.0
region1_3,csp,power,2005-01-03 23:00:00,0.0
region1_3,csp,power,2005-01-04 00:00:00,0.0
region1_3,csp,power,2005-01-04 01:00:00,0.0
region1_3,csp,power,2005-01-04 02:00:00,0.0
region1_3,csp,power,2005-01-04 03:00:00,0.0
region1_3,csp,power,2005-01-04 04:00:00,0.0
region1_3,csp,power,2005-01-04 05:00:00,0.0
region1_3,csp,power,2005-01-04 06:00:00,0.0
region1_3,csp,power,2005-01-04 07:00:00,0.0
region1_3,csp,power,2005-01-04 08:00:00,0.0
region1_3,csp,power,2005-01-04 09:00:00,0.0
region1_3,csp,power,2005-01-04 10:00:00,0.0
region1_3,csp,power,2005-01-04 11:00:00,0.0
region1_3,csp,power,2005-01-04 12:00:00,0.0
region1_3,csp,power,2005-01-04 13:00:00,0.0
region1_3,csp,power,2005-01-04 14:00:00,0.0
region1_3,csp,power,2005-01-04 15:00:00,0.26139526279913966
region1_3,csp,power,2005-01-04 16:00:00,0.8717605729440819
region1_3,csp,power,2005-01-04 17:00:00,0.76316296624691
region1_3,csp,power,2005-01-04 18:00:00,0.06364402561708536
region1_3,csp,power,2005-01-04 19:00:00,0.0
region1_3,csp,power,2005-01-04 20:00:00,0.0
region1_3,csp,power,2005-01-04 21:00:00,0.0
region1_3,csp,power,2005-01-04 22:00:00,0.0
region1_3,csp,power,2005-01-04 23:00:00,0.0
region1_3,csp,power,2005-01-05 00:00:00,0.0
region1_3,csp,power,2005-01-05 01:00:00,0.0
region1_3,csp,power,2005-01-05 02:00:00,0.0
region1_3,csp,power,2005-01-05 03:00:00,0.0
region1_3,csp,power,2005-01-05 04:00:00,0.0
region1_3,csp,power,2005-01-05 05:00:00,0.0
region1_3,csp,power,2005-01-05 06:00:00,0.0
region1_3,csp,power,2005-01-05 07:00:00,0.0
region1_3,csp,power,2005-01-05 08:00:00,0.0
region1_3,csp,power,2005-01-05 09:00:00,0.0
region1_3,csp,power,2005-01-05 10:00:00,0.0
region1_3,csp,power,2005-01-05 11:00:00,0.0
region1_3,csp,power,2005-01-05 12:00:00,0.0
region1_3,csp,power,2005-01-05 13:00:00,0.0
region1_3,csp,power,2005-01-05 14:00:00,0.0
region1_3,csp,power,2005-01-05 15:00:00,0.3629422864916955
region1_3,csp,power,2005-01-05 16:00:00,0.9000000039467005
region1_3,csp,power,2005-01-05 17:00:00,0.7221109669293736
region1_3,csp,power,2005-01-05 18:00:00,0.036711743379538274
region1_3,csp,power,2005-01-05 19:00:00,0.0
region1_3,csp,power,2005-01-05 20:00:00,0.0
region1_3,csp,power,2005-01-05 21:00:00,0.0
region1_3,csp,power,2005-01-05 22:00:00,0.0
region1_3,csp,power,2005-01-05 23:00:00,0.0
region1_3,region1_to_region1_3,power,2005-01-01 00:00:00,0.0
region1_3,region1_to_region1_3,power,2005-01-01 01:00:00,0.0
region1_3,region1_to_region1_3,power,2005-01-01 02:00:00,0.0
region1_3,region1_to_region1_3,power,2005-01-01 03:00:00,0.0
region1_3,region1_to_region1_3,power,2005-01-01 04:00:00,0.0
region1_3,region1_to_region1_3,power,2005-01-01 05:00:00,0.0
region1_3,region1_to_region1_3,power,2005-01-01 06:00:00,0.0
region1_3,region1_to_region1_3,power,2005-01-01 07:00:00,0.0
region1_3,region1_to_region1_3,power,2005-01-01 08:00:00,0.0
region1_3,region1_to_region1_3,power,2005-01-01 09:00:00,0.0
region1_3,region1_to_region1_3,power,2005-01-01 10:00:00,0.0
region1_3,region1_to_region1_3,power,2005-01-01 11:00:00,0.0
region1_3,region1_to_region1_3,power,2005-01-01 12:00:00,0.0
region1_3,region1_to_region1_3,power,2005-01-01 13:00:00,0.0
region1_3,region1_to_region1_3,power,2005-01-01 14:00:00,0.0
region1_3,region1_to_region1_3,power,2005-01-01 15:00:00,0.0
region1_3,region1_to_region1_3,power,2005-01-01 16:00:00,0.0
region1_3,region1_to_region1_3,power,2005-01-01 17:00:00,0.0
region1_3,region1_to_region1_3,power,2005-01-01 18:00:00,0.0
region1_3,region1_to_region1_3,power,2005-01-01 19:00:00,0.0
region1_3,region1_to_region1_3,power,2005-01-01 20:00:00,0.0
region1_3,region1_to_region1_3,power,2005-01-01 21:00:00,0.0
region1_3,region1_to_region1_3,power,2005-01-01 22:00:00,0.0
region1_3,region1_to_region1_3,power,2005-01-01 23:00:00,0.0
region1_3,region1_to_region1_3,power,2005-01-02 00:00:00,0.0
region1_3,region1_to_region1_3,power,2005-01-02 01:00:00,0.0
region1_3,region1_to_region1_3,power,2005-01-02 02:00:00,0.0
region1_3,region1_to_region1_3,power,2005-01-02 03:00:00,0.0
region1_3,region1_to_region1_3,power,2005-01-02 04:00:00,0.0
region1_3,region1_to_region1_3,power,2005-01-02 05:00:00,0.0
region1_3,region1_to_region1_3,power,2005-01-02 06:00:00,0.0
region1_3,region1_to_region1_3,power,2005-01-02 07:00:00,0.0
region1_3,region1_to_region1_3,power,2005-01-02 08:00:00,0.0
region1_3,region1_to_region1_3,power,2005-01-02 09:00:00,0.0
region1_3,region1_to_region1_3,power,2005-01-02 10:00:00,0.0
region1_3,region1_to_region1_3,power,2005-01-02 11:00:00,0.0
region1_3,region1_to_region1_3,power,2005-01-02 12:00:00,0.0
region1_3,region1_to_region1_3,power,2005-01-02 13:00:00,0.0
region1_3,region1_to_region1_3,power,2005-01-02 14:00:00,0.0
region1_3,region1_to_region1_3,power,2005-01-02 15:00:00,0.0
region1_3,region1_to_region1_3,power,2005-01-02 16:00:00,0.0
region1_3,region1_to_region1_3,power,2005-01-02 17:00:00,0.0
region1_3,region1_to_region1_3,power,2005-01-02 18:00:00,0.0
region1_3,region1_to_region1_3,power,2005-01-02 19:00:00,0.0
region1_3,region1_to_region1_3,power,2005-01-02 20:00:00,0.0
region1_3,region1_to_region1_3,power,2005-01-02 21:00:00,0.0
region1_3,region1_to_region1_3,power,2005-01-02 22:00:00,0.0
region1_3,region1_to_region1_3,power,2005-01-02 23:00:00,0.0
region1_3,region1_to_region1_3,power,2005-01-03 00:00:00,0.0
region1_3,region1_to_region1_3,power,2005-01-03 01:00:00,0.0
region1_3,region1_to_region1_3,power,2005-01-03 02:00:00,0.0
region1_3,region1_to_region1_3,power,2005-01-03 03:00:00,0.0
region1_3,region1_to_region1_3,power,2005-01-03 04:00:00,0.0
region1_3,region1_to_region1_3,power,2005-01-03 05:00:00,0.0
region1_3,region1_to_region1_3,power,2005-01-03 06:00:00,0.0
region1_3,region1_to_region1_3,power,2005-01-03 07:00:00,0.0
region1_3,region1_to_region1_3,power,2005-01-03 08:00:00,0.0
region1_3,region1_to_region1_3,power,2005-01-03 09:00:00,0.0
region1_3,region1_to_region1_3,power,2005-01-03 10:00:00,0.0
region1_3,region1_to_region1_3,power,2005-01-03 11:00:00,0.0
region1_3,region1_to_region1_3,power,2005-01-03 12:00:00,0.0
region1_3,region1_to_region1_3,power,2005-01-03 13:00:00,0.0
region1_3,region1_to_region1_3,power,2005-01-03 14:00:00,0.0
region1_3,region1_to_region1_3,power,2005-01-03 15:00:00,0.0
region1_3,region1_to_region1_3,power,2005-01-03 16:00:00,0.0
region1_3,region1_to_region1_3,power,2005-01-03 17:00:00,0.0
region1_3,region1_to_region1_3,power,2005-01-03 18:00:00,0.0
region1_3,region1_to_region1_3,power,2005-01-03 19:00:00,0.0
region1_3,region1_to_region1_3,power,2005-01-03 20:00:00,0.0
region1_3,region1_to_region1_3,power,2005-01-03 21:00:00,0.0
region1_3,region1_to_region1_3,power,2005-01-03 22:00:00,0.0
region1_3,region1_to_region1_3,power,2005-01-03 23:00:00,0.0
region1_3,region1_to_region1_3,power,2005-01-04 00:00:00,0.0
region1_3,region1_to_region1_3,power,2005-01-04 01:00:00,0.0
region1_3,region1_to_region1_3,power,2005-01-04 02:00:00,0.0
region1_3,region1_to_region1_3,power,2005-01-04 03:00:00,0.0
region1_3,region1_to_region1_3,power,2005-01-04 04:00:00,0.0
region1_3,region1_to_region1_3,power,2005-01-04 05:00:00,0.0
region1_3,region1_to_region1_3,power,2005-01-04 06:00:00,0.0
region1_3,region1_to_region1_3,power,2005-01-04 07:00:00,0.0
region1_3,region1_to_region1_3,power,2005-01-04 08:00:00,0.0
region1_3,region1_to_region1_3,power,2005-01-04 09:00:00,0.0
region1_3,region1_to_region1_3,power,2005-01-04 10:00:00,0.0
region1_3,region1_to_region1_3,power,2005-01-04 11:00:00,0.0
region1_3,region1_to_region1_3,power,2005-01-04 12:00:00,0.0
region1_3,region1_to_region1_3,power,2005-01-04 13:00:00,0.0
region1_3,region1_to_region1_3,power,2005-01-04 14:00:00,0.0
region1_3,region1_to_region1_3,power,2005-01-04 15:00:00,0.0
region1_3,region1_to_region1_3,power,2005-01-04 16:00:00,0.0
region1_3,region1_to_region1_3,power,2005-01-04 17:00:00,0.0
region1_3,region1_to_region1_3,power,2005-01-04 18:00:00,0.0
region1_3,region1_to_region1_3,power,2005-01-04 19:00:00,0.0
region1_3,region1_to_region1_3,power,2005-01-04 20:00:00,0.0
region1_3,region1_to_region1_3,power,2005-01-04 21:00:00,0.0
region1_3,region1_to_region1_3,power,2005-01-04 22:00:00,0.0
region1_3,region1_to_region1_3,power,2005-01-04 23:00:00,0.0
region1_3,region1_to_region1_3,power,2005-01-05 00:00:00,0.0
region1_3,region1_to_region1_3,power,2005-01-05 01:00:00,0.0
region1_3,region1_to_region1_3,power,2005-01-05 02:00:00,0.0
region1_3,region1_to_region1_3,power,2005-01-05 03:00:00,0.0
region1_3,region1_to_region1_3,power,2005-01-05 04:00:00,0.0
region1_3,region1_to_region1_3,power,2005-01-05 05:00:00,0.0
region1_3,region1_to_region1_3,power,2005-01-05 06:00:00,0.0
region1_3,region1_to_region1_3,power,2005-01-05 07:00:00,0.0
region1_3,region1_to_region1_3,power,2005-01-05 08:00:00,0.0
region1_3,region1_to_region1_3,power,2005-01-05 09:00:00,0.0
region1_3,region1_to_region1_3,power,2005-01-05 10:00:00,0.0
region1_3,region1_to_region1_3,power,2005-01-05 11:00:00,0.0
region1_3,region1_to_region1_3,power,2005-01-05 12:00:00,0.0
region1_3,region1_to_region1_3,power,2005-01-05 13:00:00,0.0
region1_3,region1_to_region1_3,power,2005-01-05 14:00:00,0.0
region1_3,region1_to_region1_3,power,2005-01-05 15:00:00,0.0
region1_3,region1_to_region1_3,power,2005-01-05 16:00:00,0.0
region1_3,region1_to_region1_3,power,2005-01-05 17:00:00,0.0
region1_3,region1_to_region1_3,power,2005-01-05 18:00:00,0.0
region1_3,region1_to_region1_3,power,2005-01-05 19:00:00,0.0
region1_3,region1_to_region1_3,power,2005-01-05 20:00:00,0.0
region1_3,region1_to_region1_3,power,2005-01-05 21:00:00,0.0
region1_3,region1_to_region1_3,power,2005-01-05 22:00:00,0.0
region1_3,region1_to_region1_3,power,2005-01-05 23:00:00,0.0
region2,battery,power,2005-01-01 00:00:00,0.0
region2,battery,power,2005-01-01 01:00:00,0.0
region2,battery,power,2005-01-01 02:00:00,0.0
region2,battery,power,2005-01-01 03:00:00,0.0
region2,battery,power,2005-01-01 04:00:00,0.0
region2,battery,power,2005-01-01 05:00:00,0.0
region2,battery,power,2005-01-01 06:00:00,0.0
region2,battery,power,2005-01-01 07:00:00,0.0
region2,battery,power,2005-01-01 08:00:00,0.0
region2,battery,power,2005-01-01 09:00:00,0.0
region2,battery,power,2005-01-01 10:00:00,0.0
region2,battery,power,2005-01-01 11:00:00,0.0
region2,battery,power,2005-01-01 12:00:00,0.0
region2,battery,power,2005-01-01 13:00:00,0.0
region2,battery,power,2005-01-01 14:00:00,0.0
region2,battery,power,2005-01-01 15:00:00,0.0
region2,battery,power,2005-01-01 16:00:00,0.163934
region2,battery,power,2005-01-01 17:00:00,0.12295
region2,battery,power,2005-01-01 18:00:00,0.040984
region2,battery,power,2005-01-01 19:00:00,0.0
region2,battery,power,2005-01-01 20:00:00,0.0
region2,battery,power,2005-01-01 21:00:00,0.0
region2,battery,power,2005-01-01 22:00:00,0.0
region2,battery,power,2005-01-01 23:00:00,0.0
region2,battery,power,2005-01-02 00:00:00,0.0
region2,battery,power,2005-01-02 01:00:00,0.0
region2,battery,power,2005-01-02 02:00:00,0.0
region2,battery,power,2005-01-02 03:00:00,0.0
region2,battery,power,2005-01-02 04:00:00,0.0
region2,battery,power,2005-01-02 05:00:00,0.0
region2,battery,power,2005-01-02 06:00:00,0.0
region2,battery,power,2005-01-02 07:00:00,0.0
region2,battery,power,2005-01-02 08:00:00,0.0
region2,battery,power,2005-01-02 09:00:00,0.0
region2,battery,power,2005-01-02 10:00:00,0.0
region2,battery,power,2005-01-02 11:00:00,0.0
region2,battery,power,2005-01-02 12:00:00,0.0
region2,battery,power,2005-01-02 13:00:00,0.0
region2,battery,power,2005-01-02 14:00:00,0.0
region2,battery,power,2005-01-02 15:00:00,0.0
region2,battery,power,2005-01-02 16:00:00,1.0
region2,battery,power,2005-01-02 17:00:00,1.0
region2,battery,power,2005-01-02 18:00:00,0.040984
region2,battery,power,2005-01-02 19:00:00,0.0
region2,battery,power,2005-01-02 20:00:00,0.0
region2,battery,power,2005-01-02 21:00:00,0.0
region2,battery,power,2005-01-02 22:00:00,0.0
region2,battery,power,2005-01-02 23:00:00,0.0
region2,battery,power,2005-01-03 00:00:00,0.0
region2,battery,power,2005-01-03 01:00:00,0.0
region2,battery,power,2005-01-03 02:00:00,0.0
region2,battery,power,2005-01-03 03:00:00,0.0
region2,battery,power,2005-01-03 04:00:00,0.0
region2,battery,power,2005-01-03 05:00:00,0.0
region2,battery,power,2005-01-03 06:00:00,0.0
region2,battery,power,2005-01-03 07:00:00,0.0
region2,battery,power,2005-01-03 08:00:00,0.0
region2,battery,power,2005-01-03 09:00:00,0.0
region2,battery,power,2005-01-03 10:00:00,0.0
region2,battery,power,2005-01-03 11:00:00,0.0
region2,battery,power,2005-01-03 12:00:00,0.0
region2,battery,power,2005-01-03 13:00:00,0.0
region2,battery,power,2005-01-03 14:00:00,0.0
region2,battery,power,2005-01-03 15:00:00,1.0
region2,battery,power,2005-01-03 16:00:00,1.0
region2,battery,power,2005-01-03 17:00:00,1.0
region2,battery,power,2005-01-03 18:00:00,0.6703859999999999
region2,battery,power,2005-01-03 19:00:00,0.0
region2,battery,power,2005-01-03 20:00:00,0.0
region2,battery,power,2005-01-03 21:00:00,0.0
region2,battery,power,2005-01-03 22:00:00,0.0
region2,battery,power,2005-01-03 23:00:00,0.0
region2,battery,power,2005-01-04 00:00:00,0.0
region2,battery,power,2005-01-04 01:00:00,0.0
region2,battery,power,2005-01-04 02:00:00,0.0
region2,battery,power,2005-01-04 03:00:00,0.0
region2,battery,power,2005-01-04 04:00:00,0.0
region2,battery,power,2005-01-04 05:00:00,0.0
region2,battery,power,2005-01-04 06:00:00,0.0
region2,battery,power,2005-01-04 07:00:00,0.0
region2,battery,power,2005-01-04 08:00:00,0.0
region2,battery,power,2005-01-04 09:00:00,0.0553384
region2,battery,power,2005-01-04 10:00:00,0.0
region2,battery,power,2005-01-04 11:00:00,0.0
region2,battery,power,2005-01-04 12:00:00,0.0
region2,battery,power,2005-01-04 13:00:00,0.0
region2,battery,power,2005-01-04 14:00:00,0.3449644
region2,battery,power,2005-01-04 15:00:00,1.0
region2,battery,power,2005-01-04 16:00:00,1.0
region2,battery,power,2005-01-04 17:00:00,1.0
region2,battery,power,2005-01-04 18:00:00,1.0
region2,battery,power,2005-01-04 19:00:00,0.0
region2,battery,power,2005-01-04 20:00:00,0.0
region2,battery,power,2005-01-04 21:00:00,0.0
region2,battery,power,2005-01-04 22:00:00,0.0
region2,battery,power,2005-01-04 23:00:00,0.0
region2,battery,power,2005-01-05 00:00:00,0.0
region2,battery,power,2005-01-05 01:00:00,0.0
region2,battery,power,2005-01-05 02:00:00,0.0
region2,battery,power,2005-01-05 03:00:00,0.0
region2,battery,power,2005-01-05 04:00:00,0.0
region2,battery,power,2005-01-05 05:00:00,0.0
region2,battery,power,2005-01-05 06:00:00,0.0
region2,battery,power,2005-01-05 07:00:00,0.0
region2,battery,power,2005-01-05 08:00:00,0.1975128
region2,battery,power,2005-01-05 09:00:00,0.4402592
region2,battery,power,2005-01-05 10:00:00,0.069312
region2,battery,power,2005-01-05 11:00:00,0.0
region2,battery,power,2005-01-05 12:00:00,0.0
region2,battery,power,2005-01-05 13:00:00,0.0
region2,battery,power,2005-01-05 14:00:00,0.661518
region2,battery,power,2005-01-05 15:00:00,1.0
region2,battery,power,2005-01-05 16:00:00,1.0
region2,battery,power,2005-01-05 17:00:00,1.0
region2,battery,power,2005-01-05 18:00:00,1.0
region2,battery,power,2005-01-05 19:00:00,0.0
region2,battery,power,2005-01-05 20:00:00,0.0
region2,battery,power,2005-01-05 21:00:00,0.0
region2,battery,power,2005-01-05 22:00:00,0.0
region2,battery,power,2005-01-05 23:00:00,0.0
region2,region1_to_region2,power,2005-01-01 00:00:00,0.6977609996356879
region2,region1_to_region2,power,2005-01-01 01:00:00,0.6597015563882304
region2,region1_to_region2,power,2005-01-01 02:00:00,0.6470148689376097
region2,region1_to_region2,power,2005-01-01 03:00:00,0.6597015563882304
region2,region1_to_region2,power,2005-01-01 04:00:00,0.672388243838851
region2,region1_to_region2,power,2005-01-01 05:00:00,0.672388243838851
region2,region1_to_region2,power,2005-01-01 06:00:00,0.6850743121850673
region2,region1_to_region2,power,2005-01-01 07:00:00,0.7104476870863086
region2,region1_to_region2,power,2005-01-01 08:00:00,0.7611938177843869
region2,region1_to_region2,power,2005-01-01 09:00:00,0.7611938177843869
region2,region1_to_region2,power,2005-01-01 10:00:00,0.7485071303337663
region2,region1_to_region2,power,2005-01-01 11:00:00,0.7485071303337663
region2,region1_to_region2,power,2005-01-01 12:00:00,0.7358210619875499
region2,region1_to_region2,power,2005-01-01 13:00:00,0.7231343745369292
region2,region1_to_region2,power,2005-01-01 14:00:00,0.7340982801620158
region2,region1_to_region2,power,2005-01-01 15:00:00,0.8500000108343271
region2,region1_to_region2,power,2005-01-01 16:00:00,0.8500000108343271
region2,region1_to_region2,power,2005-01-01 17:00:00,0.8500000108343271
region2,region1_to_region2,power,2005-01-01 18:00:00,0.8500000108343271
region2,region1_to_region2,power,2005-01-01 19:00:00,0.8500000108343271
region2,region1_to_region2,power,2005-01-01 20:00:00,0.8119399484824651
region2,region1_to_region2,power,2005-01-01 21:00:00,0.7611938177843869
region2,region1_to_region2,power,2005-01-01 22:00:00,0.6977609996356879
region2,region1_to_region2,power,2005-01-01 23:00:00,0.7104476870863086
region2,region1_to_region2,power,2005-01-02 00:00:00,0.7305930967568246
region2,region1_to_region2,power,2005-01-02 01:00:00,0.8500000108343271
region2,region1_to_region2,power,2005-01-02 02:00:00,0.8500000108343271
region2,region1_to_region2,power,2005-01-02 03:00:00,0.8500000108343271
region2,region1_to_region2,power,2005-01-02 04:00:00,0.8333643040311528
region2,region1_to_region2,power,2005-01-02 05:00:00,0.672388243838851
region2,region1_to_region2,power,2005-01-02 06:00:00,0.6850743121850673
region2,region1_to_region2,power,2005-01-02 07:00:00,0.7104476870863086
region2,region1_to_region2,power,2005-01-02 08:00:00,0.8500000108343271
region2,region1_to_region2,power,2005-01-02 09:00:00,0.8500000108343271
region2,region1_to_region2,power,2005-01-02 10:00:00,0.8500000108343271
region2,region1_to_region2,power,2005-01-02 11:00:00,0.8500000108343271
region2,region1_to_region2,power,2005-01-02 12:00:00,0.8500000108343271
region2,region1_to_region2,power,2005-01-02 13:00:00,0.8500000108343271
region2,region1_to_region2,power,2005-01-02 14:00:00,0.8500000108343271
region2,region1_to_region2,power,2005-01-02 15:00:00,0.8500000108343271
region2,region1_to_region2,power,2005-01-02 16:00:00,0.5911939394384023
region2,region1_to_region2,power,2005-01-02 17:00:00,0.5785072519877817
region2,region1_to_region2,power,2005-01-02 18:00:00,0.8500000108343271
region2,region1_to_region2,power,2005-01-02 19:00:00,0.8500000108343271
region2,region1_to_region2,power,2005-01-02 20:00:00,0.8119399484824651
region2,region1_to_region2,power,2005-01-02 21:00:00,0.7611938177843869
region2,region1_to_region2,power,2005-01-02 22:00:00,0.6977609996356879
region2,region1_to_region2,power,2005-01-02 23:00:00,0.7665740826985423
region2,region1_to_region2,power,2005-01-03 00:00:00,0.8500000108343271
region2,region1_to_region2,power,2005-01-03 01:00:00,0.8500000108343271
region2,region1_to_region2,power,2005-01-03 02:00:00,0.8500000108343271
region2,region1_to_region2,power,2005-01-03 03:00:00,0.8378857473158186
region2,region1_to_region2,power,2005-01-03 04:00:00,0.672388243838851
region2,region1_to_region2,power,2005-01-03 05:00:00,0.672388243838851
region2,region1_to_region2,power,2005-01-03 06:00:00,0.6850743121850673
region2,region1_to_region2,power,2005-01-03 07:00:00,0.7104476870863086
region2,region1_to_region2,power,2005-01-03 08:00:00,0.7611938177843869
region2,region1_to_region2,power,2005-01-03 09:00:00,0.7611938177843869
region2,region1_to_region2,power,2005-01-03 10:00:00,0.7485071303337663
region2,region1_to_region2,power,2005-01-03 11:00:00,0.7485071303337663
region2,region1_to_region2,power,2005-01-03 12:00:00,0.7358210619875499
region2,region1_to_region2,power,2005-01-03 13:00:00,0.7231343745369292
region2,region1_to_region2,power,2005-01-03 14:00:00,0.7104476870863086
region2,region1_to_region2,power,2005-01-03 15:00:00,0.4516416156903839
region2,region1_to_region2,power,2005-01-03 16:00:00,0.5911939394384023
region2,region1_to_region2,power,2005-01-03 17:00:00,0.5785072519877817
region2,region1_to_region2,power,2005-01-03 18:00:00,0.6551672357319573
region2,region1_to_region2,power,2005-01-03 19:00:00,0.8500000108343271
region2,region1_to_region2,power,2005-01-03 20:00:00,0.8500000108343271
region2,region1_to_region2,power,2005-01-03 21:00:00,0.8500000108343271
region2,region1_to_region2,power,2005-01-03 22:00:00,0.8500000108343271
region2,region1_to_region2,power,2005-01-03 23:00:00,0.8500000108343271
region2,region1_to_region2,power,2005-01-04 00:00:00,0.8500000108343271
region2,region1_to_region2,power,2005-01-04 01:00:00,0.8500000108343271
region2,region1_to_region2,power,2005-01-04 02:00:00,0.8500000108343271
region2,region1_to_region2,power,2005-01-04 03:00:00,0.8500000108343271
region2,region1_to_region2,power,2005-01-04 04:00:00,0.7768304448553027
region2,region1_to_region2,power,2005-01-04 05:00:00,0.672388243838851
region2,region1_to_region2,power,2005-01-04 06:00:00,0.6850743121850673
region2,region1_to_region2,power,2005-01-04 07:00:00,0.7104476870863086
region2,region1_to_region2,power,2005-01-04 08:00:00,0.7611938177843869
region2,region1_to_region2,power,2005-01-04 09:00:00,0.7440636942040281
region2,region1_to_region2,power,2005-01-04 10:00:00,0.7674878807991239
region2,region1_to_region2,power,2005-01-04 11:00:00,0.7485071303337663
region2,region1_to_region2,power,2005-01-04 12:00:00,0.7358210619875499
region2,region1_to_region2,power,2005-01-04 13:00:00,0.7231343745369292
region2,region1_to_region2,power,2005-01-04 14:00:00,0.6036631974222721
region2,region1_to_region2,power,2005-01-04 15:00:00,0.4516416156903839
region2,region1_to_region2,power,2005-01-04 16:00:00,0.5911939394384023
region2,region1_to_region2,power,2005-01-04 17:00:00,0.5785072519877817
region2,region1_to_region2,power,2005-01-04 18:00:00,0.5531344961909447
region2,region1_to_region2,power,2005-01-04 19:00:00,0.8500000108343271
region2,region1_to_region2,power,2005-01-04 20:00:00,0.8500000108343271
region2,region1_to_region2,power,2005-01-04 21:00:00,0.8500000108343271
region2,region1_to_region2,power,2005-01-04 22:00:00,0.8500000108343271
region2,region1_to_region2,power,2005-01-04 23:00:00,0.8500000108343271
region2,region1_to_region2,power,2005-01-05 00:00:00,0.8500000108343271
region2,region1_to_region2,power,2005-01-05 01:00:00,0.8500000108343271
region2,region1_to_region2,power,2005-01-05 02:00:00,0.8500000108343271
region2,region1_to_region2,power,2005-01-05 03:00:00,0.8500000108343271
region2,region1_to_region2,power,2005-01-05 04:00:00,0.8500000108343271
region2,region1_to_region2,power,2005-01-05 05:00:00,0.8305951119416602
region2,region1_to_region2,power,2005-01-05 06:00:00,0.6850743121850673
region2,region1_to_region2,power,2005-01-05 07:00:00,0.7104476870863086
region2,region1_to_region2,power,2005-01-05 08:00:00,0.7000532956026345
region2,region1_to_region2,power,2005-01-05 09:00:00,0.6249106129322428
region2,region1_to_region2,power,2005-01-05 10:00:00,0.7270514481022267
region2,region1_to_region2,power,2005-01-05 11:00:00,0.7860407063003065
region2,region1_to_region2,power,2005-01-05 12:00:00,0.8180023426291549
region2,region1_to_region2,power,2005-01-05 13:00:00,0.73763937162265
region2,region1_to_region2,power,2005-01-05 14:00:00,0.5056733334614879
region2,region1_to_region2,power,2005-01-05 15:00:00,0.4516416156903839
region2,region1_to_region2,power,2005-01-05 16:00:00,0.5911939394384023
region2,region1_to_region2,power,2005-01-05 17:00:00,0.5785072519877817
region2,region1_to_region2,power,2005-01-05 18:00:00,0.5531344961909447
region2,region1_to_region2,power,2005-01-05 19:00:00,0.8500000108343271
region2,region1_to_region2,power,2005-01-05 20:00:00,0.8119399484824651
region2,region1_to_region2,power,2005-01-05 21:00:00,0.7611938177843869
region2,region1_to_region2,power,2005-01-05 22:00:00,0.6977609996356879
region2,region1_to_region2,power,2005-01-05 23:00:00,0.7104476870863086
