nodes,techs,costs,timesteps,cost_operation_variable
region1,ccgt,monetary,2005-01-01 00:00:00,1117.4544
region1,ccgt,monetary,2005-01-01 01:00:00,1075.78692
region1,ccgt,monetary,2005-01-01 02:00:00,1047.5869
region1,ccgt,monetary,2005-01-01 03:00:00,1025.21092
region1,ccgt,monetary,2005-01-01 04:00:00,1027.00198
region1,ccgt,monetary,2005-01-01 05:00:00,1049.54918
region1,ccgt,monetary,2005-01-01 06:00:00,1078.73534
region1,ccgt,monetary,2005-01-01 07:00:00,1078.4615
region1,ccgt,monetary,2005-01-01 08:00:00,799.32672
region1,ccgt,monetary,2005-01-01 09:00:00,830.53696
region1,ccgt,monetary,2005-01-01 10:00:00,837.65534
region1,ccgt,monetary,2005-01-01 11:00:00,833.8524600000001
region1,ccgt,monetary,2005-01-01 12:00:00,835.74662
region1,ccgt,monetary,2005-01-01 13:00:00,847.4602000000001
region1,ccgt,monetary,2005-01-01 14:00:00,896.51896
region1,ccgt,monetary,2005-01-01 15:00:00,975.8697999999999
region1,ccgt,monetary,2005-01-01 16:00:00,1033.74372
region1,ccgt,monetary,2005-01-01 17:00:00,1047.83012
region1,ccgt,monetary,2005-01-01 18:00:00,1014.8106
region1,ccgt,monetary,2005-01-01 19:00:00,978.39716
region1,ccgt,monetary,2005-01-01 20:00:00,930.05758
region1,ccgt,monetary,2005-01-01 21:00:00,856.0665600000001
region1,ccgt,monetary,2005-01-01 22:00:00,872.0932000000001
region1,ccgt,monetary,2005-01-01 23:00:00,1110.03074
region1,ccgt,monetary,2005-01-02 00:00:00,1086.71184
region1,ccgt,monetary,2005-01-02 01:00:00,1094.97444
region1,ccgt,monetary,2005-01-02 02:00:00,1098.7293200000001
region1,ccgt,monetary,2005-01-02 03:00:00,1122.88804
region1,ccgt,monetary,2005-01-02 04:00:00,1200.0
region1,ccgt,monetary,2005-01-02 05:00:00,1200.0
region1,ccgt,monetary,2005-01-02 06:00:00,1200.0
region1,ccgt,monetary,2005-01-02 07:00:00,1200.0
region1,ccgt,monetary,2005-01-02 08:00:00,1087.9907600000001
region1,ccgt,monetary,2005-01-02 09:00:00,1111.71876
region1,ccgt,monetary,2005-01-02 10:00:00,1110.63908
region1,ccgt,monetary,2005-01-02 11:00:00,1103.44804
region1,ccgt,monetary,2005-01-02 12:00:00,1098.58468
region1,ccgt,monetary,2005-01-02 13:00:00,1110.25892
region1,ccgt,monetary,2005-01-02 14:00:00,1148.2134800000001
region1,ccgt,monetary,2005-01-02 15:00:00,1199.98756
region1,ccgt,monetary,2005-01-02 16:00:00,1200.0
region1,ccgt,monetary,2005-01-02 17:00:00,1200.0
region1,ccgt,monetary,2005-01-02 18:00:00,1182.43492
region1,ccgt,monetary,2005-01-02 19:00:00,1120.86884
region1,ccgt,monetary,2005-01-02 20:00:00,1200.0
region1,ccgt,monetary,2005-01-02 21:00:00,1200.0
region1,ccgt,monetary,2005-01-02 22:00:00,1200.0
region1,ccgt,monetary,2005-01-02 23:00:00,1200.0
region1,ccgt,monetary,2005-01-03 00:00:00,1185.43524
region1,ccgt,monetary,2005-01-03 01:00:00,1175.1434
region1,ccgt,monetary,2005-01-03 02:00:00,1178.97764
region1,ccgt,monetary,2005-01-03 03:00:00,1200.0
region1,ccgt,monetary,2005-01-03 04:00:00,1200.0
region1,ccgt,monetary,2005-01-03 05:00:00,1200.0
region1,ccgt,monetary,2005-01-03 06:00:00,1200.0
region1,ccgt,monetary,2005-01-03 07:00:00,1200.0
region1,ccgt,monetary,2005-01-03 08:00:00,1200.0
region1,ccgt,monetary,2005-01-03 09:00:00,1200.0
region1,ccgt,monetary,2005-01-03 10:00:00,1200.0
region1,ccgt,monetary,2005-01-03 11:00:00,1200.0
region1,ccgt,monetary,2005-01-03 12:00:00,1200.0
region1,ccgt,monetary,2005-01-03 13:00:00,1200.0
region1,ccgt,monetary,2005-01-03 14:00:00,1200.0
region1,ccgt,monetary,2005-01-03 15:00:00,1200.0
region1,ccgt,monetary,2005-01-03 16:00:00,1200.0
region1,ccgt,monetary,2005-01-03 17:00:00,1200.0
region1,ccgt,monetary,2005-01-03 18:00:00,1200.0
region1,ccgt,monetary,2005-01-03 19:00:00,1200.0
region1,ccgt,monetary,2005-01-03 20:00:00,1200.0
region1,ccgt,monetary,2005-01-03 21:00:00,1200.0
region1,ccgt,monetary,2005-01-03 22:00:00,1200.0
region1,ccgt,monetary,2005-01-03 23:00:00,1200.0
region1,ccgt,monetary,2005-01-04 00:00:00,1200.0
region1,ccgt,monetary,2005-01-04 01:00:00,1198.89508
region1,ccgt,monetary,2005-01-04 02:00:00,1200.0
region1,ccgt,monetary,2005-01-04 03:00:00,1200.0
region1,ccgt,monetary,2005-01-04 04:00:00,1200.0
region1,ccgt,monetary,2005-01-04 05:00:00,1200.0
region1,ccgt,monetary,2005-01-04 06:00:00,1200.0
region1,ccgt,monetary,2005-01-04 07:00:00,1200.0
region1,ccgt,monetary,2005-01-04 08:00:00,1200.0
region1,ccgt,monetary,2005-01-04 09:00:00,1200.0
region1,ccgt,monetary,2005-01-04 10:00:00,1200.0
region1,ccgt,monetary,2005-01-04 11:00:00,1200.0
region1,ccgt,monetary,2005-01-04 12:00:00,1200.0
region1,ccgt,monetary,2005-01-04 13:00:00,1200.0
region1,ccgt,monetary,2005-01-04 14:00:00,1200.0
region1,ccgt,monetary,2005-01-04 15:00:00,1200.0
region1,ccgt,monetary,2005-01-04 16:00:00,1200.0
region1,ccgt,monetary,2005-01-04 17:00:00,1200.0
region1,ccgt,monetary,2005-01-04 18:00:00,1200.0
region1,ccgt,monetary,2005-01-04 19:00:00,1200.0
region1,ccgt,monetary,2005-01-04 20:00:00,1200.0
region1,ccgt,monetary,2005-01-04 21:00:00,1200.0
region1,ccgt,monetary,2005-01-04 22:00:00,1200.0
region1,ccgt,monetary,2005-01-04 23:00:00,1200.0
region1,ccgt,monetary,2005-01-05 00:00:00,1200.0
region1,ccgt,monetary,2005-01-05 01:00:00,1200.0
region1,ccgt,monetary,2005-01-05 02:00:00,1200.0
region1,ccgt,monetary,2005-01-05 03:00:00,1200.0
region1,ccgt,monetary,2005-01-05 04:00:00,1200.0
region1,ccgt,monetary,2005-01-05 05:00:00,1200.0
region1,ccgt,monetary,2005-01-05 06:00:00,1200.0
region1,ccgt,monetary,2005-01-05 07:00:00,1200.0
region1,ccgt,monetary,2005-01-05 08:00:00,1200.0
region1,ccgt,monetary,2005-01-05 09:00:00,1200.0
region1,ccgt,monetary,2005-01-05 10:00:00,1200.0
region1,ccgt,monetary,2005-01-05 11:00:00,1200.0
region1,ccgt,monetary,2005-01-05 12:00:00,1200.0
region1,ccgt,monetary,2005-01-05 13:00:00,1200.0
region1,ccgt,monetary,2005-01-05 14:00:00,1200.0
region1,ccgt,monetary,2005-01-05 15:00:00,1200.0
region1,ccgt,monetary,2005-01-05 16:00:00,1200.0
region1,ccgt,monetary,2005-01-05 17:00:00,1200.0
region1,ccgt,monetary,2005-01-05 18:00:00,1200.0
region1,ccgt,monetary,2005-01-05 19:00:00,1182.4522
region1,ccgt,monetary,2005-01-05 20:00:00,1108.37118
region1,ccgt,monetary,2005-01-05 21:00:00,1009.36512
region1,ccgt,monetary,2005-01-05 22:00:00,921.7001600000001
region1,ccgt,monetary,2005-01-05 23:00:00,913.3812399999999
region1,region1_to_region2,monetary,2005-01-01 00:00:00,0.0
region1,region1_to_region2,monetary,2005-01-01 01:00:00,0.0
region1,region1_to_region2,monetary,2005-01-01 02:00:00,0.0
region1,region1_to_region2,monetary,2005-01-01 03:00:00,0.0
region1,region1_to_region2,monetary,2005-01-01 04:00:00,0.0
region1,region1_to_region2,monetary,2005-01-01 05:00:00,0.0
region1,region1_to_region2,monetary,2005-01-01 06:00:00,0.0
region1,region1_to_region2,monetary,2005-01-01 07:00:00,0.0
region1,region1_to_region2,monetary,2005-01-01 08:00:00,0.0
region1,region1_to_region2,monetary,2005-01-01 09:00:00,0.0
region1,region1_to_region2,monetary,2005-01-01 10:00:00,0.0
region1,region1_to_region2,monetary,2005-01-01 11:00:00,0.0
region1,region1_to_region2,monetary,2005-01-01 12:00:00,0.0
region1,region1_to_region2,monetary,2005-01-01 13:00:00,0.0
region1,region1_to_region2,monetary,2005-01-01 14:00:00,0.0
region1,region1_to_region2,monetary,2005-01-01 15:00:00,0.0
region1,region1_to_region2,monetary,2005-01-01 16:00:00,0.0
region1,region1_to_region2,monetary,2005-01-01 17:00:00,0.0
region1,region1_to_region2,monetary,2005-01-01 18:00:00,0.0
region1,region1_to_region2,monetary,2005-01-01 19:00:00,0.0
region1,region1_to_region2,monetary,2005-01-01 20:00:00,0.0
region1,region1_to_region2,monetary,2005-01-01 21:00:00,0.0
region1,region1_to_region2,monetary,2005-01-01 22:00:00,0.0
region1,region1_to_region2,monetary,2005-01-01 23:00:00,0.0
region1,region1_to_region2,monetary,2005-01-02 00:00:00,0.0
region1,region1_to_region2,monetary,2005-01-02 01:00:00,0.0
region1,region1_to_region2,monetary,2005-01-02 02:00:00,0.0
region1,region1_to_region2,monetary,2005-01-02 03:00:00,0.0
region1,region1_to_region2,monetary,2005-01-02 04:00:00,0.0
region1,region1_to_region2,monetary,2005-01-02 05:00:00,0.0
region1,region1_to_region2,monetary,2005-01-02 06:00:00,0.0
region1,region1_to_region2,monetary,2005-01-02 07:00:00,0.0
region1,region1_to_region2,monetary,2005-01-02 08:00:00,0.0
region1,region1_to_region2,monetary,2005-01-02 09:00:00,0.0
region1,region1_to_region2,monetary,2005-01-02 10:00:00,0.0
region1,region1_to_region2,monetary,2005-01-02 11:00:00,0.0
region1,region1_to_region2,monetary,2005-01-02 12:00:00,0.0
region1,region1_to_region2,monetary,2005-01-02 13:00:00,0.0
region1,region1_to_region2,monetary,2005-01-02 14:00:00,0.0
region1,region1_to_region2,monetary,2005-01-02 15:00:00,0.0
region1,region1_to_region2,monetary,2005-01-02 16:00:00,0.0
region1,region1_to_region2,monetary,2005-01-02 17:00:00,0.0
region1,region1_to_region2,monetary,2005-01-02 18:00:00,0.0
region1,region1_to_region2,monetary,2005-01-02 19:00:00,0.0
region1,region1_to_region2,monetary,2005-01-02 20:00:00,0.0
region1,region1_to_region2,monetary,2005-01-02 21:00:00,0.0
region1,region1_to_region2,monetary,2005-01-02 22:00:00,0.0
region1,region1_to_region2,monetary,2005-01-02 23:00:00,0.0
region1,region1_to_region2,monetary,2005-01-03 00:00:00,0.0
region1,region1_to_region2,monetary,2005-01-03 01:00:00,0.0
region1,region1_to_region2,monetary,2005-01-03 02:00:00,0.0
region1,region1_to_region2,monetary,2005-01-03 03:00:00,0.0
region1,region1_to_region2,monetary,2005-01-03 04:00:00,0.0
region1,region1_to_region2,monetary,2005-01-03 05:00:00,0.0
region1,region1_to_region2,monetary,2005-01-03 06:00:00,0.0
region1,region1_to_region2,monetary,2005-01-03 07:00:00,0.0
region1,region1_to_region2,monetary,2005-01-03 08:00:00,0.0
region1,region1_to_region2,monetary,2005-01-03 09:00:00,0.0
region1,region1_to_region2,monetary,2005-01-03 10:00:00,0.0
region1,region1_to_region2,monetary,2005-01-03 11:00:00,0.0
region1,region1_to_region2,monetary,2005-01-03 12:00:00,0.0
region1,region1_to_region2,monetary,2005-01-03 13:00:00,0.0
region1,region1_to_region2,monetary,2005-01-03 14:00:00,0.0
region1,region1_to_region2,monetary,2005-01-03 15:00:00,0.0
region1,region1_to_region2,monetary,2005-01-03 16:00:00,0.0
region1,region1_to_region2,monetary,2005-01-03 17:00:00,0.0
region1,region1_to_region2,monetary,2005-01-03 18:00:00,0.0
region1,region1_to_region2,monetary,2005-01-03 19:00:00,0.0
region1,region1_to_region2,monetary,2005-01-03 20:00:00,0.0
region1,region1_to_region2,monetary,2005-01-03 21:00:00,0.0
region1,region1_to_region2,monetary,2005-01-03 22:00:00,0.0
region1,region1_to_region2,monetary,2005-01-03 23:00:00,0.0
region1,region1_to_region2,monetary,2005-01-04 00:00:00,0.0
region1,region1_to_region2,monetary,2005-01-04 01:00:00,0.0
region1,region1_to_region2,monetary,2005-01-04 02:00:00,0.0
region1,region1_to_region2,monetary,2005-01-04 03:00:00,0.0
region1,region1_to_region2,monetary,2005-01-04 04:00:00,0.0
region1,region1_to_region2,monetary,2005-01-04 05:00:00,0.0
region1,region1_to_region2,monetary,2005-01-04 06:00:00,0.0
region1,region1_to_region2,monetary,2005-01-04 07:00:00,0.0
region1,region1_to_region2,monetary,2005-01-04 08:00:00,0.0
region1,region1_to_region2,monetary,2005-01-04 09:00:00,0.0
region1,region1_to_region2,monetary,2005-01-04 10:00:00,0.0
region1,region1_to_region2,monetary,2005-01-04 11:00:00,0.0
region1,region1_to_region2,monetary,2005-01-04 12:00:00,0.0
region1,region1_to_region2,monetary,2005-01-04 13:00:00,0.0
region1,region1_to_region2,monetary,2005-01-04 14:00:00,0.0
region1,region1_to_region2,monetary,2005-01-04 15:00:00,0.0
region1,region1_to_region2,monetary,2005-01-04 16:00:00,0.0
region1,region1_to_region2,monetary,2005-01-04 17:00:00,0.0
region1,region1_to_region2,monetary,2005-01-04 18:00:00,0.0
region1,region1_to_region2,monetary,2005-01-04 19:00:00,0.0
region1,region1_to_region2,monetary,2005-01-04 20:00:00,0.0
region1,region1_to_region2,monetary,2005-01-04 21:00:00,0.0
region1,region1_to_region2,monetary,2005-01-04 22:00:00,0.0
region1,region1_to_region2,monetary,2005-01-04 23:00:00,0.0
region1,region1_to_region2,monetary,2005-01-05 00:00:00,0.0
region1,region1_to_region2,monetary,2005-01-05 01:00:00,0.0
region1,region1_to_region2,monetary,2005-01-05 02:00:00,0.0
region1,region1_to_region2,monetary,2005-01-05 03:00:00,0.0
region1,region1_to_region2,monetary,2005-01-05 04:00:00,0.0
region1,region1_to_region2,monetary,2005-01-05 05:00:00,0.0
region1,region1_to_region2,monetary,2005-01-05 06:00:00,0.0
region1,region1_to_region2,monetary,2005-01-05 07:00:00,0.0
region1,region1_to_region2,monetary,2005-01-05 08:00:00,0.0
region1,region1_to_region2,monetary,2005-01-05 09:00:00,0.0
region1,region1_to_region2,monetary,2005-01-05 10:00:00,0.0
region1,region1_to_region2,monetary,2005-01-05 11:00:00,0.0
region1,region1_to_region2,monetary,2005-01-05 12:00:00,0.0
region1,region1_to_region2,monetary,2005-01-05 13:00:00,0.0
region1,region1_to_region2,monetary,2005-01-05 14:00:00,0.0
region1,region1_to_region2,monetary,2005-01-05 15:00:00,0.0
region1,region1_to_region2,monetary,2005-01-05 16:00:00,0.0
region1,region1_to_region2,monetary,2005-01-05 17:00:00,0.0
region1,region1_to_region2,monetary,2005-01-05 18:00:00,0.0
region1,region1_to_region2,monetary,2005-01-05 19:00:00,0.0
region1,region1_to_region2,monetary,2005-01-05 20:00:00,0.0
region1,region1_to_region2,monetary,2005-01-05 21:00:00,0.0
region1,region1_to_region2,monetary,2005-01-05 22:00:00,0.0
region1,region1_to_region2,monetary,2005-01-05 23:00:00,0.0
region1_1,csp,monetary,2005-01-01 00:00:00,0.0
region1_1,csp,monetary,2005-01-01 01:00:00,0.0
region1_1,csp,monetary,2005-01-01 02:00:00,0.0
region1_1,csp,monetary,2005-01-01 03:00:00,0.0
region1_1,csp,monetary,2005-01-01 04:00:00,0.0
region1_1,csp,monetary,2005-01-01 05:00:00,0.0
region1_1,csp,monetary,2005-01-01 06:00:00,0.0
region1_1,csp,monetary,2005-01-01 07:00:00,1.97705364
region1_1,csp,monetary,2005-01-01 08:00:00,18.0
region1_1,csp,monetary,2005-01-01 09:00:00,18.0
region1_1,csp,monetary,2005-01-01 10:00:00,18.0
region1_1,csp,monetary,2005-01-01 11:00:00,18.0
region1_1,csp,monetary,2005-01-01 12:00:00,18.0
region1_1,csp,monetary,2005-01-01 13:00:00,18.0
region1_1,csp,monetary,2005-01-01 14:00:00,18.0
region1_1,csp,monetary,2005-01-01 15:00:00,18.0
region1_1,csp,monetary,2005-01-01 16:00:00,18.0
region1_1,csp,monetary,2005-01-01 17:00:00,18.0
region1_1,csp,monetary,2005-01-01 18:00:00,18.0
region1_1,csp,monetary,2005-01-01 19:00:00,18.0
region1_1,csp,monetary,2005-01-01 20:00:00,18.0
region1_1,csp,monetary,2005-01-01 21:00:00,18.0
region1_1,csp,monetary,2005-01-01 22:00:00,13.7023644
region1_1,csp,monetary,2005-01-01 23:00:00,0.0
region1_1,csp,monetary,2005-01-02 00:00:00,0.0
region1_1,csp,monetary,2005-01-02 01:00:00,0.0
region1_1,csp,monetary,2005-01-02 02:00:00,0.0
region1_1,csp,monetary,2005-01-02 03:00:00,0.0
region1_1,csp,monetary,2005-01-02 04:00:00,0.0
region1_1,csp,monetary,2005-01-02 05:00:00,3.6980988000000004
region1_1,csp,monetary,2005-01-02 06:00:00,7.331999
region1_1,csp,monetary,2005-01-02 07:00:00,9.784769
region1_1,csp,monetary,2005-01-02 08:00:00,18.0
region1_1,csp,monetary,2005-01-02 09:00:00,18.0
region1_1,csp,monetary,2005-01-02 10:00:00,18.0
region1_1,csp,monetary,2005-01-02 11:00:00,18.0
region1_1,csp,monetary,2005-01-02 12:00:00,18.0
region1_1,csp,monetary,2005-01-02 13:00:00,18.0
region1_1,csp,monetary,2005-01-02 14:00:00,18.0
region1_1,csp,monetary,2005-01-02 15:00:00,18.0
region1_1,csp,monetary,2005-01-02 16:00:00,18.0
region1_1,csp,monetary,2005-01-02 17:00:00,18.0
region1_1,csp,monetary,2005-01-02 18:00:00,18.0
region1_1,csp,monetary,2005-01-02 19:00:00,18.0
region1_1,csp,monetary,2005-01-02 20:00:00,10.582047000000001
region1_1,csp,monetary,2005-01-02 21:00:00,5.879584
region1_1,csp,monetary,2005-01-02 22:00:00,1.78696
region1_1,csp,monetary,2005-01-02 23:00:00,0.0
region1_1,csp,monetary,2005-01-03 00:00:00,0.0
region1_1,csp,monetary,2005-01-03 01:00:00,0.0
region1_1,csp,monetary,2005-01-03 02:00:00,0.0
region1_1,csp,monetary,2005-01-03 03:00:00,0.0
region1_1,csp,monetary,2005-01-03 04:00:00,3.2144828000000003
region1_1,csp,monetary,2005-01-03 05:00:00,8.9419708
region1_1,csp,monetary,2005-01-03 06:00:00,12.858911
region1_1,csp,monetary,2005-01-03 07:00:00,14.982816999999999
region1_1,csp,monetary,2005-01-03 08:00:00,16.282944
region1_1,csp,monetary,2005-01-03 09:00:00,16.872192
region1_1,csp,monetary,2005-01-03 10:00:00,16.345423
region1_1,csp,monetary,2005-01-03 11:00:00,15.731151
region1_1,csp,monetary,2005-01-03 12:00:00,15.430594800000001
region1_1,csp,monetary,2005-01-03 13:00:00,16.0185138
region1_1,csp,monetary,2005-01-03 14:00:00,17.852641
region1_1,csp,monetary,2005-01-03 15:00:00,18.0
region1_1,csp,monetary,2005-01-03 16:00:00,18.0
region1_1,csp,monetary,2005-01-03 17:00:00,18.0
region1_1,csp,monetary,2005-01-03 18:00:00,18.0
region1_1,csp,monetary,2005-01-03 19:00:00,16.1664818
region1_1,csp,monetary,2005-01-03 20:00:00,12.628337799999999
region1_1,csp,monetary,2005-01-03 21:00:00,8.1307378
region1_1,csp,monetary,2005-01-03 22:00:00,4.4041778
region1_1,csp,monetary,2005-01-03 23:00:00,1.9838258800000002
region1_1,csp,monetary,2005-01-04 00:00:00,0.5307698799999999
region1_1,csp,monetary,2005-01-04 01:00:00,0.0
region1_1,csp,monetary,2005-01-04 02:00:00,0.190801882
region1_1,csp,monetary,2005-01-04 03:00:00,1.28654588
region1_1,csp,monetary,2005-01-04 04:00:00,5.1596238
region1_1,csp,monetary,2005-01-04 05:00:00,10.1778748
region1_1,csp,monetary,2005-01-04 06:00:00,14.154527
region1_1,csp,monetary,2005-01-04 07:00:00,16.221153
region1_1,csp,monetary,2005-01-04 08:00:00,17.453056
region1_1,csp,monetary,2005-01-04 09:00:00,18.0
region1_1,csp,monetary,2005-01-04 10:00:00,17.7090258
region1_1,csp,monetary,2005-01-04 11:00:00,17.071631
region1_1,csp,monetary,2005-01-04 12:00:00,16.809282800000002
region1_1,csp,monetary,2005-01-04 13:00:00,17.1756018
region1_1,csp,monetary,2005-01-04 14:00:00,18.0
region1_1,csp,monetary,2005-01-04 15:00:00,18.0
region1_1,csp,monetary,2005-01-04 16:00:00,18.0
region1_1,csp,monetary,2005-01-04 17:00:00,18.0
region1_1,csp,monetary,2005-01-04 18:00:00,18.0
region1_1,csp,monetary,2005-01-04 19:00:00,17.1892018
region1_1,csp,monetary,2005-01-04 20:00:00,13.7501618
region1_1,csp,monetary,2005-01-04 21:00:00,9.071825800000001
region1_1,csp,monetary,2005-01-04 22:00:00,5.1882098
region1_1,csp,monetary,2005-01-04 23:00:00,2.6292338
region1_1,csp,monetary,2005-01-05 00:00:00,1.2084018799999998
region1_1,csp,monetary,2005-01-05 01:00:00,0.67236988
region1_1,csp,monetary,2005-01-05 02:00:00,0.91252988
region1_1,csp,monetary,2005-01-05 03:00:00,2.0875698000000003
region1_1,csp,monetary,2005-01-05 04:00:00,6.6110898
region1_1,csp,monetary,2005-01-05 05:00:00,12.421127
region1_1,csp,monetary,2005-01-05 06:00:00,15.250847
region1_1,csp,monetary,2005-01-05 07:00:00,17.318465
region1_1,csp,monetary,2005-01-05 08:00:00,18.0
region1_1,csp,monetary,2005-01-05 09:00:00,18.0
region1_1,csp,monetary,2005-01-05 10:00:00,18.0
region1_1,csp,monetary,2005-01-05 11:00:00,18.0
region1_1,csp,monetary,2005-01-05 12:00:00,18.0
region1_1,csp,monetary,2005-01-05 13:00:00,18.0
region1_1,csp,monetary,2005-01-05 14:00:00,18.0
region1_1,csp,monetary,2005-01-05 15:00:00,18.0
region1_1,csp,monetary,2005-01-05 16:00:00,18.0
region1_1,csp,monetary,2005-01-05 17:00:00,18.0
region1_1,csp,monetary,2005-01-05 18:00:00,18.0
region1_1,csp,monetary,2005-01-05 19:00:00,18.0
region1_1,csp,monetary,2005-01-05 20:00:00,18.0
region1_1,csp,monetary,2005-01-05 21:00:00,18.0
region1_1,csp,monetary,2005-01-05 22:00:00,18.0
region1_1,csp,monetary,2005-01-05 23:00:00,15.9969868
region1_2,csp,monetary,2005-01-01 00:00:00,0.0
region1_2,csp,monetary,2005-01-01 01:00:00,0.0
region1_2,csp,monetary,2005-01-01 02:00:00,0.0
region1_2,csp,monetary,2005-01-01 03:00:00,0.0
region1_2,csp,monetary,2005-01-01 04:00:00,0.0
region1_2,csp,monetary,2005-01-01 05:00:00,0.0
region1_2,csp,monetary,2005-01-01 06:00:00,0.0
region1_2,csp,monetary,2005-01-01 07:00:00,0.0
region1_2,csp,monetary,2005-01-01 08:00:00,0.0
region1_2,csp,monetary,2005-01-01 09:00:00,0.0
region1_2,csp,monetary,2005-01-01 10:00:00,0.0
region1_2,csp,monetary,2005-01-01 11:00:00,0.0
region1_2,csp,monetary,2005-01-01 12:00:00,0.0
region1_2,csp,monetary,2005-01-01 13:00:00,0.0
region1_2,csp,monetary,2005-01-01 14:00:00,0.0
region1_2,csp,monetary,2005-01-01 15:00:00,0.0
region1_2,csp,monetary,2005-01-01 16:00:00,0.0
region1_2,csp,monetary,2005-01-01 17:00:00,0.0
region1_2,csp,monetary,2005-01-01 18:00:00,0.0
region1_2,csp,monetary,2005-01-01 19:00:00,0.0
region1_2,csp,monetary,2005-01-01 20:00:00,0.0
region1_2,csp,monetary,2005-01-01 21:00:00,0.0
region1_2,csp,monetary,2005-01-01 22:00:00,0.0
region1_2,csp,monetary,2005-01-01 23:00:00,0.0
region1_2,csp,monetary,2005-01-02 00:00:00,0.0
region1_2,csp,monetary,2005-01-02 01:00:00,0.0
region1_2,csp,monetary,2005-01-02 02:00:00,0.0
region1_2,csp,monetary,2005-01-02 03:00:00,0.0
region1_2,csp,monetary,2005-01-02 04:00:00,0.0
region1_2,csp,monetary,2005-01-02 05:00:00,0.0
region1_2,csp,monetary,2005-01-02 06:00:00,0.0
region1_2,csp,monetary,2005-01-02 07:00:00,0.0
region1_2,csp,monetary,2005-01-02 08:00:00,0.0
region1_2,csp,monetary,2005-01-02 09:00:00,0.0
region1_2,csp,monetary,2005-01-02 10:00:00,0.0
region1_2,csp,monetary,2005-01-02 11:00:00,0.0
region1_2,csp,monetary,2005-01-02 12:00:00,0.0
region1_2,csp,monetary,2005-01-02 13:00:00,0.0
region1_2,csp,monetary,2005-01-02 14:00:00,0.0
region1_2,csp,monetary,2005-01-02 15:00:00,0.0
region1_2,csp,monetary,2005-01-02 16:00:00,0.0
region1_2,csp,monetary,2005-01-02 17:00:00,0.0
region1_2,csp,monetary,2005-01-02 18:00:00,0.0
region1_2,csp,monetary,2005-01-02 19:00:00,0.0
region1_2,csp,monetary,2005-01-02 20:00:00,0.0
region1_2,csp,monetary,2005-01-02 21:00:00,0.0
region1_2,csp,monetary,2005-01-02 22:00:00,0.0
region1_2,csp,monetary,2005-01-02 23:00:00,0.0
region1_2,csp,monetary,2005-01-03 00:00:00,0.0
region1_2,csp,monetary,2005-01-03 01:00:00,0.0
region1_2,csp,monetary,2005-01-03 02:00:00,0.0
region1_2,csp,monetary,2005-01-03 03:00:00,0.0
region1_2,csp,monetary,2005-01-03 04:00:00,0.0
region1_2,csp,monetary,2005-01-03 05:00:00,0.0
region1_2,csp,monetary,2005-01-03 06:00:00,0.0
region1_2,csp,monetary,2005-01-03 07:00:00,0.0
region1_2,csp,monetary,2005-01-03 08:00:00,0.0
region1_2,csp,monetary,2005-01-03 09:00:00,0.0
region1_2,csp,monetary,2005-01-03 10:00:00,0.0
region1_2,csp,monetary,2005-01-03 11:00:00,0.0
region1_2,csp,monetary,2005-01-03 12:00:00,0.0
region1_2,csp,monetary,2005-01-03 13:00:00,0.0
region1_2,csp,monetary,2005-01-03 14:00:00,0.0
region1_2,csp,monetary,2005-01-03 15:00:00,0.0
region1_2,csp,monetary,2005-01-03 16:00:00,0.0
region1_2,csp,monetary,2005-01-03 17:00:00,0.0
region1_2,csp,monetary,2005-01-03 18:00:00,0.0
region1_2,csp,monetary,2005-01-03 19:00:00,0.0
region1_2,csp,monetary,2005-01-03 20:00:00,0.0
region1_2,csp,monetary,2005-01-03 21:00:00,0.0
region1_2,csp,monetary,2005-01-03 22:00:00,0.0
region1_2,csp,monetary,2005-01-03 23:00:00,0.0
region1_2,csp,monetary,2005-01-04 00:00:00,0.0
region1_2,csp,monetary,2005-01-04 01:00:00,0.0
region1_2,csp,monetary,2005-01-04 02:00:00,0.0
region1_2,csp,monetary,2005-01-04 03:00:00,0.0
region1_2,csp,monetary,2005-01-04 04:00:00,0.0
region1_2,csp,monetary,2005-01-04 05:00:00,0.0
region1_2,csp,monetary,2005-01-04 06:00:00,0.0
region1_2,csp,monetary,2005-01-04 07:00:00,0.0
region1_2,csp,monetary,2005-01-04 08:00:00,0.0
region1_2,csp,monetary,2005-01-04 09:00:00,0.0
region1_2,csp,monetary,2005-01-04 10:00:00,0.0
region1_2,csp,monetary,2005-01-04 11:00:00,0.0
region1_2,csp,monetary,2005-01-04 12:00:00,0.0
region1_2,csp,monetary,2005-01-04 13:00:00,0.0
region1_2,csp,monetary,2005-01-04 14:00:00,0.0
region1_2,csp,monetary,2005-01-04 15:00:00,0.0
region1_2,csp,monetary,2005-01-04 16:00:00,0.0
region1_2,csp,monetary,2005-01-04 17:00:00,0.0
region1_2,csp,monetary,2005-01-04 18:00:00,0.0
region1_2,csp,monetary,2005-01-04 19:00:00,0.0
region1_2,csp,monetary,2005-01-04 20:00:00,0.0
region1_2,csp,monetary,2005-01-04 21:00:00,0.0
region1_2,csp,monetary,2005-01-04 22:00:00,0.0
region1_2,csp,monetary,2005-01-04 23:00:00,0.0
region1_2,csp,monetary,2005-01-05 00:00:00,0.0
region1_2,csp,monetary,2005-01-05 01:00:00,0.0
region1_2,csp,monetary,2005-01-05 02:00:00,0.0
region1_2,csp,monetary,2005-01-05 03:00:00,0.0
region1_2,csp,monetary,2005-01-05 04:00:00,0.0
region1_2,csp,monetary,2005-01-05 05:00:00,0.0
region1_2,csp,monetary,2005-01-05 06:00:00,0.0
region1_2,csp,monetary,2005-01-05 07:00:00,0.0
region1_2,csp,monetary,2005-01-05 08:00:00,0.0
region1_2,csp,monetary,2005-01-05 09:00:00,0.0
region1_2,csp,monetary,2005-01-05 10:00:00,0.0
region1_2,csp,monetary,2005-01-05 11:00:00,0.0
region1_2,csp,monetary,2005-01-05 12:00:00,0.0
region1_2,csp,monetary,2005-01-05 13:00:00,0.0
region1_2,csp,monetary,2005-01-05 14:00:00,0.0
region1_2,csp,monetary,2005-01-05 15:00:00,0.0
region1_2,csp,monetary,2005-01-05 16:00:00,0.0
region1_2,csp,monetary,2005-01-05 17:00:00,0.0
region1_2,csp,monetary,2005-01-05 18:00:00,0.0
region1_2,csp,monetary,2005-01-05 19:00:00,0.0
region1_2,csp,monetary,2005-01-05 20:00:00,0.0
region1_2,csp,monetary,2005-01-05 21:00:00,0.0
region1_2,csp,monetary,2005-01-05 22:00:00,0.0
region1_2,csp,monetary,2005-01-05 23:00:00,0.0
region1_3,csp,monetary,2005-01-01 00:00:00,0.0
region1_3,csp,monetary,2005-01-01 01:00:00,0.0
region1_3,csp,monetary,2005-01-01 02:00:00,0.0
region1_3,csp,monetary,2005-01-01 03:00:00,0.0
region1_3,csp,monetary,2005-01-01 04:00:00,0.0
region1_3,csp,monetary,2005-01-01 05:00:00,0.0
region1_3,csp,monetary,2005-01-01 06:00:00,0.0
region1_3,csp,monetary,2005-01-01 07:00:00,0.0
region1_3,csp,monetary,2005-01-01 08:00:00,0.0
region1_3,csp,monetary,2005-01-01 09:00:00,0.0
region1_3,csp,monetary,2005-01-01 10:00:00,0.0
region1_3,csp,monetary,2005-01-01 11:00:00,0.0
region1_3,csp,monetary,2005-01-01 12:00:00,0.0
region1_3,csp,monetary,2005-01-01 13:00:00,0.0
region1_3,csp,monetary,2005-01-01 14:00:00,0.0
region1_3,csp,monetary,2005-01-01 15:00:00,0.0
region1_3,csp,monetary,2005-01-01 16:00:00,0.0
region1_3,csp,monetary,2005-01-01 17:00:00,0.0
region1_3,csp,monetary,2005-01-01 18:00:00,0.0
region1_3,csp,monetary,2005-01-01 19:00:00,0.0
region1_3,csp,monetary,2005-01-01 20:00:00,0.0
region1_3,csp,monetary,2005-01-01 21:00:00,0.0
region1_3,csp,monetary,2005-01-01 22:00:00,0.0
region1_3,csp,monetary,2005-01-01 23:00:00,0.0
region1_3,csp,monetary,2005-01-02 00:00:00,0.0
region1_3,csp,monetary,2005-01-02 01:00:00,0.0
region1_3,csp,monetary,2005-01-02 02:00:00,0.0
region1_3,csp,monetary,2005-01-02 03:00:00,0.0
region1_3,csp,monetary,2005-01-02 04:00:00,0.0
region1_3,csp,monetary,2005-01-02 05:00:00,0.0
region1_3,csp,monetary,2005-01-02 06:00:00,0.0
region1_3,csp,monetary,2005-01-02 07:00:00,0.0
region1_3,csp,monetary,2005-01-02 08:00:00,0.0
region1_3,csp,monetary,2005-01-02 09:00:00,0.0
region1_3,csp,monetary,2005-01-02 10:00:00,0.0
region1_3,csp,monetary,2005-01-02 11:00:00,0.0
region1_3,csp,monetary,2005-01-02 12:00:00,0.0
region1_3,csp,monetary,2005-01-02 13:00:00,0.0
region1_3,csp,monetary,2005-01-02 14:00:00,0.0
region1_3,csp,monetary,2005-01-02 15:00:00,0.0
region1_3,csp,monetary,2005-01-02 16:00:00,0.13257976400000002
region1_3,csp,monetary,2005-01-02 17:00:00,0.073330824
region1_3,csp,monetary,2005-01-02 18:00:00,0.0
region1_3,csp,monetary,2005-01-02 19:00:00,0.0
region1_3,csp,monetary,2005-01-02 20:00:00,0.0
region1_3,csp,monetary,2005-01-02 21:00:00,0.0
region1_3,csp,monetary,2005-01-02 22:00:00,0.0
region1_3,csp,monetary,2005-01-02 23:00:00,0.0
region1_3,csp,monetary,2005-01-03 00:00:00,0.0
region1_3,csp,monetary,2005-01-03 01:00:00,0.0
region1_3,csp,monetary,2005-01-03 02:00:00,0.0
region1_3,csp,monetary,2005-01-03 03:00:00,0.0
region1_3,csp,monetary,2005-01-03 04:00:00,0.0
region1_3,csp,monetary,2005-01-03 05:00:00,0.0
region1_3,csp,monetary,2005-01-03 06:00:00,0.0
region1_3,csp,monetary,2005-01-03 07:00:00,0.0
region1_3,csp,monetary,2005-01-03 08:00:00,0.0
region1_3,csp,monetary,2005-01-03 09:00:00,0.0
region1_3,csp,monetary,2005-01-03 10:00:00,0.0
region1_3,csp,monetary,2005-01-03 11:00:00,0.0
region1_3,csp,monetary,2005-01-03 12:00:00,0.0
region1_3,csp,monetary,2005-01-03 13:00:00,0.0
region1_3,csp,monetary,2005-01-03 14:00:00,0.0
region1_3,csp,monetary,2005-01-03 15:00:00,0.43451481999999997
region1_3,csp,monetary,2005-01-03 16:00:00,3.4286118
region1_3,csp,monetary,2005-01-03 17:00:00,2.8021628
region1_3,csp,monetary,2005-01-03 18:00:00,0.0
region1_3,csp,monetary,2005-01-03 19:00:00,0.0
region1_3,csp,monetary,2005-01-03 20:00:00,0.0
region1_3,csp,monetary,2005-01-03 21:00:00,0.0
region1_3,csp,monetary,2005-01-03 22:00:00,0.0
region1_3,csp,monetary,2005-01-03 23:00:00,0.0
region1_3,csp,monetary,2005-01-04 00:00:00,0.0
region1_3,csp,monetary,2005-01-04 01:00:00,0.0
region1_3,csp,monetary,2005-01-04 02:00:00,0.0
region1_3,csp,monetary,2005-01-04 03:00:00,0.0
region1_3,csp,monetary,2005-01-04 04:00:00,0.0
region1_3,csp,monetary,2005-01-04 05:00:00,0.0
region1_3,csp,monetary,2005-01-04 06:00:00,0.0
region1_3,csp,monetary,2005-01-04 07:00:00,0.0
region1_3,csp,monetary,2005-01-04 08:00:00,0.0
region1_3,csp,monetary,2005-01-04 09:00:00,0.0
region1_3,csp,monetary,2005-01-04 10:00:00,0.0
region1_3,csp,monetary,2005-01-04 11:00:00,0.0
region1_3,csp,monetary,2005-01-04 12:00:00,0.0
region1_3,csp,monetary,2005-01-04 13:00:00,0.0
region1_3,csp,monetary,2005-01-04 14:00:00,0.0
region1_3,csp,monetary,2005-01-04 15:00:00,1.32462682
region1_3,csp,monetary,2005-01-04 16:00:00,4.4176678
region1_3,csp,monetary,2005-01-04 17:00:00,3.8673468
region1_3,csp,monetary,2005-01-04 18:00:00,0.32251764
region1_3,csp,monetary,2005-01-04 19:00:00,0.0
region1_3,csp,monetary,2005-01-04 20:00:00,0.0
region1_3,csp,monetary,2005-01-04 21:00:00,0.0
region1_3,csp,monetary,2005-01-04 22:00:00,0.0
region1_3,csp,monetary,2005-01-04 23:00:00,0.0
region1_3,csp,monetary,2005-01-05 00:00:00,0.0
region1_3,csp,monetary,2005-01-05 01:00:00,0.0
region1_3,csp,monetary,2005-01-05 02:00:00,0.0
region1_3,csp,monetary,2005-01-05 03:00:00,0.0
region1_3,csp,monetary,2005-01-05 04:00:00,0.0
region1_3,csp,monetary,2005-01-05 05:00:00,0.0
region1_3,csp,monetary,2005-01-05 06:00:00,0.0
region1_3,csp,monetary,2005-01-05 07:00:00,0.0
region1_3,csp,monetary,2005-01-05 08:00:00,0.0
region1_3,csp,monetary,2005-01-05 09:00:00,0.0
region1_3,csp,monetary,2005-01-05 10:00:00,0.0
region1_3,csp,monetary,2005-01-05 11:00:00,0.0
region1_3,csp,monetary,2005-01-05 12:00:00,0.0
region1_3,csp,monetary,2005-01-05 13:00:00,0.0
region1_3,csp,monetary,2005-01-05 14:00:00,0.0
region1_3,csp,monetary,2005-01-05 15:00:00,1.8392188200000001
region1_3,csp,monetary,2005-01-05 16:00:00,4.5607718
region1_3,csp,monetary,2005-01-05 17:00:00,3.6593148
region1_3,csp,monetary,2005-01-05 18:00:00,0.186037648
region1_3,csp,monetary,2005-01-05 19:00:00,0.0
region1_3,csp,monetary,2005-01-05 20:00:00,0.0
region1_3,csp,monetary,2005-01-05 21:00:00,0.0
region1_3,csp,monetary,2005-01-05 22:00:00,0.0
region1_3,csp,monetary,2005-01-05 23:00:00,0.0
region2,region1_to_region2,monetary,2005-01-01 00:00:00,4.508196
region2,region1_to_region2,monetary,2005-01-01 01:00:00,4.262296
region2,region1_to_region2,monetary,2005-01-01 02:00:00,4.180328
region2,region1_to_region2,monetary,2005-01-01 03:00:00,4.262296
region2,region1_to_region2,monetary,2005-01-01 04:00:00,4.344264
region2,region1_to_region2,monetary,2005-01-01 05:00:00,4.344264
region2,region1_to_region2,monetary,2005-01-01 06:00:00,4.426228
region2,region1_to_region2,monetary,2005-01-01 07:00:00,4.590164
region2,region1_to_region2,monetary,2005-01-01 08:00:00,4.918032
region2,region1_to_region2,monetary,2005-01-01 09:00:00,4.918032
region2,region1_to_region2,monetary,2005-01-01 10:00:00,4.836064
region2,region1_to_region2,monetary,2005-01-01 11:00:00,4.836064
region2,region1_to_region2,monetary,2005-01-01 12:00:00,4.7541
region2,region1_to_region2,monetary,2005-01-01 13:00:00,4.6721319999999995
region2,region1_to_region2,monetary,2005-01-01 14:00:00,4.742969199999999
region2,region1_to_region2,monetary,2005-01-01 15:00:00,5.491804
region2,region1_to_region2,monetary,2005-01-01 16:00:00,5.491804
region2,region1_to_region2,monetary,2005-01-01 17:00:00,5.491804
region2,region1_to_region2,monetary,2005-01-01 18:00:00,5.491804
region2,region1_to_region2,monetary,2005-01-01 19:00:00,5.491804
region2,region1_to_region2,monetary,2005-01-01 20:00:00,5.2459
region2,region1_to_region2,monetary,2005-01-01 21:00:00,4.918032
region2,region1_to_region2,monetary,2005-01-01 22:00:00,4.508196
region2,region1_to_region2,monetary,2005-01-01 23:00:00,4.590164
region2,region1_to_region2,monetary,2005-01-02 00:00:00,4.7203224
region2,region1_to_region2,monetary,2005-01-02 01:00:00,5.491804
region2,region1_to_region2,monetary,2005-01-02 02:00:00,5.491804
region2,region1_to_region2,monetary,2005-01-02 03:00:00,5.491804
region2,region1_to_region2,monetary,2005-01-02 04:00:00,5.384321600000001
region2,region1_to_region2,monetary,2005-01-02 05:00:00,4.344264
region2,region1_to_region2,monetary,2005-01-02 06:00:00,4.426228
region2,region1_to_region2,monetary,2005-01-02 07:00:00,4.590164
region2,region1_to_region2,monetary,2005-01-02 08:00:00,5.491804
region2,region1_to_region2,monetary,2005-01-02 09:00:00,5.491804
region2,region1_to_region2,monetary,2005-01-02 10:00:00,5.491804
region2,region1_to_region2,monetary,2005-01-02 11:00:00,5.491804
region2,region1_to_region2,monetary,2005-01-02 12:00:00,5.491804
region2,region1_to_region2,monetary,2005-01-02 13:00:00,5.491804
region2,region1_to_region2,monetary,2005-01-02 14:00:00,5.491804
region2,region1_to_region2,monetary,2005-01-02 15:00:00,5.491804
region2,region1_to_region2,monetary,2005-01-02 16:00:00,3.819672
region2,region1_to_region2,monetary,2005-01-02 17:00:00,3.7377040000000004
region2,region1_to_region2,monetary,2005-01-02 18:00:00,5.491804
region2,region1_to_region2,monetary,2005-01-02 19:00:00,5.491804
region2,region1_to_region2,monetary,2005-01-02 20:00:00,5.2459
region2,region1_to_region2,monetary,2005-01-02 21:00:00,4.918032
region2,region1_to_region2,monetary,2005-01-02 22:00:00,4.508196
region2,region1_to_region2,monetary,2005-01-02 23:00:00,4.9527936
region2,region1_to_region2,monetary,2005-01-03 00:00:00,5.491804
region2,region1_to_region2,monetary,2005-01-03 01:00:00,5.491804
region2,region1_to_region2,monetary,2005-01-03 02:00:00,5.491804
region2,region1_to_region2,monetary,2005-01-03 03:00:00,5.4135344
region2,region1_to_region2,monetary,2005-01-03 04:00:00,4.344264
region2,region1_to_region2,monetary,2005-01-03 05:00:00,4.344264
region2,region1_to_region2,monetary,2005-01-03 06:00:00,4.426228
region2,region1_to_region2,monetary,2005-01-03 07:00:00,4.590164
region2,region1_to_region2,monetary,2005-01-03 08:00:00,4.918032
region2,region1_to_region2,monetary,2005-01-03 09:00:00,4.918032
region2,region1_to_region2,monetary,2005-01-03 10:00:00,4.836064
region2,region1_to_region2,monetary,2005-01-03 11:00:00,4.836064
region2,region1_to_region2,monetary,2005-01-03 12:00:00,4.7541
region2,region1_to_region2,monetary,2005-01-03 13:00:00,4.6721319999999995
region2,region1_to_region2,monetary,2005-01-03 14:00:00,4.590164
region2,region1_to_region2,monetary,2005-01-03 15:00:00,2.918032
region2,region1_to_region2,monetary,2005-01-03 16:00:00,3.819672
region2,region1_to_region2,monetary,2005-01-03 17:00:00,3.7377040000000004
region2,region1_to_region2,monetary,2005-01-03 18:00:00,4.233
region2,region1_to_region2,monetary,2005-01-03 19:00:00,5.491804
region2,region1_to_region2,monetary,2005-01-03 20:00:00,5.491804
region2,region1_to_region2,monetary,2005-01-03 21:00:00,5.491804
region2,region1_to_region2,monetary,2005-01-03 22:00:00,5.491804
region2,region1_to_region2,monetary,2005-01-03 23:00:00,5.491804
region2,region1_to_region2,monetary,2005-01-04 00:00:00,5.491804
region2,region1_to_region2,monetary,2005-01-04 01:00:00,5.491804
region2,region1_to_region2,monetary,2005-01-04 02:00:00,5.491804
region2,region1_to_region2,monetary,2005-01-04 03:00:00,5.491804
region2,region1_to_region2,monetary,2005-01-04 04:00:00,5.019059400000001
region2,region1_to_region2,monetary,2005-01-04 05:00:00,4.344264
region2,region1_to_region2,monetary,2005-01-04 06:00:00,4.426228
region2,region1_to_region2,monetary,2005-01-04 07:00:00,4.590164
region2,region1_to_region2,monetary,2005-01-04 08:00:00,4.918032
region2,region1_to_region2,monetary,2005-01-04 09:00:00,4.8073552
region2,region1_to_region2,monetary,2005-01-04 10:00:00,4.958697600000001
region2,region1_to_region2,monetary,2005-01-04 11:00:00,4.836064
region2,region1_to_region2,monetary,2005-01-04 12:00:00,4.7541
region2,region1_to_region2,monetary,2005-01-04 13:00:00,4.6721319999999995
region2,region1_to_region2,monetary,2005-01-04 14:00:00,3.9002352
region2,region1_to_region2,monetary,2005-01-04 15:00:00,2.918032
region2,region1_to_region2,monetary,2005-01-04 16:00:00,3.819672
region2,region1_to_region2,monetary,2005-01-04 17:00:00,3.7377040000000004
region2,region1_to_region2,monetary,2005-01-04 18:00:00,3.573772
region2,region1_to_region2,monetary,2005-01-04 19:00:00,5.491804
region2,region1_to_region2,monetary,2005-01-04 20:00:00,5.491804
region2,region1_to_region2,monetary,2005-01-04 21:00:00,5.491804
region2,region1_to_region2,monetary,2005-01-04 22:00:00,5.491804
region2,region1_to_region2,monetary,2005-01-04 23:00:00,5.491804
region2,region1_to_region2,monetary,2005-01-05 00:00:00,5.491804
region2,region1_to_region2,monetary,2005-01-05 01:00:00,5.491804
region2,region1_to_region2,monetary,2005-01-05 02:00:00,5.491804
region2,region1_to_region2,monetary,2005-01-05 03:00:00,5.491804
region2,region1_to_region2,monetary,2005-01-05 04:00:00,5.491804
region2,region1_to_region2,monetary,2005-01-05 05:00:00,5.36643
region2,region1_to_region2,monetary,2005-01-05 06:00:00,4.426228
region2,region1_to_region2,monetary,2005-01-05 07:00:00,4.590164
region2,region1_to_region2,monetary,2005-01-05 08:00:00,4.5230064
region2,region1_to_region2,monetary,2005-01-05 09:00:00,4.0375136000000005
region2,region1_to_region2,monetary,2005-01-05 10:00:00,4.697439999999999
region2,region1_to_region2,monetary,2005-01-05 11:00:00,5.0785664
region2,region1_to_region2,monetary,2005-01-05 12:00:00,5.2850688
region2,region1_to_region2,monetary,2005-01-05 13:00:00,4.765848
region2,region1_to_region2,monetary,2005-01-05 14:00:00,3.267128
region2,region1_to_region2,monetary,2005-01-05 15:00:00,2.918032
region2,region1_to_region2,monetary,2005-01-05 16:00:00,3.819672
region2,region1_to_region2,monetary,2005-01-05 17:00:00,3.7377040000000004
region2,region1_to_region2,monetary,2005-01-05 18:00:00,3.573772
region2,region1_to_region2,monetary,2005-01-05 19:00:00,5.491804
region2,region1_to_region2,monetary,2005-01-05 20:00:00,5.2459
region2,region1_to_region2,monetary,2005-01-05 21:00:00,4.918032
region2,region1_to_region2,monetary,2005-01-05 22:00:00,4.508196
region2,region1_to_region2,monetary,2005-01-05 23:00:00,4.590164
