nodes,techs,timesteps,storage
region1_1,csp,2005-01-01 00:00:00,0.0
region1_1,csp,2005-01-01 01:00:00,0.0
region1_1,csp,2005-01-01 02:00:00,0.0
region1_1,csp,2005-01-01 03:00:00,0.0
region1_1,csp,2005-01-01 04:00:00,0.0
region1_1,csp,2005-01-01 05:00:00,0.0
region1_1,csp,2005-01-01 06:00:00,0.0
region1_1,csp,2005-01-01 07:00:00,0.0
region1_1,csp,2005-01-01 08:00:00,9396.2117
region1_1,csp,2005-01-01 09:00:00,40969.328
region1_1,csp,2005-01-01 10:00:00,83102.676
region1_1,csp,2005-01-01 11:00:00,125151.76
region1_1,csp,2005-01-01 12:00:00,167116.74
region1_1,csp,2005-01-01 13:00:00,200679.36
region1_1,csp,2005-01-01 14:00:00,214972.93
region1_1,csp,2005-01-01 15:00:00,197637.15
region1_1,csp,2005-01-01 16:00:00,172241.88
region1_1,csp,2005-01-01 17:00:00,146897.4
region1_1,csp,2005-01-01 18:00:00,121603.6
region1_1,csp,2005-01-01 19:00:00,96360.394
region1_1,csp,2005-01-01 20:00:00,71167.673
region1_1,csp,2005-01-01 21:00:00,46025.338
region1_1,csp,2005-01-01 22:00:00,26902.226
region1_1,csp,2005-01-01 23:00:00,26848.421
region1_1,csp,2005-01-02 00:00:00,26794.724
region1_1,csp,2005-01-02 01:00:00,26741.135
region1_1,csp,2005-01-02 02:00:00,26687.653
region1_1,csp,2005-01-02 03:00:00,26634.277
region1_1,csp,2005-01-02 04:00:00,26581.009
region1_1,csp,2005-01-02 05:00:00,21391.598
region1_1,csp,2005-01-02 06:00:00,11165.483
region1_1,csp,2005-01-02 07:00:00,0.0
region1_1,csp,2005-01-02 08:00:00,8543.3635
region1_1,csp,2005-01-02 09:00:00,38940.549
region1_1,csp,2005-01-02 10:00:00,80362.401
region1_1,csp,2005-01-02 11:00:00,122416.96
region1_1,csp,2005-01-02 12:00:00,164200.31
region1_1,csp,2005-01-02 13:00:00,197168.34
region1_1,csp,2005-01-02 14:00:00,210709.44
region1_1,csp,2005-01-02 15:00:00,193750.53
region1_1,csp,2005-01-02 16:00:00,168363.03
region1_1,csp,2005-01-02 17:00:00,143026.3
region1_1,csp,2005-01-02 18:00:00,117740.25
region1_1,csp,2005-01-02 19:00:00,92504.771
region1_1,csp,2005-01-02 20:00:00,77622.474
region1_1,csp,2005-01-02 21:00:00,69301.14
region1_1,csp,2005-01-02 22:00:00,66680.649
region1_1,csp,2005-01-02 23:00:00,66547.287
region1_1,csp,2005-01-03 00:00:00,66414.193
region1_1,csp,2005-01-03 01:00:00,66281.364
region1_1,csp,2005-01-03 02:00:00,66148.802
region1_1,csp,2005-01-03 03:00:00,66016.504
region1_1,csp,2005-01-03 04:00:00,61419.912
region1_1,csp,2005-01-03 05:00:00,48877.668
region1_1,csp,2005-01-03 06:00:00,30920.314
region1_1,csp,2005-01-03 07:00:00,13068.591
region1_1,csp,2005-01-03 08:00:00,24843.936
region1_1,csp,2005-01-03 09:00:00,57829.474
region1_1,csp,2005-01-03 10:00:00,102227.13
region1_1,csp,2005-01-03 11:00:00,147389.14
region1_1,csp,2005-01-03 12:00:00,192878.26
region1_1,csp,2005-01-03 13:00:00,229324.23
region1_1,csp,2005-01-03 14:00:00,244300.4
region1_1,csp,2005-01-03 15:00:00,228201.47
region1_1,csp,2005-01-03 16:00:00,202745.07
region1_1,csp,2005-01-03 17:00:00,177339.58
region1_1,csp,2005-01-03 18:00:00,151984.9
region1_1,csp,2005-01-03 19:00:00,129227.48
region1_1,csp,2005-01-03 20:00:00,111429.67
region1_1,csp,2005-01-03 21:00:00,99914.121
region1_1,csp,2005-01-03 22:00:00,93597.379
region1_1,csp,2005-01-03 23:00:00,90654.87
region1_1,csp,2005-01-04 00:00:00,89736.38
region1_1,csp,2005-01-04 01:00:00,89556.907
region1_1,csp,2005-01-04 02:00:00,89112.791
region1_1,csp,2005-01-04 03:00:00,87147.696
region1_1,csp,2005-01-04 04:00:00,79807.257
region1_1,csp,2005-01-04 05:00:00,65511.705
region1_1,csp,2005-01-04 06:00:00,45721.616
region1_1,csp,2005-01-04 07:00:00,25616.181
region1_1,csp,2005-01-04 08:00:00,34755.434
region1_1,csp,2005-01-04 09:00:00,64119.048
region1_1,csp,2005-01-04 10:00:00,106191.69
region1_1,csp,2005-01-04 11:00:00,149484.0
region1_1,csp,2005-01-04 12:00:00,193054.09
region1_1,csp,2005-01-04 13:00:00,225023.38
region1_1,csp,2005-01-04 14:00:00,237708.99
region1_1,csp,2005-01-04 15:00:00,221872.02
region1_1,csp,2005-01-04 16:00:00,196428.27
region1_1,csp,2005-01-04 17:00:00,171035.42
region1_1,csp,2005-01-04 18:00:00,145693.35
region1_1,csp,2005-01-04 19:00:00,121528.07
region1_1,csp,2005-01-04 20:00:00,102187.57
region1_1,csp,2005-01-04 21:00:00,89383.432
region1_1,csp,2005-01-04 22:00:00,81998.818
region1_1,csp,2005-01-04 23:00:00,78183.107
region1_1,csp,2005-01-05 00:00:00,76348.405
region1_1,csp,2005-01-05 01:00:00,75261.861
region1_1,csp,2005-01-05 02:00:00,73843.935
region1_1,csp,2005-01-05 03:00:00,70796.844
region1_1,csp,2005-01-05 04:00:00,61473.181
region1_1,csp,2005-01-05 05:00:00,44098.669
region1_1,csp,2005-01-05 06:00:00,22828.74
region1_1,csp,2005-01-05 07:00:00,0.0
region1_1,csp,2005-01-05 08:00:00,10595.754
region1_1,csp,2005-01-05 09:00:00,37767.934
region1_1,csp,2005-01-05 10:00:00,79907.684
region1_1,csp,2005-01-05 11:00:00,121963.16
region1_1,csp,2005-01-05 12:00:00,163371.12
region1_1,csp,2005-01-05 13:00:00,197480.64
region1_1,csp,2005-01-05 14:00:00,214077.73
region1_1,csp,2005-01-05 15:00:00,198985.19
region1_1,csp,2005-01-05 16:00:00,173587.22
region1_1,csp,2005-01-05 17:00:00,148240.04
region1_1,csp,2005-01-05 18:00:00,122943.56
region1_1,csp,2005-01-05 19:00:00,97697.677
region1_1,csp,2005-01-05 20:00:00,72502.281
region1_1,csp,2005-01-05 21:00:00,47357.277
region1_1,csp,2005-01-05 22:00:00,22262.562
region1_1,csp,2005-01-05 23:00:00,0.0
region1_2,csp,2005-01-01 00:00:00,0.0
region1_2,csp,2005-01-01 01:00:00,0.0
region1_2,csp,2005-01-01 02:00:00,0.0
region1_2,csp,2005-01-01 03:00:00,0.0
region1_2,csp,2005-01-01 04:00:00,0.0
region1_2,csp,2005-01-01 05:00:00,0.0
region1_2,csp,2005-01-01 06:00:00,0.0
region1_2,csp,2005-01-01 07:00:00,0.0
region1_2,csp,2005-01-01 08:00:00,0.0
region1_2,csp,2005-01-01 09:00:00,0.0
region1_2,csp,2005-01-01 10:00:00,0.0
region1_2,csp,2005-01-01 11:00:00,0.0
region1_2,csp,2005-01-01 12:00:00,0.0
region1_2,csp,2005-01-01 13:00:00,0.0
region1_2,csp,2005-01-01 14:00:00,0.0
region1_2,csp,2005-01-01 15:00:00,0.0
region1_2,csp,2005-01-01 16:00:00,0.0
region1_2,csp,2005-01-01 17:00:00,0.0
region1_2,csp,2005-01-01 18:00:00,0.0
region1_2,csp,2005-01-01 19:00:00,0.0
region1_2,csp,2005-01-01 20:00:00,0.0
region1_2,csp,2005-01-01 21:00:00,0.0
region1_2,csp,2005-01-01 22:00:00,0.0
region1_2,csp,2005-01-01 23:00:00,0.0
region1_2,csp,2005-01-02 00:00:00,0.0
region1_2,csp,2005-01-02 01:00:00,0.0
region1_2,csp,2005-01-02 02:00:00,0.0
region1_2,csp,2005-01-02 03:00:00,0.0
region1_2,csp,2005-01-02 04:00:00,0.0
region1_2,csp,2005-01-02 05:00:00,0.0
region1_2,csp,2005-01-02 06:00:00,0.0
region1_2,csp,2005-01-02 07:00:00,0.0
region1_2,csp,2005-01-02 08:00:00,0.0
region1_2,csp,2005-01-02 09:00:00,0.0
region1_2,csp,2005-01-02 10:00:00,0.0
region1_2,csp,2005-01-02 11:00:00,0.0
region1_2,csp,2005-01-02 12:00:00,0.0
region1_2,csp,2005-01-02 13:00:00,0.0
region1_2,csp,2005-01-02 14:00:00,0.0
region1_2,csp,2005-01-02 15:00:00,0.0
region1_2,csp,2005-01-02 16:00:00,0.0
region1_2,csp,2005-01-02 17:00:00,0.0
region1_2,csp,2005-01-02 18:00:00,0.0
region1_2,csp,2005-01-02 19:00:00,0.0
region1_2,csp,2005-01-02 20:00:00,0.0
region1_2,csp,2005-01-02 21:00:00,0.0
region1_2,csp,2005-01-02 22:00:00,0.0
region1_2,csp,2005-01-02 23:00:00,0.0
region1_2,csp,2005-01-03 00:00:00,0.0
region1_2,csp,2005-01-03 01:00:00,0.0
region1_2,csp,2005-01-03 02:00:00,0.0
region1_2,csp,2005-01-03 03:00:00,0.0
region1_2,csp,2005-01-03 04:00:00,0.0
region1_2,csp,2005-01-03 05:00:00,0.0
region1_2,csp,2005-01-03 06:00:00,0.0
region1_2,csp,2005-01-03 07:00:00,0.0
region1_2,csp,2005-01-03 08:00:00,0.0
region1_2,csp,2005-01-03 09:00:00,0.0
region1_2,csp,2005-01-03 10:00:00,0.0
region1_2,csp,2005-01-03 11:00:00,0.0
region1_2,csp,2005-01-03 12:00:00,0.0
region1_2,csp,2005-01-03 13:00:00,0.0
region1_2,csp,2005-01-03 14:00:00,0.0
region1_2,csp,2005-01-03 15:00:00,0.0
region1_2,csp,2005-01-03 16:00:00,0.0
region1_2,csp,2005-01-03 17:00:00,0.0
region1_2,csp,2005-01-03 18:00:00,0.0
region1_2,csp,2005-01-03 19:00:00,0.0
region1_2,csp,2005-01-03 20:00:00,0.0
region1_2,csp,2005-01-03 21:00:00,0.0
region1_2,csp,2005-01-03 22:00:00,0.0
region1_2,csp,2005-01-03 23:00:00,0.0
region1_2,csp,2005-01-04 00:00:00,0.0
region1_2,csp,2005-01-04 01:00:00,0.0
region1_2,csp,2005-01-04 02:00:00,0.0
region1_2,csp,2005-01-04 03:00:00,0.0
region1_2,csp,2005-01-04 04:00:00,0.0
region1_2,csp,2005-01-04 05:00:00,0.0
region1_2,csp,2005-01-04 06:00:00,0.0
region1_2,csp,2005-01-04 07:00:00,0.0
region1_2,csp,2005-01-04 08:00:00,0.0
region1_2,csp,2005-01-04 09:00:00,0.0
region1_2,csp,2005-01-04 10:00:00,0.0
region1_2,csp,2005-01-04 11:00:00,0.0
region1_2,csp,2005-01-04 12:00:00,0.0
region1_2,csp,2005-01-04 13:00:00,0.0
region1_2,csp,2005-01-04 14:00:00,0.0
region1_2,csp,2005-01-04 15:00:00,0.0
region1_2,csp,2005-01-04 16:00:00,0.0
region1_2,csp,2005-01-04 17:00:00,0.0
region1_2,csp,2005-01-04 18:00:00,0.0
region1_2,csp,2005-01-04 19:00:00,0.0
region1_2,csp,2005-01-04 20:00:00,0.0
region1_2,csp,2005-01-04 21:00:00,0.0
region1_2,csp,2005-01-04 22:00:00,0.0
region1_2,csp,2005-01-04 23:00:00,0.0
region1_2,csp,2005-01-05 00:00:00,0.0
region1_2,csp,2005-01-05 01:00:00,0.0
region1_2,csp,2005-01-05 02:00:00,0.0
region1_2,csp,2005-01-05 03:00:00,0.0
region1_2,csp,2005-01-05 04:00:00,0.0
region1_2,csp,2005-01-05 05:00:00,0.0
region1_2,csp,2005-01-05 06:00:00,0.0
region1_2,csp,2005-01-05 07:00:00,0.0
region1_2,csp,2005-01-05 08:00:00,0.0
region1_2,csp,2005-01-05 09:00:00,0.0
region1_2,csp,2005-01-05 10:00:00,0.0
region1_2,csp,2005-01-05 11:00:00,0.0
region1_2,csp,2005-01-05 12:00:00,0.0
region1_2,csp,2005-01-05 13:00:00,0.0
region1_2,csp,2005-01-05 14:00:00,0.0
region1_2,csp,2005-01-05 15:00:00,0.0
region1_2,csp,2005-01-05 16:00:00,0.0
region1_2,csp,2005-01-05 17:00:00,0.0
region1_2,csp,2005-01-05 18:00:00,0.0
region1_2,csp,2005-01-05 19:00:00,0.0
region1_2,csp,2005-01-05 20:00:00,0.0
region1_2,csp,2005-01-05 21:00:00,0.0
region1_2,csp,2005-01-05 22:00:00,0.0
region1_2,csp,2005-01-05 23:00:00,0.0
region1_3,csp,2005-01-01 00:00:00,0.0
region1_3,csp,2005-01-01 01:00:00,0.0
region1_3,csp,2005-01-01 02:00:00,0.0
region1_3,csp,2005-01-01 03:00:00,0.0
region1_3,csp,2005-01-01 04:00:00,0.0
region1_3,csp,2005-01-01 05:00:00,0.0
region1_3,csp,2005-01-01 06:00:00,0.0
region1_3,csp,2005-01-01 07:00:00,0.0
region1_3,csp,2005-01-01 08:00:00,0.0
region1_3,csp,2005-01-01 09:00:00,227.74042
region1_3,csp,2005-01-01 10:00:00,1686.1406
region1_3,csp,2005-01-01 11:00:00,3974.7261
region1_3,csp,2005-01-01 12:00:00,6258.7344
region1_3,csp,2005-01-01 13:00:00,8290.1101
region1_3,csp,2005-01-01 14:00:00,9179.9176
region1_3,csp,2005-01-01 15:00:00,9161.5577
region1_3,csp,2005-01-01 16:00:00,9143.2346
region1_3,csp,2005-01-01 17:00:00,9124.9482
region1_3,csp,2005-01-01 18:00:00,9106.6983
region1_3,csp,2005-01-01 19:00:00,9088.4849
region1_3,csp,2005-01-01 20:00:00,9070.3079
region1_3,csp,2005-01-01 21:00:00,9052.1673
region1_3,csp,2005-01-01 22:00:00,9034.0629
region1_3,csp,2005-01-01 23:00:00,9015.9948
region1_3,csp,2005-01-02 00:00:00,8997.9628
region1_3,csp,2005-01-02 01:00:00,8979.9669
region1_3,csp,2005-01-02 02:00:00,8962.007
region1_3,csp,2005-01-02 03:00:00,8944.083
region1_3,csp,2005-01-02 04:00:00,8926.1948
region1_3,csp,2005-01-02 05:00:00,8908.3424
region1_3,csp,2005-01-02 06:00:00,8890.5257
region1_3,csp,2005-01-02 07:00:00,8872.7447
region1_3,csp,2005-01-02 08:00:00,8854.9992
region1_3,csp,2005-01-02 09:00:00,8837.2892
region1_3,csp,2005-01-02 10:00:00,9868.3899
region1_3,csp,2005-01-02 11:00:00,12140.611
region1_3,csp,2005-01-02 12:00:00,14408.287
region1_3,csp,2005-01-02 13:00:00,16171.82
region1_3,csp,2005-01-02 14:00:00,17102.992
region1_3,csp,2005-01-02 15:00:00,17068.786
region1_3,csp,2005-01-02 16:00:00,16850.51
region1_3,csp,2005-01-02 17:00:00,16714.961
region1_3,csp,2005-01-02 18:00:00,16681.531
region1_3,csp,2005-01-02 19:00:00,16648.168
region1_3,csp,2005-01-02 20:00:00,16614.872
region1_3,csp,2005-01-02 21:00:00,16581.642
region1_3,csp,2005-01-02 22:00:00,16548.479
region1_3,csp,2005-01-02 23:00:00,16515.382
region1_3,csp,2005-01-03 00:00:00,16482.351
region1_3,csp,2005-01-03 01:00:00,16449.386
region1_3,csp,2005-01-03 02:00:00,16416.487
region1_3,csp,2005-01-03 03:00:00,16383.654
region1_3,csp,2005-01-03 04:00:00,16350.887
region1_3,csp,2005-01-03 05:00:00,16318.185
region1_3,csp,2005-01-03 06:00:00,16285.549
region1_3,csp,2005-01-03 07:00:00,16252.978
region1_3,csp,2005-01-03 08:00:00,16220.472
region1_3,csp,2005-01-03 09:00:00,16419.454
region1_3,csp,2005-01-03 10:00:00,17889.395
region1_3,csp,2005-01-03 11:00:00,20145.574
region1_3,csp,2005-01-03 12:00:00,22397.24
region1_3,csp,2005-01-03 13:00:00,24406.141
region1_3,csp,2005-01-03 14:00:00,25300.418
region1_3,csp,2005-01-03 15:00:00,24646.325
region1_3,csp,2005-01-03 16:00:00,19835.071
region1_3,csp,2005-01-03 17:00:00,15903.508
region1_3,csp,2005-01-03 18:00:00,15871.701
region1_3,csp,2005-01-03 19:00:00,15839.958
region1_3,csp,2005-01-03 20:00:00,15808.278
region1_3,csp,2005-01-03 21:00:00,15776.661
region1_3,csp,2005-01-03 22:00:00,15745.108
region1_3,csp,2005-01-03 23:00:00,15713.618
region1_3,csp,2005-01-04 00:00:00,15682.191
region1_3,csp,2005-01-04 01:00:00,15650.826
region1_3,csp,2005-01-04 02:00:00,15619.524
region1_3,csp,2005-01-04 03:00:00,15588.285
region1_3,csp,2005-01-04 04:00:00,15557.109
region1_3,csp,2005-01-04 05:00:00,15525.995
region1_3,csp,2005-01-04 06:00:00,15494.943
region1_3,csp,2005-01-04 07:00:00,15463.953
region1_3,csp,2005-01-04 08:00:00,15433.025
region1_3,csp,2005-01-04 09:00:00,15402.159
region1_3,csp,2005-01-04 10:00:00,15638.326
region1_3,csp,2005-01-04 11:00:00,17037.12
region1_3,csp,2005-01-04 12:00:00,19200.52
region1_3,csp,2005-01-04 13:00:00,21262.699
region1_3,csp,2005-01-04 14:00:00,22232.9
region1_3,csp,2005-01-04 15:00:00,20348.675
region1_3,csp,2005-01-04 16:00:00,14172.328
region1_3,csp,2005-01-04 17:00:00,8772.6682
region1_3,csp,2005-01-04 18:00:00,8307.1817
region1_3,csp,2005-01-04 19:00:00,8290.5673
region1_3,csp,2005-01-04 20:00:00,8273.9862
region1_3,csp,2005-01-04 21:00:00,8257.4382
region1_3,csp,2005-01-04 22:00:00,8240.9233
region1_3,csp,2005-01-04 23:00:00,8224.4415
region1_3,csp,2005-01-05 00:00:00,8207.9926
region1_3,csp,2005-01-05 01:00:00,8191.5766
region1_3,csp,2005-01-05 02:00:00,8175.1934
region1_3,csp,2005-01-05 03:00:00,8158.8431
region1_3,csp,2005-01-05 04:00:00,8142.5254
region1_3,csp,2005-01-05 05:00:00,8126.2403
region1_3,csp,2005-01-05 06:00:00,8109.9878
region1_3,csp,2005-01-05 07:00:00,8093.7679
region1_3,csp,2005-01-05 08:00:00,8077.5803
region1_3,csp,2005-01-05 09:00:00,8061.4252
region1_3,csp,2005-01-05 10:00:00,8169.2837
region1_3,csp,2005-01-05 11:00:00,9163.2276
region1_3,csp,2005-01-05 12:00:00,11211.367
region1_3,csp,2005-01-05 13:00:00,13312.276
region1_3,csp,2005-01-05 14:00:00,14292.87
region1_3,csp,2005-01-05 15:00:00,11709.814
region1_3,csp,2005-01-05 16:00:00,5351.9891
region1_3,csp,2005-01-05 17:00:00,258.90343
region1_3,csp,2005-01-05 18:00:00,0.0
region1_3,csp,2005-01-05 19:00:00,0.0
region1_3,csp,2005-01-05 20:00:00,0.0
region1_3,csp,2005-01-05 21:00:00,0.0
region1_3,csp,2005-01-05 22:00:00,0.0
region1_3,csp,2005-01-05 23:00:00,0.0
region2,battery,2005-01-01 00:00:00,0.0
region2,battery,2005-01-01 01:00:00,0.0
region2,battery,2005-01-01 02:00:00,0.0
region2,battery,2005-01-01 03:00:00,0.0
region2,battery,2005-01-01 04:00:00,0.0
region2,battery,2005-01-01 05:00:00,0.0
region2,battery,2005-01-01 06:00:00,0.0
region2,battery,2005-01-01 07:00:00,0.0
region2,battery,2005-01-01 08:00:00,0.0
region2,battery,2005-01-01 09:00:00,0.0
region2,battery,2005-01-01 10:00:00,0.0
region2,battery,2005-01-01 11:00:00,0.0
region2,battery,2005-01-01 12:00:00,0.0
region2,battery,2005-01-01 13:00:00,0.0
region2,battery,2005-01-01 14:00:00,72.582511
region2,battery,2005-01-01 15:00:00,345.12421
region2,battery,2005-01-01 16:00:00,172.56211
region2,battery,2005-01-01 17:00:00,43.141053
region2,battery,2005-01-01 18:00:00,0.0
region2,battery,2005-01-01 19:00:00,0.0
region2,battery,2005-01-01 20:00:00,0.0
region2,battery,2005-01-01 21:00:00,0.0
region2,battery,2005-01-01 22:00:00,0.0
region2,battery,2005-01-01 23:00:00,0.0
region2,battery,2005-01-02 00:00:00,100.76003
region2,battery,2005-01-02 01:00:00,684.77633
region2,battery,2005-01-02 02:00:00,1307.7274
region2,battery,2005-01-02 03:00:00,1891.7437
region2,battery,2005-01-02 04:00:00,2385.7711
region2,battery,2005-01-02 05:00:00,2385.7711
region2,battery,2005-01-02 06:00:00,2385.7711
region2,battery,2005-01-02 07:00:00,2385.7711
region2,battery,2005-01-02 08:00:00,2658.3128
region2,battery,2005-01-02 09:00:00,2930.8545
region2,battery,2005-01-02 10:00:00,3242.331
region2,battery,2005-01-02 11:00:00,3553.8075
region2,battery,2005-01-02 12:00:00,3904.2169
region2,battery,2005-01-02 13:00:00,4293.5611
region2,battery,2005-01-02 14:00:00,4721.8401
region2,battery,2005-01-02 15:00:00,4994.3818
region2,battery,2005-01-02 16:00:00,3941.7502
region2,battery,2005-01-02 17:00:00,2889.1186
region2,battery,2005-01-02 18:00:00,2845.9776
region2,battery,2005-01-02 19:00:00,2845.9776
region2,battery,2005-01-02 20:00:00,2845.9776
region2,battery,2005-01-02 21:00:00,2845.9776
region2,battery,2005-01-02 22:00:00,2845.9776
region2,battery,2005-01-02 23:00:00,3018.2266
region2,battery,2005-01-03 00:00:00,3485.4404
region2,battery,2005-01-03 01:00:00,4069.4567
region2,battery,2005-01-03 02:00:00,4692.4078
region2,battery,2005-01-03 03:00:00,5239.2461
region2,battery,2005-01-03 04:00:00,5239.2461
region2,battery,2005-01-03 05:00:00,5239.2461
region2,battery,2005-01-03 06:00:00,5239.2461
region2,battery,2005-01-03 07:00:00,5239.2461
region2,battery,2005-01-03 08:00:00,5239.2461
region2,battery,2005-01-03 09:00:00,5239.2461
region2,battery,2005-01-03 10:00:00,5239.2461
region2,battery,2005-01-03 11:00:00,5239.2461
region2,battery,2005-01-03 12:00:00,5239.2461
region2,battery,2005-01-03 13:00:00,5239.2461
region2,battery,2005-01-03 14:00:00,5239.2461
region2,battery,2005-01-03 15:00:00,4186.6145
region2,battery,2005-01-03 16:00:00,3133.9829
region2,battery,2005-01-03 17:00:00,2081.3513
region2,battery,2005-01-03 18:00:00,1375.6819
region2,battery,2005-01-03 19:00:00,1375.6819
region2,battery,2005-01-03 20:00:00,1492.4863
region2,battery,2005-01-03 21:00:00,1765.028
region2,battery,2005-01-03 22:00:00,2232.2418
region2,battery,2005-01-03 23:00:00,2660.5208
region2,battery,2005-01-04 00:00:00,3127.7346
region2,battery,2005-01-04 01:00:00,3711.7509
region2,battery,2005-01-04 02:00:00,4334.702
region2,battery,2005-01-04 03:00:00,4918.7183
region2,battery,2005-01-04 04:00:00,5239.2461
region2,battery,2005-01-04 05:00:00,5239.2461
region2,battery,2005-01-04 06:00:00,5239.2461
region2,battery,2005-01-04 07:00:00,5239.2461
region2,battery,2005-01-04 08:00:00,5239.2461
region2,battery,2005-01-04 09:00:00,5180.9951
region2,battery,2005-01-04 10:00:00,5239.2461
region2,battery,2005-01-04 11:00:00,5239.2461
region2,battery,2005-01-04 12:00:00,5239.2461
region2,battery,2005-01-04 13:00:00,5239.2461
region2,battery,2005-01-04 14:00:00,4876.1257
region2,battery,2005-01-04 15:00:00,3823.4941
region2,battery,2005-01-04 16:00:00,2770.8625
region2,battery,2005-01-04 17:00:00,1718.2309
region2,battery,2005-01-04 18:00:00,665.59934
region2,battery,2005-01-04 19:00:00,665.59934
region2,battery,2005-01-04 20:00:00,782.40374
region2,battery,2005-01-04 21:00:00,1054.9454
region2,battery,2005-01-04 22:00:00,1522.1592
region2,battery,2005-01-04 23:00:00,1950.4382
region2,battery,2005-01-05 00:00:00,2417.652
region2,battery,2005-01-05 01:00:00,3001.6683
region2,battery,2005-01-05 02:00:00,3624.6194
region2,battery,2005-01-05 03:00:00,4208.6357
region2,battery,2005-01-05 04:00:00,4753.7172
region2,battery,2005-01-05 05:00:00,5239.2461
region2,battery,2005-01-05 06:00:00,5239.2461
region2,battery,2005-01-05 07:00:00,5239.2461
region2,battery,2005-01-05 08:00:00,5031.3379
region2,battery,2005-01-05 09:00:00,4567.9071
region2,battery,2005-01-05 10:00:00,4494.9471
region2,battery,2005-01-05 11:00:00,4610.1358
region2,battery,2005-01-05 12:00:00,4862.346
region2,battery,2005-01-05 13:00:00,4906.8611
region2,battery,2005-01-05 14:00:00,4210.5263
region2,battery,2005-01-05 15:00:00,3157.8947
region2,battery,2005-01-05 16:00:00,2105.2632
region2,battery,2005-01-05 17:00:00,1052.6316
region2,battery,2005-01-05 18:00:00,0.0
region2,battery,2005-01-05 19:00:00,0.0
region2,battery,2005-01-05 20:00:00,0.0
region2,battery,2005-01-05 21:00:00,0.0
region2,battery,2005-01-05 22:00:00,0.0
region2,battery,2005-01-05 23:00:00,0.0
