nodes,techs,carriers,timesteps,flow_in_inc_eff
region1,demand_power,power,2005-01-01 00:00:00,25284.48
region1,demand_power,power,2005-01-01 01:00:00,24387.44
region1,demand_power,power,2005-01-01 02:00:00,23730.656
region1,demand_power,power,2005-01-01 03:00:00,23123.04
region1,demand_power,power,2005-01-01 04:00:00,23119.6
region1,demand_power,power,2005-01-01 05:00:00,23683.28
region1,demand_power,power,2005-01-01 06:00:00,24364.72
region1,demand_power,power,2005-01-01 07:00:00,25249.968
region1,demand_power,power,2005-01-01 08:00:00,26090.208
region1,demand_power,power,2005-01-01 09:00:00,26870.464
region1,demand_power,power,2005-01-01 10:00:00,27096.64
region1,demand_power,power,2005-01-01 11:00:00,27001.568
region1,demand_power,power,2005-01-01 12:00:00,27097.136
region1,demand_power,power,2005-01-01 13:00:00,27438.192
region1,demand_power,power,2005-01-01 14:00:00,28622.992
region1,demand_power,power,2005-01-01 15:00:00,30166.272
region1,demand_power,power,2005-01-01 16:00:00,31613.12
region1,demand_power,power,2005-01-01 17:00:00,31965.28
region1,demand_power,power,2005-01-01 18:00:00,31139.792
region1,demand_power,power,2005-01-01 19:00:00,30229.456
region1,demand_power,power,2005-01-01 20:00:00,29165.616
region1,demand_power,power,2005-01-01 21:00:00,27508.704
region1,demand_power,power,2005-01-01 22:00:00,26001.632
region1,demand_power,power,2005-01-01 23:00:00,25050.672
region1,demand_power,power,2005-01-02 00:00:00,24391.136
region1,demand_power,power,2005-01-02 01:00:00,24143.888
region1,demand_power,power,2005-01-02 02:00:00,24237.76
region1,demand_power,power,2005-01-02 03:00:00,24841.728
region1,demand_power,power,2005-01-02 04:00:00,26832.752
region1,demand_power,power,2005-01-02 05:00:00,29293.6
region1,demand_power,power,2005-01-02 06:00:00,31062.336
region1,demand_power,power,2005-01-02 07:00:00,32192.288
region1,demand_power,power,2005-01-02 08:00:00,32969.296
region1,demand_power,power,2005-01-02 09:00:00,33562.496
region1,demand_power,power,2005-01-02 10:00:00,33535.504
region1,demand_power,power,2005-01-02 11:00:00,33355.728
region1,demand_power,power,2005-01-02 12:00:00,33234.144
region1,demand_power,power,2005-01-02 13:00:00,33526.0
region1,demand_power,power,2005-01-02 14:00:00,34474.864
region1,demand_power,power,2005-01-02 15:00:00,35769.216
region1,demand_power,power,2005-01-02 16:00:00,36819.424
region1,demand_power,power,2005-01-02 17:00:00,36838.016
region1,demand_power,power,2005-01-02 18:00:00,35330.4
region1,demand_power,power,2005-01-02 19:00:00,33791.248
region1,demand_power,power,2005-01-02 20:00:00,32205.2
region1,demand_power,power,2005-01-02 21:00:00,30046.832
region1,demand_power,power,2005-01-02 22:00:00,28241.6
region1,demand_power,power,2005-01-02 23:00:00,27086.592
region1,demand_power,power,2005-01-03 00:00:00,26405.408
region1,demand_power,power,2005-01-03 01:00:00,26148.112
region1,demand_power,power,2005-01-03 02:00:00,26243.968
region1,demand_power,power,2005-01-03 03:00:00,26815.568
region1,demand_power,power,2005-01-03 04:00:00,29051.792
region1,demand_power,power,2005-01-03 05:00:00,31915.536
region1,demand_power,power,2005-01-03 06:00:00,33825.792
region1,demand_power,power,2005-01-03 07:00:00,34791.312
region1,demand_power,power,2005-01-03 08:00:00,35248.512
region1,demand_power,power,2005-01-03 09:00:00,35543.136
region1,demand_power,power,2005-01-03 10:00:00,35327.968
region1,demand_power,power,2005-01-03 11:00:00,35020.832
region1,demand_power,power,2005-01-03 12:00:00,34918.768
region1,demand_power,power,2005-01-03 13:00:00,35260.944
region1,demand_power,power,2005-01-03 14:00:00,36226.224
region1,demand_power,power,2005-01-03 15:00:00,37500.768
region1,demand_power,power,2005-01-03 16:00:00,38467.44
region1,demand_power,power,2005-01-03 17:00:00,38202.432
region1,demand_power,power,2005-01-03 18:00:00,36510.0
region1,demand_power,power,2005-01-03 19:00:00,34852.768
region1,demand_power,power,2005-01-03 20:00:00,33083.696
region1,demand_power,power,2005-01-03 21:00:00,30834.896
region1,demand_power,power,2005-01-03 22:00:00,28971.616
region1,demand_power,power,2005-01-03 23:00:00,27761.44
region1,demand_power,power,2005-01-04 00:00:00,27034.912
region1,demand_power,power,2005-01-04 01:00:00,26741.904
region1,demand_power,power,2005-01-04 02:00:00,26864.928
region1,demand_power,power,2005-01-04 03:00:00,27412.8
region1,demand_power,power,2005-01-04 04:00:00,29627.424
region1,demand_power,power,2005-01-04 05:00:00,32533.488
region1,demand_power,power,2005-01-04 06:00:00,34473.6
region1,demand_power,power,2005-01-04 07:00:00,35410.48
region1,demand_power,power,2005-01-04 08:00:00,35833.568
region1,demand_power,power,2005-01-04 09:00:00,36172.144
region1,demand_power,power,2005-01-04 10:00:00,35937.632
region1,demand_power,power,2005-01-04 11:00:00,35691.072
region1,demand_power,power,2005-01-04 12:00:00,35608.112
region1,demand_power,power,2005-01-04 13:00:00,35839.488
region1,demand_power,power,2005-01-04 14:00:00,36705.744
region1,demand_power,power,2005-01-04 15:00:00,37945.824
region1,demand_power,power,2005-01-04 16:00:00,38961.968
region1,demand_power,power,2005-01-04 17:00:00,38735.024
region1,demand_power,power,2005-01-04 18:00:00,37059.04
region1,demand_power,power,2005-01-04 19:00:00,35364.128
region1,demand_power,power,2005-01-04 20:00:00,33644.608
region1,demand_power,power,2005-01-04 21:00:00,31305.44
region1,demand_power,power,2005-01-04 22:00:00,29363.632
region1,demand_power,power,2005-01-04 23:00:00,28084.144
region1,demand_power,power,2005-01-05 00:00:00,27373.728
region1,demand_power,power,2005-01-05 01:00:00,27105.712
region1,demand_power,power,2005-01-05 02:00:00,27225.792
region1,demand_power,power,2005-01-05 03:00:00,27813.312
region1,demand_power,power,2005-01-05 04:00:00,30075.072
region1,demand_power,power,2005-01-05 05:00:00,33053.84
region1,demand_power,power,2005-01-05 06:00:00,35021.76
region1,demand_power,power,2005-01-05 07:00:00,35959.136
region1,demand_power,power,2005-01-05 08:00:00,36339.408
region1,demand_power,power,2005-01-05 09:00:00,36624.992
region1,demand_power,power,2005-01-05 10:00:00,36236.8
region1,demand_power,power,2005-01-05 11:00:00,36012.608
region1,demand_power,power,2005-01-05 12:00:00,35891.136
region1,demand_power,power,2005-01-05 13:00:00,36196.56
region1,demand_power,power,2005-01-05 14:00:00,37078.16
region1,demand_power,power,2005-01-05 15:00:00,38203.12
region1,demand_power,power,2005-01-05 16:00:00,39033.52
region1,demand_power,power,2005-01-05 17:00:00,38631.008
region1,demand_power,power,2005-01-05 18:00:00,36990.8
region1,demand_power,power,2005-01-05 19:00:00,35330.832
region1,demand_power,power,2005-01-05 20:00:00,33623.456
region1,demand_power,power,2005-01-05 21:00:00,31341.168
region1,demand_power,power,2005-01-05 22:00:00,29390.624
region1,demand_power,power,2005-01-05 23:00:00,28132.928
region1,region1_to_region1_1,power,2005-01-01 00:00:00,0.0
region1,region1_to_region1_1,power,2005-01-01 01:00:00,0.0
region1,region1_to_region1_1,power,2005-01-01 02:00:00,0.0
region1,region1_to_region1_1,power,2005-01-01 03:00:00,0.0
region1,region1_to_region1_1,power,2005-01-01 04:00:00,0.0
region1,region1_to_region1_1,power,2005-01-01 05:00:00,0.0
region1,region1_to_region1_1,power,2005-01-01 06:00:00,0.0
region1,region1_to_region1_1,power,2005-01-01 07:00:00,0.0
region1,region1_to_region1_1,power,2005-01-01 08:00:00,0.0
region1,region1_to_region1_1,power,2005-01-01 09:00:00,0.0
region1,region1_to_region1_1,power,2005-01-01 10:00:00,0.0
region1,region1_to_region1_1,power,2005-01-01 11:00:00,0.0
region1,region1_to_region1_1,power,2005-01-01 12:00:00,0.0
region1,region1_to_region1_1,power,2005-01-01 13:00:00,0.0
region1,region1_to_region1_1,power,2005-01-01 14:00:00,0.0
region1,region1_to_region1_1,power,2005-01-01 15:00:00,0.0
region1,region1_to_region1_1,power,2005-01-01 16:00:00,0.0
region1,region1_to_region1_1,power,2005-01-01 17:00:00,0.0
region1,region1_to_region1_1,power,2005-01-01 18:00:00,0.0
region1,region1_to_region1_1,power,2005-01-01 19:00:00,0.0
region1,region1_to_region1_1,power,2005-01-01 20:00:00,0.0
region1,region1_to_region1_1,power,2005-01-01 21:00:00,0.0
region1,region1_to_region1_1,power,2005-01-01 22:00:00,0.0
region1,region1_to_region1_1,power,2005-01-01 23:00:00,0.0
region1,region1_to_region1_1,power,2005-01-02 00:00:00,0.0
region1,region1_to_region1_1,power,2005-01-02 01:00:00,0.0
region1,region1_to_region1_1,power,2005-01-02 02:00:00,0.0
region1,region1_to_region1_1,power,2005-01-02 03:00:00,0.0
region1,region1_to_region1_1,power,2005-01-02 04:00:00,0.0
region1,region1_to_region1_1,power,2005-01-02 05:00:00,0.0
region1,region1_to_region1_1,power,2005-01-02 06:00:00,0.0
region1,region1_to_region1_1,power,2005-01-02 07:00:00,0.0
region1,region1_to_region1_1,power,2005-01-02 08:00:00,0.0
region1,region1_to_region1_1,power,2005-01-02 09:00:00,0.0
region1,region1_to_region1_1,power,2005-01-02 10:00:00,0.0
region1,region1_to_region1_1,power,2005-01-02 11:00:00,0.0
region1,region1_to_region1_1,power,2005-01-02 12:00:00,0.0
region1,region1_to_region1_1,power,2005-01-02 13:00:00,0.0
region1,region1_to_region1_1,power,2005-01-02 14:00:00,0.0
region1,region1_to_region1_1,power,2005-01-02 15:00:00,0.0
region1,region1_to_region1_1,power,2005-01-02 16:00:00,0.0
region1,region1_to_region1_1,power,2005-01-02 17:00:00,0.0
region1,region1_to_region1_1,power,2005-01-02 18:00:00,0.0
region1,region1_to_region1_1,power,2005-01-02 19:00:00,0.0
region1,region1_to_region1_1,power,2005-01-02 20:00:00,0.0
region1,region1_to_region1_1,power,2005-01-02 21:00:00,0.0
region1,region1_to_region1_1,power,2005-01-02 22:00:00,0.0
region1,region1_to_region1_1,power,2005-01-02 23:00:00,0.0
region1,region1_to_region1_1,power,2005-01-03 00:00:00,0.0
region1,region1_to_region1_1,power,2005-01-03 01:00:00,0.0
region1,region1_to_region1_1,power,2005-01-03 02:00:00,0.0
region1,region1_to_region1_1,power,2005-01-03 03:00:00,0.0
region1,region1_to_region1_1,power,2005-01-03 04:00:00,0.0
region1,region1_to_region1_1,power,2005-01-03 05:00:00,0.0
region1,region1_to_region1_1,power,2005-01-03 06:00:00,0.0
region1,region1_to_region1_1,power,2005-01-03 07:00:00,0.0
region1,region1_to_region1_1,power,2005-01-03 08:00:00,0.0
region1,region1_to_region1_1,power,2005-01-03 09:00:00,0.0
region1,region1_to_region1_1,power,2005-01-03 10:00:00,0.0
region1,region1_to_region1_1,power,2005-01-03 11:00:00,0.0
region1,region1_to_region1_1,power,2005-01-03 12:00:00,0.0
region1,region1_to_region1_1,power,2005-01-03 13:00:00,0.0
region1,region1_to_region1_1,power,2005-01-03 14:00:00,0.0
region1,region1_to_region1_1,power,2005-01-03 15:00:00,0.0
region1,region1_to_region1_1,power,2005-01-03 16:00:00,0.0
region1,region1_to_region1_1,power,2005-01-03 17:00:00,0.0
region1,region1_to_region1_1,power,2005-01-03 18:00:00,0.0
region1,region1_to_region1_1,power,2005-01-03 19:00:00,0.0
region1,region1_to_region1_1,power,2005-01-03 20:00:00,0.0
region1,region1_to_region1_1,power,2005-01-03 21:00:00,0.0
region1,region1_to_region1_1,power,2005-01-03 22:00:00,0.0
region1,region1_to_region1_1,power,2005-01-03 23:00:00,0.0
region1,region1_to_region1_1,power,2005-01-04 00:00:00,0.0
region1,region1_to_region1_1,power,2005-01-04 01:00:00,0.0
region1,region1_to_region1_1,power,2005-01-04 02:00:00,0.0
region1,region1_to_region1_1,power,2005-01-04 03:00:00,0.0
region1,region1_to_region1_1,power,2005-01-04 04:00:00,0.0
region1,region1_to_region1_1,power,2005-01-04 05:00:00,0.0
region1,region1_to_region1_1,power,2005-01-04 06:00:00,0.0
region1,region1_to_region1_1,power,2005-01-04 07:00:00,0.0
region1,region1_to_region1_1,power,2005-01-04 08:00:00,0.0
region1,region1_to_region1_1,power,2005-01-04 09:00:00,0.0
region1,region1_to_region1_1,power,2005-01-04 10:00:00,0.0
region1,region1_to_region1_1,power,2005-01-04 11:00:00,0.0
region1,region1_to_region1_1,power,2005-01-04 12:00:00,0.0
region1,region1_to_region1_1,power,2005-01-04 13:00:00,0.0
region1,region1_to_region1_1,power,2005-01-04 14:00:00,0.0
region1,region1_to_region1_1,power,2005-01-04 15:00:00,0.0
region1,region1_to_region1_1,power,2005-01-04 16:00:00,0.0
region1,region1_to_region1_1,power,2005-01-04 17:00:00,0.0
region1,region1_to_region1_1,power,2005-01-04 18:00:00,0.0
region1,region1_to_region1_1,power,2005-01-04 19:00:00,0.0
region1,region1_to_region1_1,power,2005-01-04 20:00:00,0.0
region1,region1_to_region1_1,power,2005-01-04 21:00:00,0.0
region1,region1_to_region1_1,power,2005-01-04 22:00:00,0.0
region1,region1_to_region1_1,power,2005-01-04 23:00:00,0.0
region1,region1_to_region1_1,power,2005-01-05 00:00:00,0.0
region1,region1_to_region1_1,power,2005-01-05 01:00:00,0.0
region1,region1_to_region1_1,power,2005-01-05 02:00:00,0.0
region1,region1_to_region1_1,power,2005-01-05 03:00:00,0.0
region1,region1_to_region1_1,power,2005-01-05 04:00:00,0.0
region1,region1_to_region1_1,power,2005-01-05 05:00:00,0.0
region1,region1_to_region1_1,power,2005-01-05 06:00:00,0.0
region1,region1_to_region1_1,power,2005-01-05 07:00:00,0.0
region1,region1_to_region1_1,power,2005-01-05 08:00:00,0.0
region1,region1_to_region1_1,power,2005-01-05 09:00:00,0.0
region1,region1_to_region1_1,power,2005-01-05 10:00:00,0.0
region1,region1_to_region1_1,power,2005-01-05 11:00:00,0.0
region1,region1_to_region1_1,power,2005-01-05 12:00:00,0.0
region1,region1_to_region1_1,power,2005-01-05 13:00:00,0.0
region1,region1_to_region1_1,power,2005-01-05 14:00:00,0.0
region1,region1_to_region1_1,power,2005-01-05 15:00:00,0.0
region1,region1_to_region1_1,power,2005-01-05 16:00:00,0.0
region1,region1_to_region1_1,power,2005-01-05 17:00:00,0.0
region1,region1_to_region1_1,power,2005-01-05 18:00:00,0.0
region1,region1_to_region1_1,power,2005-01-05 19:00:00,0.0
region1,region1_to_region1_1,power,2005-01-05 20:00:00,0.0
region1,region1_to_region1_1,power,2005-01-05 21:00:00,0.0
region1,region1_to_region1_1,power,2005-01-05 22:00:00,0.0
region1,region1_to_region1_1,power,2005-01-05 23:00:00,0.0
region1,region1_to_region1_2,power,2005-01-01 00:00:00,0.0
region1,region1_to_region1_2,power,2005-01-01 01:00:00,0.0
region1,region1_to_region1_2,power,2005-01-01 02:00:00,0.0
region1,region1_to_region1_2,power,2005-01-01 03:00:00,0.0
region1,region1_to_region1_2,power,2005-01-01 04:00:00,0.0
region1,region1_to_region1_2,power,2005-01-01 05:00:00,0.0
region1,region1_to_region1_2,power,2005-01-01 06:00:00,0.0
region1,region1_to_region1_2,power,2005-01-01 07:00:00,0.0
region1,region1_to_region1_2,power,2005-01-01 08:00:00,0.0
region1,region1_to_region1_2,power,2005-01-01 09:00:00,0.0
region1,region1_to_region1_2,power,2005-01-01 10:00:00,0.0
region1,region1_to_region1_2,power,2005-01-01 11:00:00,0.0
region1,region1_to_region1_2,power,2005-01-01 12:00:00,0.0
region1,region1_to_region1_2,power,2005-01-01 13:00:00,0.0
region1,region1_to_region1_2,power,2005-01-01 14:00:00,0.0
region1,region1_to_region1_2,power,2005-01-01 15:00:00,0.0
region1,region1_to_region1_2,power,2005-01-01 16:00:00,0.0
region1,region1_to_region1_2,power,2005-01-01 17:00:00,0.0
region1,region1_to_region1_2,power,2005-01-01 18:00:00,0.0
region1,region1_to_region1_2,power,2005-01-01 19:00:00,0.0
region1,region1_to_region1_2,power,2005-01-01 20:00:00,0.0
region1,region1_to_region1_2,power,2005-01-01 21:00:00,0.0
region1,region1_to_region1_2,power,2005-01-01 22:00:00,0.0
region1,region1_to_region1_2,power,2005-01-01 23:00:00,0.0
region1,region1_to_region1_2,power,2005-01-02 00:00:00,0.0
region1,region1_to_region1_2,power,2005-01-02 01:00:00,0.0
region1,region1_to_region1_2,power,2005-01-02 02:00:00,0.0
region1,region1_to_region1_2,power,2005-01-02 03:00:00,0.0
region1,region1_to_region1_2,power,2005-01-02 04:00:00,0.0
region1,region1_to_region1_2,power,2005-01-02 05:00:00,0.0
region1,region1_to_region1_2,power,2005-01-02 06:00:00,0.0
region1,region1_to_region1_2,power,2005-01-02 07:00:00,0.0
region1,region1_to_region1_2,power,2005-01-02 08:00:00,0.0
region1,region1_to_region1_2,power,2005-01-02 09:00:00,0.0
region1,region1_to_region1_2,power,2005-01-02 10:00:00,0.0
region1,region1_to_region1_2,power,2005-01-02 11:00:00,0.0
region1,region1_to_region1_2,power,2005-01-02 12:00:00,0.0
region1,region1_to_region1_2,power,2005-01-02 13:00:00,0.0
region1,region1_to_region1_2,power,2005-01-02 14:00:00,0.0
region1,region1_to_region1_2,power,2005-01-02 15:00:00,0.0
region1,region1_to_region1_2,power,2005-01-02 16:00:00,0.0
region1,region1_to_region1_2,power,2005-01-02 17:00:00,0.0
region1,region1_to_region1_2,power,2005-01-02 18:00:00,0.0
region1,region1_to_region1_2,power,2005-01-02 19:00:00,0.0
region1,region1_to_region1_2,power,2005-01-02 20:00:00,0.0
region1,region1_to_region1_2,power,2005-01-02 21:00:00,0.0
region1,region1_to_region1_2,power,2005-01-02 22:00:00,0.0
region1,region1_to_region1_2,power,2005-01-02 23:00:00,0.0
region1,region1_to_region1_2,power,2005-01-03 00:00:00,0.0
region1,region1_to_region1_2,power,2005-01-03 01:00:00,0.0
region1,region1_to_region1_2,power,2005-01-03 02:00:00,0.0
region1,region1_to_region1_2,power,2005-01-03 03:00:00,0.0
region1,region1_to_region1_2,power,2005-01-03 04:00:00,0.0
region1,region1_to_region1_2,power,2005-01-03 05:00:00,0.0
region1,region1_to_region1_2,power,2005-01-03 06:00:00,0.0
region1,region1_to_region1_2,power,2005-01-03 07:00:00,0.0
region1,region1_to_region1_2,power,2005-01-03 08:00:00,0.0
region1,region1_to_region1_2,power,2005-01-03 09:00:00,0.0
region1,region1_to_region1_2,power,2005-01-03 10:00:00,0.0
region1,region1_to_region1_2,power,2005-01-03 11:00:00,0.0
region1,region1_to_region1_2,power,2005-01-03 12:00:00,0.0
region1,region1_to_region1_2,power,2005-01-03 13:00:00,0.0
region1,region1_to_region1_2,power,2005-01-03 14:00:00,0.0
region1,region1_to_region1_2,power,2005-01-03 15:00:00,0.0
region1,region1_to_region1_2,power,2005-01-03 16:00:00,0.0
region1,region1_to_region1_2,power,2005-01-03 17:00:00,0.0
region1,region1_to_region1_2,power,2005-01-03 18:00:00,0.0
region1,region1_to_region1_2,power,2005-01-03 19:00:00,0.0
region1,region1_to_region1_2,power,2005-01-03 20:00:00,0.0
region1,region1_to_region1_2,power,2005-01-03 21:00:00,0.0
region1,region1_to_region1_2,power,2005-01-03 22:00:00,0.0
region1,region1_to_region1_2,power,2005-01-03 23:00:00,0.0
region1,region1_to_region1_2,power,2005-01-04 00:00:00,0.0
region1,region1_to_region1_2,power,2005-01-04 01:00:00,0.0
region1,region1_to_region1_2,power,2005-01-04 02:00:00,0.0
region1,region1_to_region1_2,power,2005-01-04 03:00:00,0.0
region1,region1_to_region1_2,power,2005-01-04 04:00:00,0.0
region1,region1_to_region1_2,power,2005-01-04 05:00:00,0.0
region1,region1_to_region1_2,power,2005-01-04 06:00:00,0.0
region1,region1_to_region1_2,power,2005-01-04 07:00:00,0.0
region1,region1_to_region1_2,power,2005-01-04 08:00:00,0.0
region1,region1_to_region1_2,power,2005-01-04 09:00:00,0.0
region1,region1_to_region1_2,power,2005-01-04 10:00:00,0.0
region1,region1_to_region1_2,power,2005-01-04 11:00:00,0.0
region1,region1_to_region1_2,power,2005-01-04 12:00:00,0.0
region1,region1_to_region1_2,power,2005-01-04 13:00:00,0.0
region1,region1_to_region1_2,power,2005-01-04 14:00:00,0.0
region1,region1_to_region1_2,power,2005-01-04 15:00:00,0.0
region1,region1_to_region1_2,power,2005-01-04 16:00:00,0.0
region1,region1_to_region1_2,power,2005-01-04 17:00:00,0.0
region1,region1_to_region1_2,power,2005-01-04 18:00:00,0.0
region1,region1_to_region1_2,power,2005-01-04 19:00:00,0.0
region1,region1_to_region1_2,power,2005-01-04 20:00:00,0.0
region1,region1_to_region1_2,power,2005-01-04 21:00:00,0.0
region1,region1_to_region1_2,power,2005-01-04 22:00:00,0.0
region1,region1_to_region1_2,power,2005-01-04 23:00:00,0.0
region1,region1_to_region1_2,power,2005-01-05 00:00:00,0.0
region1,region1_to_region1_2,power,2005-01-05 01:00:00,0.0
region1,region1_to_region1_2,power,2005-01-05 02:00:00,0.0
region1,region1_to_region1_2,power,2005-01-05 03:00:00,0.0
region1,region1_to_region1_2,power,2005-01-05 04:00:00,0.0
region1,region1_to_region1_2,power,2005-01-05 05:00:00,0.0
region1,region1_to_region1_2,power,2005-01-05 06:00:00,0.0
region1,region1_to_region1_2,power,2005-01-05 07:00:00,0.0
region1,region1_to_region1_2,power,2005-01-05 08:00:00,0.0
region1,region1_to_region1_2,power,2005-01-05 09:00:00,0.0
region1,region1_to_region1_2,power,2005-01-05 10:00:00,0.0
region1,region1_to_region1_2,power,2005-01-05 11:00:00,0.0
region1,region1_to_region1_2,power,2005-01-05 12:00:00,0.0
region1,region1_to_region1_2,power,2005-01-05 13:00:00,0.0
region1,region1_to_region1_2,power,2005-01-05 14:00:00,0.0
region1,region1_to_region1_2,power,2005-01-05 15:00:00,0.0
region1,region1_to_region1_2,power,2005-01-05 16:00:00,0.0
region1,region1_to_region1_2,power,2005-01-05 17:00:00,0.0
region1,region1_to_region1_2,power,2005-01-05 18:00:00,0.0
region1,region1_to_region1_2,power,2005-01-05 19:00:00,0.0
region1,region1_to_region1_2,power,2005-01-05 20:00:00,0.0
region1,region1_to_region1_2,power,2005-01-05 21:00:00,0.0
region1,region1_to_region1_2,power,2005-01-05 22:00:00,0.0
region1,region1_to_region1_2,power,2005-01-05 23:00:00,0.0
region1,region1_to_region1_3,power,2005-01-01 00:00:00,0.0
region1,region1_to_region1_3,power,2005-01-01 01:00:00,0.0
region1,region1_to_region1_3,power,2005-01-01 02:00:00,0.0
region1,region1_to_region1_3,power,2005-01-01 03:00:00,0.0
region1,region1_to_region1_3,power,2005-01-01 04:00:00,0.0
region1,region1_to_region1_3,power,2005-01-01 05:00:00,0.0
region1,region1_to_region1_3,power,2005-01-01 06:00:00,0.0
region1,region1_to_region1_3,power,2005-01-01 07:00:00,0.0
region1,region1_to_region1_3,power,2005-01-01 08:00:00,0.0
region1,region1_to_region1_3,power,2005-01-01 09:00:00,0.0
region1,region1_to_region1_3,power,2005-01-01 10:00:00,0.0
region1,region1_to_region1_3,power,2005-01-01 11:00:00,0.0
region1,region1_to_region1_3,power,2005-01-01 12:00:00,0.0
region1,region1_to_region1_3,power,2005-01-01 13:00:00,0.0
region1,region1_to_region1_3,power,2005-01-01 14:00:00,0.0
region1,region1_to_region1_3,power,2005-01-01 15:00:00,0.0
region1,region1_to_region1_3,power,2005-01-01 16:00:00,0.0
region1,region1_to_region1_3,power,2005-01-01 17:00:00,0.0
region1,region1_to_region1_3,power,2005-01-01 18:00:00,0.0
region1,region1_to_region1_3,power,2005-01-01 19:00:00,0.0
region1,region1_to_region1_3,power,2005-01-01 20:00:00,0.0
region1,region1_to_region1_3,power,2005-01-01 21:00:00,0.0
region1,region1_to_region1_3,power,2005-01-01 22:00:00,0.0
region1,region1_to_region1_3,power,2005-01-01 23:00:00,0.0
region1,region1_to_region1_3,power,2005-01-02 00:00:00,0.0
region1,region1_to_region1_3,power,2005-01-02 01:00:00,0.0
region1,region1_to_region1_3,power,2005-01-02 02:00:00,0.0
region1,region1_to_region1_3,power,2005-01-02 03:00:00,0.0
region1,region1_to_region1_3,power,2005-01-02 04:00:00,0.0
region1,region1_to_region1_3,power,2005-01-02 05:00:00,0.0
region1,region1_to_region1_3,power,2005-01-02 06:00:00,0.0
region1,region1_to_region1_3,power,2005-01-02 07:00:00,0.0
region1,region1_to_region1_3,power,2005-01-02 08:00:00,0.0
region1,region1_to_region1_3,power,2005-01-02 09:00:00,0.0
region1,region1_to_region1_3,power,2005-01-02 10:00:00,0.0
region1,region1_to_region1_3,power,2005-01-02 11:00:00,0.0
region1,region1_to_region1_3,power,2005-01-02 12:00:00,0.0
region1,region1_to_region1_3,power,2005-01-02 13:00:00,0.0
region1,region1_to_region1_3,power,2005-01-02 14:00:00,0.0
region1,region1_to_region1_3,power,2005-01-02 15:00:00,0.0
region1,region1_to_region1_3,power,2005-01-02 16:00:00,0.0
region1,region1_to_region1_3,power,2005-01-02 17:00:00,0.0
region1,region1_to_region1_3,power,2005-01-02 18:00:00,0.0
region1,region1_to_region1_3,power,2005-01-02 19:00:00,0.0
region1,region1_to_region1_3,power,2005-01-02 20:00:00,0.0
region1,region1_to_region1_3,power,2005-01-02 21:00:00,0.0
region1,region1_to_region1_3,power,2005-01-02 22:00:00,0.0
region1,region1_to_region1_3,power,2005-01-02 23:00:00,0.0
region1,region1_to_region1_3,power,2005-01-03 00:00:00,0.0
region1,region1_to_region1_3,power,2005-01-03 01:00:00,0.0
region1,region1_to_region1_3,power,2005-01-03 02:00:00,0.0
region1,region1_to_region1_3,power,2005-01-03 03:00:00,0.0
region1,region1_to_region1_3,power,2005-01-03 04:00:00,0.0
region1,region1_to_region1_3,power,2005-01-03 05:00:00,0.0
region1,region1_to_region1_3,power,2005-01-03 06:00:00,0.0
region1,region1_to_region1_3,power,2005-01-03 07:00:00,0.0
region1,region1_to_region1_3,power,2005-01-03 08:00:00,0.0
region1,region1_to_region1_3,power,2005-01-03 09:00:00,0.0
region1,region1_to_region1_3,power,2005-01-03 10:00:00,0.0
region1,region1_to_region1_3,power,2005-01-03 11:00:00,0.0
region1,region1_to_region1_3,power,2005-01-03 12:00:00,0.0
region1,region1_to_region1_3,power,2005-01-03 13:00:00,0.0
region1,region1_to_region1_3,power,2005-01-03 14:00:00,0.0
region1,region1_to_region1_3,power,2005-01-03 15:00:00,0.0
region1,region1_to_region1_3,power,2005-01-03 16:00:00,0.0
region1,region1_to_region1_3,power,2005-01-03 17:00:00,0.0
region1,region1_to_region1_3,power,2005-01-03 18:00:00,0.0
region1,region1_to_region1_3,power,2005-01-03 19:00:00,0.0
region1,region1_to_region1_3,power,2005-01-03 20:00:00,0.0
region1,region1_to_region1_3,power,2005-01-03 21:00:00,0.0
region1,region1_to_region1_3,power,2005-01-03 22:00:00,0.0
region1,region1_to_region1_3,power,2005-01-03 23:00:00,0.0
region1,region1_to_region1_3,power,2005-01-04 00:00:00,0.0
region1,region1_to_region1_3,power,2005-01-04 01:00:00,0.0
region1,region1_to_region1_3,power,2005-01-04 02:00:00,0.0
region1,region1_to_region1_3,power,2005-01-04 03:00:00,0.0
region1,region1_to_region1_3,power,2005-01-04 04:00:00,0.0
region1,region1_to_region1_3,power,2005-01-04 05:00:00,0.0
region1,region1_to_region1_3,power,2005-01-04 06:00:00,0.0
region1,region1_to_region1_3,power,2005-01-04 07:00:00,0.0
region1,region1_to_region1_3,power,2005-01-04 08:00:00,0.0
region1,region1_to_region1_3,power,2005-01-04 09:00:00,0.0
region1,region1_to_region1_3,power,2005-01-04 10:00:00,0.0
region1,region1_to_region1_3,power,2005-01-04 11:00:00,0.0
region1,region1_to_region1_3,power,2005-01-04 12:00:00,0.0
region1,region1_to_region1_3,power,2005-01-04 13:00:00,0.0
region1,region1_to_region1_3,power,2005-01-04 14:00:00,0.0
region1,region1_to_region1_3,power,2005-01-04 15:00:00,0.0
region1,region1_to_region1_3,power,2005-01-04 16:00:00,0.0
region1,region1_to_region1_3,power,2005-01-04 17:00:00,0.0
region1,region1_to_region1_3,power,2005-01-04 18:00:00,0.0
region1,region1_to_region1_3,power,2005-01-04 19:00:00,0.0
region1,region1_to_region1_3,power,2005-01-04 20:00:00,0.0
region1,region1_to_region1_3,power,2005-01-04 21:00:00,0.0
region1,region1_to_region1_3,power,2005-01-04 22:00:00,0.0
region1,region1_to_region1_3,power,2005-01-04 23:00:00,0.0
region1,region1_to_region1_3,power,2005-01-05 00:00:00,0.0
region1,region1_to_region1_3,power,2005-01-05 01:00:00,0.0
region1,region1_to_region1_3,power,2005-01-05 02:00:00,0.0
region1,region1_to_region1_3,power,2005-01-05 03:00:00,0.0
region1,region1_to_region1_3,power,2005-01-05 04:00:00,0.0
region1,region1_to_region1_3,power,2005-01-05 05:00:00,0.0
region1,region1_to_region1_3,power,2005-01-05 06:00:00,0.0
region1,region1_to_region1_3,power,2005-01-05 07:00:00,0.0
region1,region1_to_region1_3,power,2005-01-05 08:00:00,0.0
region1,region1_to_region1_3,power,2005-01-05 09:00:00,0.0
region1,region1_to_region1_3,power,2005-01-05 10:00:00,0.0
region1,region1_to_region1_3,power,2005-01-05 11:00:00,0.0
region1,region1_to_region1_3,power,2005-01-05 12:00:00,0.0
region1,region1_to_region1_3,power,2005-01-05 13:00:00,0.0
region1,region1_to_region1_3,power,2005-01-05 14:00:00,0.0
region1,region1_to_region1_3,power,2005-01-05 15:00:00,0.0
region1,region1_to_region1_3,power,2005-01-05 16:00:00,0.0
region1,region1_to_region1_3,power,2005-01-05 17:00:00,0.0
region1,region1_to_region1_3,power,2005-01-05 18:00:00,0.0
region1,region1_to_region1_3,power,2005-01-05 19:00:00,0.0
region1,region1_to_region1_3,power,2005-01-05 20:00:00,0.0
region1,region1_to_region1_3,power,2005-01-05 21:00:00,0.0
region1,region1_to_region1_3,power,2005-01-05 22:00:00,0.0
region1,region1_to_region1_3,power,2005-01-05 23:00:00,0.0
region1,region1_to_region2,power,2005-01-01 00:00:00,2651.88
region1,region1_to_region2,power,2005-01-01 01:00:00,2507.2329
region1,region1_to_region2,power,2005-01-01 02:00:00,2459.0165
region1,region1_to_region2,power,2005-01-01 03:00:00,2507.2329
region1,region1_to_region2,power,2005-01-01 04:00:00,2555.4494
region1,region1_to_region2,power,2005-01-01 05:00:00,2555.4494
region1,region1_to_region2,power,2005-01-01 06:00:00,2603.6635
region1,region1_to_region2,power,2005-01-01 07:00:00,2700.0965
region1,region1_to_region2,power,2005-01-01 08:00:00,2892.96
region1,region1_to_region2,power,2005-01-01 09:00:00,2892.96
region1,region1_to_region2,power,2005-01-01 10:00:00,2844.7435
region1,region1_to_region2,power,2005-01-01 11:00:00,2844.7435
region1,region1_to_region2,power,2005-01-01 12:00:00,2796.5294
region1,region1_to_region2,power,2005-01-01 13:00:00,2748.3129
region1,region1_to_region2,power,2005-01-01 14:00:00,2789.9819
region1,region1_to_region2,power,2005-01-01 15:00:00,3230.4729
region1,region1_to_region2,power,2005-01-01 16:00:00,3230.4729
region1,region1_to_region2,power,2005-01-01 17:00:00,3230.4729
region1,region1_to_region2,power,2005-01-01 18:00:00,3230.4729
region1,region1_to_region2,power,2005-01-01 19:00:00,3230.4729
region1,region1_to_region2,power,2005-01-01 20:00:00,3085.8235
region1,region1_to_region2,power,2005-01-01 21:00:00,2892.96
region1,region1_to_region2,power,2005-01-01 22:00:00,2651.88
region1,region1_to_region2,power,2005-01-01 23:00:00,2700.0965
region1,region1_to_region2,power,2005-01-02 00:00:00,2776.6602
region1,region1_to_region2,power,2005-01-02 01:00:00,3230.4729
region1,region1_to_region2,power,2005-01-02 02:00:00,3230.4729
region1,region1_to_region2,power,2005-01-02 03:00:00,3230.4729
region1,region1_to_region2,power,2005-01-02 04:00:00,3167.248
region1,region1_to_region2,power,2005-01-02 05:00:00,2555.4494
region1,region1_to_region2,power,2005-01-02 06:00:00,2603.6635
region1,region1_to_region2,power,2005-01-02 07:00:00,2700.0965
region1,region1_to_region2,power,2005-01-02 08:00:00,3230.4729
region1,region1_to_region2,power,2005-01-02 09:00:00,3230.4729
region1,region1_to_region2,power,2005-01-02 10:00:00,3230.4729
region1,region1_to_region2,power,2005-01-02 11:00:00,3230.4729
region1,region1_to_region2,power,2005-01-02 12:00:00,3230.4729
region1,region1_to_region2,power,2005-01-02 13:00:00,3230.4729
region1,region1_to_region2,power,2005-01-02 14:00:00,3230.4729
region1,region1_to_region2,power,2005-01-02 15:00:00,3230.4729
region1,region1_to_region2,power,2005-01-02 16:00:00,2246.8659
region1,region1_to_region2,power,2005-01-02 17:00:00,2198.6494
region1,region1_to_region2,power,2005-01-02 18:00:00,3230.4729
region1,region1_to_region2,power,2005-01-02 19:00:00,3230.4729
region1,region1_to_region2,power,2005-01-02 20:00:00,3085.8235
region1,region1_to_region2,power,2005-01-02 21:00:00,2892.96
region1,region1_to_region2,power,2005-01-02 22:00:00,2651.88
region1,region1_to_region2,power,2005-01-02 23:00:00,2913.408
region1,region1_to_region2,power,2005-01-03 00:00:00,3230.4729
region1,region1_to_region2,power,2005-01-03 01:00:00,3230.4729
region1,region1_to_region2,power,2005-01-03 02:00:00,3230.4729
region1,region1_to_region2,power,2005-01-03 03:00:00,3184.432
region1,region1_to_region2,power,2005-01-03 04:00:00,2555.4494
region1,region1_to_region2,power,2005-01-03 05:00:00,2555.4494
region1,region1_to_region2,power,2005-01-03 06:00:00,2603.6635
region1,region1_to_region2,power,2005-01-03 07:00:00,2700.0965
region1,region1_to_region2,power,2005-01-03 08:00:00,2892.96
region1,region1_to_region2,power,2005-01-03 09:00:00,2892.96
region1,region1_to_region2,power,2005-01-03 10:00:00,2844.7435
region1,region1_to_region2,power,2005-01-03 11:00:00,2844.7435
region1,region1_to_region2,power,2005-01-03 12:00:00,2796.5294
region1,region1_to_region2,power,2005-01-03 13:00:00,2748.3129
region1,region1_to_region2,power,2005-01-03 14:00:00,2700.0965
region1,region1_to_region2,power,2005-01-03 15:00:00,1716.4894
region1,region1_to_region2,power,2005-01-03 16:00:00,2246.8659
region1,region1_to_region2,power,2005-01-03 17:00:00,2198.6494
region1,region1_to_region2,power,2005-01-03 18:00:00,2490.0
region1,region1_to_region2,power,2005-01-03 19:00:00,3230.4729
region1,region1_to_region2,power,2005-01-03 20:00:00,3230.4729
region1,region1_to_region2,power,2005-01-03 21:00:00,3230.4729
region1,region1_to_region2,power,2005-01-03 22:00:00,3230.4729
region1,region1_to_region2,power,2005-01-03 23:00:00,3230.4729
region1,region1_to_region2,power,2005-01-04 00:00:00,3230.4729
region1,region1_to_region2,power,2005-01-04 01:00:00,3230.4729
region1,region1_to_region2,power,2005-01-04 02:00:00,3230.4729
region1,region1_to_region2,power,2005-01-04 03:00:00,3230.4729
region1,region1_to_region2,power,2005-01-04 04:00:00,2952.3879
region1,region1_to_region2,power,2005-01-04 05:00:00,2555.4494
region1,region1_to_region2,power,2005-01-04 06:00:00,2603.6635
region1,region1_to_region2,power,2005-01-04 07:00:00,2700.0965
region1,region1_to_region2,power,2005-01-04 08:00:00,2892.96
region1,region1_to_region2,power,2005-01-04 09:00:00,2827.856
region1,region1_to_region2,power,2005-01-04 10:00:00,2916.8809
region1,region1_to_region2,power,2005-01-04 11:00:00,2844.7435
region1,region1_to_region2,power,2005-01-04 12:00:00,2796.5294
region1,region1_to_region2,power,2005-01-04 13:00:00,2748.3129
region1,region1_to_region2,power,2005-01-04 14:00:00,2294.256
region1,region1_to_region2,power,2005-01-04 15:00:00,1716.4894
region1,region1_to_region2,power,2005-01-04 16:00:00,2246.8659
region1,region1_to_region2,power,2005-01-04 17:00:00,2198.6494
region1,region1_to_region2,power,2005-01-04 18:00:00,2102.2188
region1,region1_to_region2,power,2005-01-04 19:00:00,3230.4729
region1,region1_to_region2,power,2005-01-04 20:00:00,3230.4729
region1,region1_to_region2,power,2005-01-04 21:00:00,3230.4729
region1,region1_to_region2,power,2005-01-04 22:00:00,3230.4729
region1,region1_to_region2,power,2005-01-04 23:00:00,3230.4729
region1,region1_to_region2,power,2005-01-05 00:00:00,3230.4729
region1,region1_to_region2,power,2005-01-05 01:00:00,3230.4729
region1,region1_to_region2,power,2005-01-05 02:00:00,3230.4729
region1,region1_to_region2,power,2005-01-05 03:00:00,3230.4729
region1,region1_to_region2,power,2005-01-05 04:00:00,3230.4729
region1,region1_to_region2,power,2005-01-05 05:00:00,3156.7235
region1,region1_to_region2,power,2005-01-05 06:00:00,2603.6635
region1,region1_to_region2,power,2005-01-05 07:00:00,2700.0965
region1,region1_to_region2,power,2005-01-05 08:00:00,2660.592
region1,region1_to_region2,power,2005-01-05 09:00:00,2375.008
region1,region1_to_region2,power,2005-01-05 10:00:00,2763.2
region1,region1_to_region2,power,2005-01-05 11:00:00,2987.392
region1,region1_to_region2,power,2005-01-05 12:00:00,3108.864
region1,region1_to_region2,power,2005-01-05 13:00:00,2803.44
region1,region1_to_region2,power,2005-01-05 14:00:00,1921.84
region1,region1_to_region2,power,2005-01-05 15:00:00,1716.4894
region1,region1_to_region2,power,2005-01-05 16:00:00,2246.8659
region1,region1_to_region2,power,2005-01-05 17:00:00,2198.6494
region1,region1_to_region2,power,2005-01-05 18:00:00,2102.2188
region1,region1_to_region2,power,2005-01-05 19:00:00,3230.4729
region1,region1_to_region2,power,2005-01-05 20:00:00,3085.8235
region1,region1_to_region2,power,2005-01-05 21:00:00,2892.96
region1,region1_to_region2,power,2005-01-05 22:00:00,2651.88
region1,region1_to_region2,power,2005-01-05 23:00:00,2700.0965
region1_1,region1_to_region1_1,power,2005-01-01 00:00:00,0.0
region1_1,region1_to_region1_1,power,2005-01-01 01:00:00,0.0
region1_1,region1_to_region1_1,power,2005-01-01 02:00:00,0.0
region1_1,region1_to_region1_1,power,2005-01-01 03:00:00,0.0
region1_1,region1_to_region1_1,power,2005-01-01 04:00:00,0.0
region1_1,region1_to_region1_1,power,2005-01-01 05:00:00,0.0
region1_1,region1_to_region1_1,power,2005-01-01 06:00:00,0.0
region1_1,region1_to_region1_1,power,2005-01-01 07:00:00,988.52682
region1_1,region1_to_region1_1,power,2005-01-01 08:00:00,9000.0
region1_1,region1_to_region1_1,power,2005-01-01 09:00:00,9000.0
region1_1,region1_to_region1_1,power,2005-01-01 10:00:00,9000.0
region1_1,region1_to_region1_1,power,2005-01-01 11:00:00,9000.0
region1_1,region1_to_region1_1,power,2005-01-01 12:00:00,9000.0
region1_1,region1_to_region1_1,power,2005-01-01 13:00:00,9000.0
region1_1,region1_to_region1_1,power,2005-01-01 14:00:00,9000.0
region1_1,region1_to_region1_1,power,2005-01-01 15:00:00,9000.0
region1_1,region1_to_region1_1,power,2005-01-01 16:00:00,9000.0
region1_1,region1_to_region1_1,power,2005-01-01 17:00:00,9000.0
region1_1,region1_to_region1_1,power,2005-01-01 18:00:00,9000.0
region1_1,region1_to_region1_1,power,2005-01-01 19:00:00,9000.0
region1_1,region1_to_region1_1,power,2005-01-01 20:00:00,9000.0
region1_1,region1_to_region1_1,power,2005-01-01 21:00:00,9000.0
region1_1,region1_to_region1_1,power,2005-01-01 22:00:00,6851.1822
region1_1,region1_to_region1_1,power,2005-01-01 23:00:00,0.0
region1_1,region1_to_region1_1,power,2005-01-02 00:00:00,0.0
region1_1,region1_to_region1_1,power,2005-01-02 01:00:00,0.0
region1_1,region1_to_region1_1,power,2005-01-02 02:00:00,0.0
region1_1,region1_to_region1_1,power,2005-01-02 03:00:00,0.0
region1_1,region1_to_region1_1,power,2005-01-02 04:00:00,0.0
region1_1,region1_to_region1_1,power,2005-01-02 05:00:00,1849.0494
region1_1,region1_to_region1_1,power,2005-01-02 06:00:00,3665.9995
region1_1,region1_to_region1_1,power,2005-01-02 07:00:00,4892.3845
region1_1,region1_to_region1_1,power,2005-01-02 08:00:00,9000.0
region1_1,region1_to_region1_1,power,2005-01-02 09:00:00,9000.0
region1_1,region1_to_region1_1,power,2005-01-02 10:00:00,9000.0
region1_1,region1_to_region1_1,power,2005-01-02 11:00:00,9000.0
region1_1,region1_to_region1_1,power,2005-01-02 12:00:00,9000.0
region1_1,region1_to_region1_1,power,2005-01-02 13:00:00,9000.0
region1_1,region1_to_region1_1,power,2005-01-02 14:00:00,9000.0
region1_1,region1_to_region1_1,power,2005-01-02 15:00:00,9000.0
region1_1,region1_to_region1_1,power,2005-01-02 16:00:00,9000.0
region1_1,region1_to_region1_1,power,2005-01-02 17:00:00,9000.0
region1_1,region1_to_region1_1,power,2005-01-02 18:00:00,9000.0
region1_1,region1_to_region1_1,power,2005-01-02 19:00:00,9000.0
region1_1,region1_to_region1_1,power,2005-01-02 20:00:00,5291.0235
region1_1,region1_to_region1_1,power,2005-01-02 21:00:00,2939.792
region1_1,region1_to_region1_1,power,2005-01-02 22:00:00,893.48
region1_1,region1_to_region1_1,power,2005-01-02 23:00:00,0.0
region1_1,region1_to_region1_1,power,2005-01-03 00:00:00,0.0
region1_1,region1_to_region1_1,power,2005-01-03 01:00:00,0.0
region1_1,region1_to_region1_1,power,2005-01-03 02:00:00,0.0
region1_1,region1_to_region1_1,power,2005-01-03 03:00:00,0.0
region1_1,region1_to_region1_1,power,2005-01-03 04:00:00,1607.2414
region1_1,region1_to_region1_1,power,2005-01-03 05:00:00,4470.9854
region1_1,region1_to_region1_1,power,2005-01-03 06:00:00,6429.4555
region1_1,region1_to_region1_1,power,2005-01-03 07:00:00,7491.4085
region1_1,region1_to_region1_1,power,2005-01-03 08:00:00,8141.472
region1_1,region1_to_region1_1,power,2005-01-03 09:00:00,8436.096
region1_1,region1_to_region1_1,power,2005-01-03 10:00:00,8172.7115
region1_1,region1_to_region1_1,power,2005-01-03 11:00:00,7865.5755
region1_1,region1_to_region1_1,power,2005-01-03 12:00:00,7715.2974
region1_1,region1_to_region1_1,power,2005-01-03 13:00:00,8009.2569
region1_1,region1_to_region1_1,power,2005-01-03 14:00:00,8926.3205
region1_1,region1_to_region1_1,power,2005-01-03 15:00:00,9000.0
region1_1,region1_to_region1_1,power,2005-01-03 16:00:00,9000.0
region1_1,region1_to_region1_1,power,2005-01-03 17:00:00,9000.0
region1_1,region1_to_region1_1,power,2005-01-03 18:00:00,9000.0
region1_1,region1_to_region1_1,power,2005-01-03 19:00:00,8083.2409
region1_1,region1_to_region1_1,power,2005-01-03 20:00:00,6314.1689
region1_1,region1_to_region1_1,power,2005-01-03 21:00:00,4065.3689
region1_1,region1_to_region1_1,power,2005-01-03 22:00:00,2202.0889
region1_1,region1_to_region1_1,power,2005-01-03 23:00:00,991.91294
region1_1,region1_to_region1_1,power,2005-01-04 00:00:00,265.38494
region1_1,region1_to_region1_1,power,2005-01-04 01:00:00,0.0
region1_1,region1_to_region1_1,power,2005-01-04 02:00:00,95.400941
region1_1,region1_to_region1_1,power,2005-01-04 03:00:00,643.27294
region1_1,region1_to_region1_1,power,2005-01-04 04:00:00,2579.8119
region1_1,region1_to_region1_1,power,2005-01-04 05:00:00,5088.9374
region1_1,region1_to_region1_1,power,2005-01-04 06:00:00,7077.2635
region1_1,region1_to_region1_1,power,2005-01-04 07:00:00,8110.5765
region1_1,region1_to_region1_1,power,2005-01-04 08:00:00,8726.528
region1_1,region1_to_region1_1,power,2005-01-04 09:00:00,9000.0
region1_1,region1_to_region1_1,power,2005-01-04 10:00:00,8854.5129
region1_1,region1_to_region1_1,power,2005-01-04 11:00:00,8535.8155
region1_1,region1_to_region1_1,power,2005-01-04 12:00:00,8404.6414
region1_1,region1_to_region1_1,power,2005-01-04 13:00:00,8587.8009
region1_1,region1_to_region1_1,power,2005-01-04 14:00:00,9000.0
region1_1,region1_to_region1_1,power,2005-01-04 15:00:00,9000.0
region1_1,region1_to_region1_1,power,2005-01-04 16:00:00,9000.0
region1_1,region1_to_region1_1,power,2005-01-04 17:00:00,9000.0
region1_1,region1_to_region1_1,power,2005-01-04 18:00:00,9000.0
region1_1,region1_to_region1_1,power,2005-01-04 19:00:00,8594.6009
region1_1,region1_to_region1_1,power,2005-01-04 20:00:00,6875.0809
region1_1,region1_to_region1_1,power,2005-01-04 21:00:00,4535.9129
region1_1,region1_to_region1_1,power,2005-01-04 22:00:00,2594.1049
region1_1,region1_to_region1_1,power,2005-01-04 23:00:00,1314.6169
region1_1,region1_to_region1_1,power,2005-01-05 00:00:00,604.20094
region1_1,region1_to_region1_1,power,2005-01-05 01:00:00,336.18494
region1_1,region1_to_region1_1,power,2005-01-05 02:00:00,456.26494
region1_1,region1_to_region1_1,power,2005-01-05 03:00:00,1043.7849
region1_1,region1_to_region1_1,power,2005-01-05 04:00:00,3305.5449
region1_1,region1_to_region1_1,power,2005-01-05 05:00:00,6210.5635
region1_1,region1_to_region1_1,power,2005-01-05 06:00:00,7625.4235
region1_1,region1_to_region1_1,power,2005-01-05 07:00:00,8659.2325
region1_1,region1_to_region1_1,power,2005-01-05 08:00:00,9000.0
region1_1,region1_to_region1_1,power,2005-01-05 09:00:00,9000.0
region1_1,region1_to_region1_1,power,2005-01-05 10:00:00,9000.0
region1_1,region1_to_region1_1,power,2005-01-05 11:00:00,9000.0
region1_1,region1_to_region1_1,power,2005-01-05 12:00:00,9000.0
region1_1,region1_to_region1_1,power,2005-01-05 13:00:00,9000.0
region1_1,region1_to_region1_1,power,2005-01-05 14:00:00,9000.0
region1_1,region1_to_region1_1,power,2005-01-05 15:00:00,9000.0
region1_1,region1_to_region1_1,power,2005-01-05 16:00:00,9000.0
region1_1,region1_to_region1_1,power,2005-01-05 17:00:00,9000.0
region1_1,region1_to_region1_1,power,2005-01-05 18:00:00,9000.0
region1_1,region1_to_region1_1,power,2005-01-05 19:00:00,9000.0
region1_1,region1_to_region1_1,power,2005-01-05 20:00:00,9000.0
region1_1,region1_to_region1_1,power,2005-01-05 21:00:00,9000.0
region1_1,region1_to_region1_1,power,2005-01-05 22:00:00,9000.0
region1_1,region1_to_region1_1,power,2005-01-05 23:00:00,7998.4934
region1_2,region1_to_region1_2,power,2005-01-01 00:00:00,0.0
region1_2,region1_to_region1_2,power,2005-01-01 01:00:00,0.0
region1_2,region1_to_region1_2,power,2005-01-01 02:00:00,0.0
region1_2,region1_to_region1_2,power,2005-01-01 03:00:00,0.0
region1_2,region1_to_region1_2,power,2005-01-01 04:00:00,0.0
region1_2,region1_to_region1_2,power,2005-01-01 05:00:00,0.0
region1_2,region1_to_region1_2,power,2005-01-01 06:00:00,0.0
region1_2,region1_to_region1_2,power,2005-01-01 07:00:00,0.0
region1_2,region1_to_region1_2,power,2005-01-01 08:00:00,0.0
region1_2,region1_to_region1_2,power,2005-01-01 09:00:00,0.0
region1_2,region1_to_region1_2,power,2005-01-01 10:00:00,0.0
region1_2,region1_to_region1_2,power,2005-01-01 11:00:00,0.0
region1_2,region1_to_region1_2,power,2005-01-01 12:00:00,0.0
region1_2,region1_to_region1_2,power,2005-01-01 13:00:00,0.0
region1_2,region1_to_region1_2,power,2005-01-01 14:00:00,0.0
region1_2,region1_to_region1_2,power,2005-01-01 15:00:00,0.0
region1_2,region1_to_region1_2,power,2005-01-01 16:00:00,0.0
region1_2,region1_to_region1_2,power,2005-01-01 17:00:00,0.0
region1_2,region1_to_region1_2,power,2005-01-01 18:00:00,0.0
region1_2,region1_to_region1_2,power,2005-01-01 19:00:00,0.0
region1_2,region1_to_region1_2,power,2005-01-01 20:00:00,0.0
region1_2,region1_to_region1_2,power,2005-01-01 21:00:00,0.0
region1_2,region1_to_region1_2,power,2005-01-01 22:00:00,0.0
region1_2,region1_to_region1_2,power,2005-01-01 23:00:00,0.0
region1_2,region1_to_region1_2,power,2005-01-02 00:00:00,0.0
region1_2,region1_to_region1_2,power,2005-01-02 01:00:00,0.0
region1_2,region1_to_region1_2,power,2005-01-02 02:00:00,0.0
region1_2,region1_to_region1_2,power,2005-01-02 03:00:00,0.0
region1_2,region1_to_region1_2,power,2005-01-02 04:00:00,0.0
region1_2,region1_to_region1_2,power,2005-01-02 05:00:00,0.0
region1_2,region1_to_region1_2,power,2005-01-02 06:00:00,0.0
region1_2,region1_to_region1_2,power,2005-01-02 07:00:00,0.0
region1_2,region1_to_region1_2,power,2005-01-02 08:00:00,0.0
region1_2,region1_to_region1_2,power,2005-01-02 09:00:00,0.0
region1_2,region1_to_region1_2,power,2005-01-02 10:00:00,0.0
region1_2,region1_to_region1_2,power,2005-01-02 11:00:00,0.0
region1_2,region1_to_region1_2,power,2005-01-02 12:00:00,0.0
region1_2,region1_to_region1_2,power,2005-01-02 13:00:00,0.0
region1_2,region1_to_region1_2,power,2005-01-02 14:00:00,0.0
region1_2,region1_to_region1_2,power,2005-01-02 15:00:00,0.0
region1_2,region1_to_region1_2,power,2005-01-02 16:00:00,0.0
region1_2,region1_to_region1_2,power,2005-01-02 17:00:00,0.0
region1_2,region1_to_region1_2,power,2005-01-02 18:00:00,0.0
region1_2,region1_to_region1_2,power,2005-01-02 19:00:00,0.0
region1_2,region1_to_region1_2,power,2005-01-02 20:00:00,0.0
region1_2,region1_to_region1_2,power,2005-01-02 21:00:00,0.0
region1_2,region1_to_region1_2,power,2005-01-02 22:00:00,0.0
region1_2,region1_to_region1_2,power,2005-01-02 23:00:00,0.0
region1_2,region1_to_region1_2,power,2005-01-03 00:00:00,0.0
region1_2,region1_to_region1_2,power,2005-01-03 01:00:00,0.0
region1_2,region1_to_region1_2,power,2005-01-03 02:00:00,0.0
region1_2,region1_to_region1_2,power,2005-01-03 03:00:00,0.0
region1_2,region1_to_region1_2,power,2005-01-03 04:00:00,0.0
region1_2,region1_to_region1_2,power,2005-01-03 05:00:00,0.0
region1_2,region1_to_region1_2,power,2005-01-03 06:00:00,0.0
region1_2,region1_to_region1_2,power,2005-01-03 07:00:00,0.0
region1_2,region1_to_region1_2,power,2005-01-03 08:00:00,0.0
region1_2,region1_to_region1_2,power,2005-01-03 09:00:00,0.0
region1_2,region1_to_region1_2,power,2005-01-03 10:00:00,0.0
region1_2,region1_to_region1_2,power,2005-01-03 11:00:00,0.0
region1_2,region1_to_region1_2,power,2005-01-03 12:00:00,0.0
region1_2,region1_to_region1_2,power,2005-01-03 13:00:00,0.0
region1_2,region1_to_region1_2,power,2005-01-03 14:00:00,0.0
region1_2,region1_to_region1_2,power,2005-01-03 15:00:00,0.0
region1_2,region1_to_region1_2,power,2005-01-03 16:00:00,0.0
region1_2,region1_to_region1_2,power,2005-01-03 17:00:00,0.0
region1_2,region1_to_region1_2,power,2005-01-03 18:00:00,0.0
region1_2,region1_to_region1_2,power,2005-01-03 19:00:00,0.0
region1_2,region1_to_region1_2,power,2005-01-03 20:00:00,0.0
region1_2,region1_to_region1_2,power,2005-01-03 21:00:00,0.0
region1_2,region1_to_region1_2,power,2005-01-03 22:00:00,0.0
region1_2,region1_to_region1_2,power,2005-01-03 23:00:00,0.0
region1_2,region1_to_region1_2,power,2005-01-04 00:00:00,0.0
region1_2,region1_to_region1_2,power,2005-01-04 01:00:00,0.0
region1_2,region1_to_region1_2,power,2005-01-04 02:00:00,0.0
region1_2,region1_to_region1_2,power,2005-01-04 03:00:00,0.0
region1_2,region1_to_region1_2,power,2005-01-04 04:00:00,0.0
region1_2,region1_to_region1_2,power,2005-01-04 05:00:00,0.0
region1_2,region1_to_region1_2,power,2005-01-04 06:00:00,0.0
region1_2,region1_to_region1_2,power,2005-01-04 07:00:00,0.0
region1_2,region1_to_region1_2,power,2005-01-04 08:00:00,0.0
region1_2,region1_to_region1_2,power,2005-01-04 09:00:00,0.0
region1_2,region1_to_region1_2,power,2005-01-04 10:00:00,0.0
region1_2,region1_to_region1_2,power,2005-01-04 11:00:00,0.0
region1_2,region1_to_region1_2,power,2005-01-04 12:00:00,0.0
region1_2,region1_to_region1_2,power,2005-01-04 13:00:00,0.0
region1_2,region1_to_region1_2,power,2005-01-04 14:00:00,0.0
region1_2,region1_to_region1_2,power,2005-01-04 15:00:00,0.0
region1_2,region1_to_region1_2,power,2005-01-04 16:00:00,0.0
region1_2,region1_to_region1_2,power,2005-01-04 17:00:00,0.0
region1_2,region1_to_region1_2,power,2005-01-04 18:00:00,0.0
region1_2,region1_to_region1_2,power,2005-01-04 19:00:00,0.0
region1_2,region1_to_region1_2,power,2005-01-04 20:00:00,0.0
region1_2,region1_to_region1_2,power,2005-01-04 21:00:00,0.0
region1_2,region1_to_region1_2,power,2005-01-04 22:00:00,0.0
region1_2,region1_to_region1_2,power,2005-01-04 23:00:00,0.0
region1_2,region1_to_region1_2,power,2005-01-05 00:00:00,0.0
region1_2,region1_to_region1_2,power,2005-01-05 01:00:00,0.0
region1_2,region1_to_region1_2,power,2005-01-05 02:00:00,0.0
region1_2,region1_to_region1_2,power,2005-01-05 03:00:00,0.0
region1_2,region1_to_region1_2,power,2005-01-05 04:00:00,0.0
region1_2,region1_to_region1_2,power,2005-01-05 05:00:00,0.0
region1_2,region1_to_region1_2,power,2005-01-05 06:00:00,0.0
region1_2,region1_to_region1_2,power,2005-01-05 07:00:00,0.0
region1_2,region1_to_region1_2,power,2005-01-05 08:00:00,0.0
region1_2,region1_to_region1_2,power,2005-01-05 09:00:00,0.0
region1_2,region1_to_region1_2,power,2005-01-05 10:00:00,0.0
region1_2,region1_to_region1_2,power,2005-01-05 11:00:00,0.0
region1_2,region1_to_region1_2,power,2005-01-05 12:00:00,0.0
region1_2,region1_to_region1_2,power,2005-01-05 13:00:00,0.0
region1_2,region1_to_region1_2,power,2005-01-05 14:00:00,0.0
region1_2,region1_to_region1_2,power,2005-01-05 15:00:00,0.0
region1_2,region1_to_region1_2,power,2005-01-05 16:00:00,0.0
region1_2,region1_to_region1_2,power,2005-01-05 17:00:00,0.0
region1_2,region1_to_region1_2,power,2005-01-05 18:00:00,0.0
region1_2,region1_to_region1_2,power,2005-01-05 19:00:00,0.0
region1_2,region1_to_region1_2,power,2005-01-05 20:00:00,0.0
region1_2,region1_to_region1_2,power,2005-01-05 21:00:00,0.0
region1_2,region1_to_region1_2,power,2005-01-05 22:00:00,0.0
region1_2,region1_to_region1_2,power,2005-01-05 23:00:00,0.0
region1_3,region1_to_region1_3,power,2005-01-01 00:00:00,0.0
region1_3,region1_to_region1_3,power,2005-01-01 01:00:00,0.0
region1_3,region1_to_region1_3,power,2005-01-01 02:00:00,0.0
region1_3,region1_to_region1_3,power,2005-01-01 03:00:00,0.0
region1_3,region1_to_region1_3,power,2005-01-01 04:00:00,0.0
region1_3,region1_to_region1_3,power,2005-01-01 05:00:00,0.0
region1_3,region1_to_region1_3,power,2005-01-01 06:00:00,0.0
region1_3,region1_to_region1_3,power,2005-01-01 07:00:00,0.0
region1_3,region1_to_region1_3,power,2005-01-01 08:00:00,0.0
region1_3,region1_to_region1_3,power,2005-01-01 09:00:00,0.0
region1_3,region1_to_region1_3,power,2005-01-01 10:00:00,0.0
region1_3,region1_to_region1_3,power,2005-01-01 11:00:00,0.0
region1_3,region1_to_region1_3,power,2005-01-01 12:00:00,0.0
region1_3,region1_to_region1_3,power,2005-01-01 13:00:00,0.0
region1_3,region1_to_region1_3,power,2005-01-01 14:00:00,0.0
region1_3,region1_to_region1_3,power,2005-01-01 15:00:00,0.0
region1_3,region1_to_region1_3,power,2005-01-01 16:00:00,0.0
region1_3,region1_to_region1_3,power,2005-01-01 17:00:00,0.0
region1_3,region1_to_region1_3,power,2005-01-01 18:00:00,0.0
region1_3,region1_to_region1_3,power,2005-01-01 19:00:00,0.0
region1_3,region1_to_region1_3,power,2005-01-01 20:00:00,0.0
region1_3,region1_to_region1_3,power,2005-01-01 21:00:00,0.0
region1_3,region1_to_region1_3,power,2005-01-01 22:00:00,0.0
region1_3,region1_to_region1_3,power,2005-01-01 23:00:00,0.0
region1_3,region1_to_region1_3,power,2005-01-02 00:00:00,0.0
region1_3,region1_to_region1_3,power,2005-01-02 01:00:00,0.0
region1_3,region1_to_region1_3,power,2005-01-02 02:00:00,0.0
region1_3,region1_to_region1_3,power,2005-01-02 03:00:00,0.0
region1_3,region1_to_region1_3,power,2005-01-02 04:00:00,0.0
region1_3,region1_to_region1_3,power,2005-01-02 05:00:00,0.0
region1_3,region1_to_region1_3,power,2005-01-02 06:00:00,0.0
region1_3,region1_to_region1_3,power,2005-01-02 07:00:00,0.0
region1_3,region1_to_region1_3,power,2005-01-02 08:00:00,0.0
region1_3,region1_to_region1_3,power,2005-01-02 09:00:00,0.0
region1_3,region1_to_region1_3,power,2005-01-02 10:00:00,0.0
region1_3,region1_to_region1_3,power,2005-01-02 11:00:00,0.0
region1_3,region1_to_region1_3,power,2005-01-02 12:00:00,0.0
region1_3,region1_to_region1_3,power,2005-01-02 13:00:00,0.0
region1_3,region1_to_region1_3,power,2005-01-02 14:00:00,0.0
region1_3,region1_to_region1_3,power,2005-01-02 15:00:00,0.0
region1_3,region1_to_region1_3,power,2005-01-02 16:00:00,66.289882
region1_3,region1_to_region1_3,power,2005-01-02 17:00:00,36.665412
region1_3,region1_to_region1_3,power,2005-01-02 18:00:00,0.0
region1_3,region1_to_region1_3,power,2005-01-02 19:00:00,0.0
region1_3,region1_to_region1_3,power,2005-01-02 20:00:00,0.0
region1_3,region1_to_region1_3,power,2005-01-02 21:00:00,0.0
region1_3,region1_to_region1_3,power,2005-01-02 22:00:00,0.0
region1_3,region1_to_region1_3,power,2005-01-02 23:00:00,0.0
region1_3,region1_to_region1_3,power,2005-01-03 00:00:00,0.0
region1_3,region1_to_region1_3,power,2005-01-03 01:00:00,0.0
region1_3,region1_to_region1_3,power,2005-01-03 02:00:00,0.0
region1_3,region1_to_region1_3,power,2005-01-03 03:00:00,0.0
region1_3,region1_to_region1_3,power,2005-01-03 04:00:00,0.0
region1_3,region1_to_region1_3,power,2005-01-03 05:00:00,0.0
region1_3,region1_to_region1_3,power,2005-01-03 06:00:00,0.0
region1_3,region1_to_region1_3,power,2005-01-03 07:00:00,0.0
region1_3,region1_to_region1_3,power,2005-01-03 08:00:00,0.0
region1_3,region1_to_region1_3,power,2005-01-03 09:00:00,0.0
region1_3,region1_to_region1_3,power,2005-01-03 10:00:00,0.0
region1_3,region1_to_region1_3,power,2005-01-03 11:00:00,0.0
region1_3,region1_to_region1_3,power,2005-01-03 12:00:00,0.0
region1_3,region1_to_region1_3,power,2005-01-03 13:00:00,0.0
region1_3,region1_to_region1_3,power,2005-01-03 14:00:00,0.0
region1_3,region1_to_region1_3,power,2005-01-03 15:00:00,217.25741
region1_3,region1_to_region1_3,power,2005-01-03 16:00:00,1714.3059
region1_3,region1_to_region1_3,power,2005-01-03 17:00:00,1401.0814
region1_3,region1_to_region1_3,power,2005-01-03 18:00:00,0.0
region1_3,region1_to_region1_3,power,2005-01-03 19:00:00,0.0
region1_3,region1_to_region1_3,power,2005-01-03 20:00:00,0.0
region1_3,region1_to_region1_3,power,2005-01-03 21:00:00,0.0
region1_3,region1_to_region1_3,power,2005-01-03 22:00:00,0.0
region1_3,region1_to_region1_3,power,2005-01-03 23:00:00,0.0
region1_3,region1_to_region1_3,power,2005-01-04 00:00:00,0.0
region1_3,region1_to_region1_3,power,2005-01-04 01:00:00,0.0
region1_3,region1_to_region1_3,power,2005-01-04 02:00:00,0.0
region1_3,region1_to_region1_3,power,2005-01-04 03:00:00,0.0
region1_3,region1_to_region1_3,power,2005-01-04 04:00:00,0.0
region1_3,region1_to_region1_3,power,2005-01-04 05:00:00,0.0
region1_3,region1_to_region1_3,power,2005-01-04 06:00:00,0.0
region1_3,region1_to_region1_3,power,2005-01-04 07:00:00,0.0
region1_3,region1_to_region1_3,power,2005-01-04 08:00:00,0.0
region1_3,region1_to_region1_3,power,2005-01-04 09:00:00,0.0
region1_3,region1_to_region1_3,power,2005-01-04 10:00:00,0.0
region1_3,region1_to_region1_3,power,2005-01-04 11:00:00,0.0
region1_3,region1_to_region1_3,power,2005-01-04 12:00:00,0.0
region1_3,region1_to_region1_3,power,2005-01-04 13:00:00,0.0
region1_3,region1_to_region1_3,power,2005-01-04 14:00:00,0.0
region1_3,region1_to_region1_3,power,2005-01-04 15:00:00,662.31341
region1_3,region1_to_region1_3,power,2005-01-04 16:00:00,2208.8339
region1_3,region1_to_region1_3,power,2005-01-04 17:00:00,1933.6734
region1_3,region1_to_region1_3,power,2005-01-04 18:00:00,161.25882
region1_3,region1_to_region1_3,power,2005-01-04 19:00:00,0.0
region1_3,region1_to_region1_3,power,2005-01-04 20:00:00,0.0
region1_3,region1_to_region1_3,power,2005-01-04 21:00:00,0.0
region1_3,region1_to_region1_3,power,2005-01-04 22:00:00,0.0
region1_3,region1_to_region1_3,power,2005-01-04 23:00:00,0.0
region1_3,region1_to_region1_3,power,2005-01-05 00:00:00,0.0
region1_3,region1_to_region1_3,power,2005-01-05 01:00:00,0.0
region1_3,region1_to_region1_3,power,2005-01-05 02:00:00,0.0
region1_3,region1_to_region1_3,power,2005-01-05 03:00:00,0.0
region1_3,region1_to_region1_3,power,2005-01-05 04:00:00,0.0
region1_3,region1_to_region1_3,power,2005-01-05 05:00:00,0.0
region1_3,region1_to_region1_3,power,2005-01-05 06:00:00,0.0
region1_3,region1_to_region1_3,power,2005-01-05 07:00:00,0.0
region1_3,region1_to_region1_3,power,2005-01-05 08:00:00,0.0
region1_3,region1_to_region1_3,power,2005-01-05 09:00:00,0.0
region1_3,region1_to_region1_3,power,2005-01-05 10:00:00,0.0
region1_3,region1_to_region1_3,power,2005-01-05 11:00:00,0.0
region1_3,region1_to_region1_3,power,2005-01-05 12:00:00,0.0
region1_3,region1_to_region1_3,power,2005-01-05 13:00:00,0.0
region1_3,region1_to_region1_3,power,2005-01-05 14:00:00,0.0
region1_3,region1_to_region1_3,power,2005-01-05 15:00:00,919.60941
region1_3,region1_to_region1_3,power,2005-01-05 16:00:00,2280.3859
region1_3,region1_to_region1_3,power,2005-01-05 17:00:00,1829.6574
region1_3,region1_to_region1_3,power,2005-01-05 18:00:00,93.018824
region1_3,region1_to_region1_3,power,2005-01-05 19:00:00,0.0
region1_3,region1_to_region1_3,power,2005-01-05 20:00:00,0.0
region1_3,region1_to_region1_3,power,2005-01-05 21:00:00,0.0
region1_3,region1_to_region1_3,power,2005-01-05 22:00:00,0.0
region1_3,region1_to_region1_3,power,2005-01-05 23:00:00,0.0
region2,battery,power,2005-01-01 00:00:00,0.0
region2,battery,power,2005-01-01 01:00:00,0.0
region2,battery,power,2005-01-01 02:00:00,0.0
region2,battery,power,2005-01-01 03:00:00,0.0
region2,battery,power,2005-01-01 04:00:00,0.0
region2,battery,power,2005-01-01 05:00:00,0.0
region2,battery,power,2005-01-01 06:00:00,0.0
region2,battery,power,2005-01-01 07:00:00,0.0
region2,battery,power,2005-01-01 08:00:00,0.0
region2,battery,power,2005-01-01 09:00:00,0.0
region2,battery,power,2005-01-01 10:00:00,0.0
region2,battery,power,2005-01-01 11:00:00,0.0
region2,battery,power,2005-01-01 12:00:00,0.0
region2,battery,power,2005-01-01 13:00:00,0.0
region2,battery,power,2005-01-01 14:00:00,72.58251084999999
region2,battery,power,2005-01-01 15:00:00,272.5417
region2,battery,power,2005-01-01 16:00:00,0.0
region2,battery,power,2005-01-01 17:00:00,0.0
region2,battery,power,2005-01-01 18:00:00,0.0
region2,battery,power,2005-01-01 19:00:00,0.0
region2,battery,power,2005-01-01 20:00:00,0.0
region2,battery,power,2005-01-01 21:00:00,0.0
region2,battery,power,2005-01-01 22:00:00,0.0
region2,battery,power,2005-01-01 23:00:00,0.0
region2,battery,power,2005-01-02 00:00:00,100.7600305
region2,battery,power,2005-01-02 01:00:00,584.0163
region2,battery,power,2005-01-02 02:00:00,622.9511
region2,battery,power,2005-01-02 03:00:00,584.0163
region2,battery,power,2005-01-02 04:00:00,494.02736000000004
region2,battery,power,2005-01-02 05:00:00,0.0
region2,battery,power,2005-01-02 06:00:00,0.0
region2,battery,power,2005-01-02 07:00:00,0.0
region2,battery,power,2005-01-02 08:00:00,272.5417
region2,battery,power,2005-01-02 09:00:00,272.5417
region2,battery,power,2005-01-02 10:00:00,311.4765
region2,battery,power,2005-01-02 11:00:00,311.4765
region2,battery,power,2005-01-02 12:00:00,350.40939999999995
region2,battery,power,2005-01-02 13:00:00,389.3442
region2,battery,power,2005-01-02 14:00:00,428.279
region2,battery,power,2005-01-02 15:00:00,272.5417
region2,battery,power,2005-01-02 16:00:00,0.0
region2,battery,power,2005-01-02 17:00:00,0.0
region2,battery,power,2005-01-02 18:00:00,0.0
region2,battery,power,2005-01-02 19:00:00,0.0
region2,battery,power,2005-01-02 20:00:00,0.0
region2,battery,power,2005-01-02 21:00:00,0.0
region2,battery,power,2005-01-02 22:00:00,0.0
region2,battery,power,2005-01-02 23:00:00,172.24906
region2,battery,power,2005-01-03 00:00:00,467.21379999999994
region2,battery,power,2005-01-03 01:00:00,584.0163
region2,battery,power,2005-01-03 02:00:00,622.9511
region2,battery,power,2005-01-03 03:00:00,546.8382399999999
region2,battery,power,2005-01-03 04:00:00,0.0
region2,battery,power,2005-01-03 05:00:00,0.0
region2,battery,power,2005-01-03 06:00:00,0.0
region2,battery,power,2005-01-03 07:00:00,0.0
region2,battery,power,2005-01-03 08:00:00,0.0
region2,battery,power,2005-01-03 09:00:00,0.0
region2,battery,power,2005-01-03 10:00:00,0.0
region2,battery,power,2005-01-03 11:00:00,0.0
region2,battery,power,2005-01-03 12:00:00,0.0
region2,battery,power,2005-01-03 13:00:00,0.0
region2,battery,power,2005-01-03 14:00:00,0.0
region2,battery,power,2005-01-03 15:00:00,0.0
region2,battery,power,2005-01-03 16:00:00,0.0
region2,battery,power,2005-01-03 17:00:00,0.0
region2,battery,power,2005-01-03 18:00:00,0.0
region2,battery,power,2005-01-03 19:00:00,0.0
region2,battery,power,2005-01-03 20:00:00,116.80439999999999
region2,battery,power,2005-01-03 21:00:00,272.5417
region2,battery,power,2005-01-03 22:00:00,467.21379999999994
region2,battery,power,2005-01-03 23:00:00,428.279
region2,battery,power,2005-01-04 00:00:00,467.21379999999994
region2,battery,power,2005-01-04 01:00:00,584.0163
region2,battery,power,2005-01-04 02:00:00,622.9511
region2,battery,power,2005-01-04 03:00:00,584.0163
region2,battery,power,2005-01-04 04:00:00,320.527815
region2,battery,power,2005-01-04 05:00:00,0.0
region2,battery,power,2005-01-04 06:00:00,0.0
region2,battery,power,2005-01-04 07:00:00,0.0
region2,battery,power,2005-01-04 08:00:00,0.0
region2,battery,power,2005-01-04 09:00:00,0.0
region2,battery,power,2005-01-04 10:00:00,58.25094764999999
region2,battery,power,2005-01-04 11:00:00,0.0
region2,battery,power,2005-01-04 12:00:00,0.0
region2,battery,power,2005-01-04 13:00:00,0.0
region2,battery,power,2005-01-04 14:00:00,0.0
region2,battery,power,2005-01-04 15:00:00,0.0
region2,battery,power,2005-01-04 16:00:00,0.0
region2,battery,power,2005-01-04 17:00:00,0.0
region2,battery,power,2005-01-04 18:00:00,0.0
region2,battery,power,2005-01-04 19:00:00,0.0
region2,battery,power,2005-01-04 20:00:00,116.80439999999999
region2,battery,power,2005-01-04 21:00:00,272.5417
region2,battery,power,2005-01-04 22:00:00,467.21379999999994
region2,battery,power,2005-01-04 23:00:00,428.279
region2,battery,power,2005-01-05 00:00:00,467.21379999999994
region2,battery,power,2005-01-05 01:00:00,584.0163
region2,battery,power,2005-01-05 02:00:00,622.9511
region2,battery,power,2005-01-05 03:00:00,584.0163
region2,battery,power,2005-01-05 04:00:00,545.0815
region2,battery,power,2005-01-05 05:00:00,485.5288405
region2,battery,power,2005-01-05 06:00:00,0.0
region2,battery,power,2005-01-05 07:00:00,0.0
region2,battery,power,2005-01-05 08:00:00,0.0
region2,battery,power,2005-01-05 09:00:00,0.0
region2,battery,power,2005-01-05 10:00:00,0.0
region2,battery,power,2005-01-05 11:00:00,115.18863999999999
region2,battery,power,2005-01-05 12:00:00,252.21017999999998
region2,battery,power,2005-01-05 13:00:00,44.5151
region2,battery,power,2005-01-05 14:00:00,0.0
region2,battery,power,2005-01-05 15:00:00,0.0
region2,battery,power,2005-01-05 16:00:00,0.0
region2,battery,power,2005-01-05 17:00:00,0.0
region2,battery,power,2005-01-05 18:00:00,0.0
region2,battery,power,2005-01-05 19:00:00,0.0
region2,battery,power,2005-01-05 20:00:00,0.0
region2,battery,power,2005-01-05 21:00:00,0.0
region2,battery,power,2005-01-05 22:00:00,0.0
region2,battery,power,2005-01-05 23:00:00,0.0
region2,demand_power,power,2005-01-01 00:00:00,2254.098
region2,demand_power,power,2005-01-01 01:00:00,2131.148
region2,demand_power,power,2005-01-01 02:00:00,2090.164
region2,demand_power,power,2005-01-01 03:00:00,2131.148
region2,demand_power,power,2005-01-01 04:00:00,2172.132
region2,demand_power,power,2005-01-01 05:00:00,2172.132
region2,demand_power,power,2005-01-01 06:00:00,2213.114
region2,demand_power,power,2005-01-01 07:00:00,2295.082
region2,demand_power,power,2005-01-01 08:00:00,2459.016
region2,demand_power,power,2005-01-01 09:00:00,2459.016
region2,demand_power,power,2005-01-01 10:00:00,2418.032
region2,demand_power,power,2005-01-01 11:00:00,2418.032
region2,demand_power,power,2005-01-01 12:00:00,2377.05
region2,demand_power,power,2005-01-01 13:00:00,2336.066
region2,demand_power,power,2005-01-01 14:00:00,2295.082
region2,demand_power,power,2005-01-01 15:00:00,2459.016
region2,demand_power,power,2005-01-01 16:00:00,2909.836
region2,demand_power,power,2005-01-01 17:00:00,2868.852
region2,demand_power,power,2005-01-01 18:00:00,2786.886
region2,demand_power,power,2005-01-01 19:00:00,2745.902
region2,demand_power,power,2005-01-01 20:00:00,2622.95
region2,demand_power,power,2005-01-01 21:00:00,2459.016
region2,demand_power,power,2005-01-01 22:00:00,2254.098
region2,demand_power,power,2005-01-01 23:00:00,2295.082
region2,demand_power,power,2005-01-02 00:00:00,2254.098
region2,demand_power,power,2005-01-02 01:00:00,2131.148
region2,demand_power,power,2005-01-02 02:00:00,2090.164
region2,demand_power,power,2005-01-02 03:00:00,2131.148
region2,demand_power,power,2005-01-02 04:00:00,2172.132
region2,demand_power,power,2005-01-02 05:00:00,2172.132
region2,demand_power,power,2005-01-02 06:00:00,2213.114
region2,demand_power,power,2005-01-02 07:00:00,2295.082
region2,demand_power,power,2005-01-02 08:00:00,2459.016
region2,demand_power,power,2005-01-02 09:00:00,2459.016
region2,demand_power,power,2005-01-02 10:00:00,2418.032
region2,demand_power,power,2005-01-02 11:00:00,2418.032
region2,demand_power,power,2005-01-02 12:00:00,2377.05
region2,demand_power,power,2005-01-02 13:00:00,2336.066
region2,demand_power,power,2005-01-02 14:00:00,2295.082
region2,demand_power,power,2005-01-02 15:00:00,2459.016
region2,demand_power,power,2005-01-02 16:00:00,2909.836
region2,demand_power,power,2005-01-02 17:00:00,2868.852
region2,demand_power,power,2005-01-02 18:00:00,2786.886
region2,demand_power,power,2005-01-02 19:00:00,2745.902
region2,demand_power,power,2005-01-02 20:00:00,2622.95
region2,demand_power,power,2005-01-02 21:00:00,2459.016
region2,demand_power,power,2005-01-02 22:00:00,2254.098
region2,demand_power,power,2005-01-02 23:00:00,2295.082
region2,demand_power,power,2005-01-03 00:00:00,2254.098
region2,demand_power,power,2005-01-03 01:00:00,2131.148
region2,demand_power,power,2005-01-03 02:00:00,2090.164
region2,demand_power,power,2005-01-03 03:00:00,2131.148
region2,demand_power,power,2005-01-03 04:00:00,2172.132
region2,demand_power,power,2005-01-03 05:00:00,2172.132
region2,demand_power,power,2005-01-03 06:00:00,2213.114
region2,demand_power,power,2005-01-03 07:00:00,2295.082
region2,demand_power,power,2005-01-03 08:00:00,2459.016
region2,demand_power,power,2005-01-03 09:00:00,2459.016
region2,demand_power,power,2005-01-03 10:00:00,2418.032
region2,demand_power,power,2005-01-03 11:00:00,2418.032
region2,demand_power,power,2005-01-03 12:00:00,2377.05
region2,demand_power,power,2005-01-03 13:00:00,2336.066
region2,demand_power,power,2005-01-03 14:00:00,2295.082
region2,demand_power,power,2005-01-03 15:00:00,2459.016
region2,demand_power,power,2005-01-03 16:00:00,2909.836
region2,demand_power,power,2005-01-03 17:00:00,2868.852
region2,demand_power,power,2005-01-03 18:00:00,2786.886
region2,demand_power,power,2005-01-03 19:00:00,2745.902
region2,demand_power,power,2005-01-03 20:00:00,2622.95
region2,demand_power,power,2005-01-03 21:00:00,2459.016
region2,demand_power,power,2005-01-03 22:00:00,2254.098
region2,demand_power,power,2005-01-03 23:00:00,2295.082
region2,demand_power,power,2005-01-04 00:00:00,2254.098
region2,demand_power,power,2005-01-04 01:00:00,2131.148
region2,demand_power,power,2005-01-04 02:00:00,2090.164
region2,demand_power,power,2005-01-04 03:00:00,2131.148
region2,demand_power,power,2005-01-04 04:00:00,2172.132
region2,demand_power,power,2005-01-04 05:00:00,2172.132
region2,demand_power,power,2005-01-04 06:00:00,2213.114
region2,demand_power,power,2005-01-04 07:00:00,2295.082
region2,demand_power,power,2005-01-04 08:00:00,2459.016
region2,demand_power,power,2005-01-04 09:00:00,2459.016
region2,demand_power,power,2005-01-04 10:00:00,2418.032
region2,demand_power,power,2005-01-04 11:00:00,2418.032
region2,demand_power,power,2005-01-04 12:00:00,2377.05
region2,demand_power,power,2005-01-04 13:00:00,2336.066
region2,demand_power,power,2005-01-04 14:00:00,2295.082
region2,demand_power,power,2005-01-04 15:00:00,2459.016
region2,demand_power,power,2005-01-04 16:00:00,2909.836
region2,demand_power,power,2005-01-04 17:00:00,2868.852
region2,demand_power,power,2005-01-04 18:00:00,2786.886
region2,demand_power,power,2005-01-04 19:00:00,2745.902
region2,demand_power,power,2005-01-04 20:00:00,2622.95
region2,demand_power,power,2005-01-04 21:00:00,2459.016
region2,demand_power,power,2005-01-04 22:00:00,2254.098
region2,demand_power,power,2005-01-04 23:00:00,2295.082
region2,demand_power,power,2005-01-05 00:00:00,2254.098
region2,demand_power,power,2005-01-05 01:00:00,2131.148
region2,demand_power,power,2005-01-05 02:00:00,2090.164
region2,demand_power,power,2005-01-05 03:00:00,2131.148
region2,demand_power,power,2005-01-05 04:00:00,2172.132
region2,demand_power,power,2005-01-05 05:00:00,2172.132
region2,demand_power,power,2005-01-05 06:00:00,2213.114
region2,demand_power,power,2005-01-05 07:00:00,2295.082
region2,demand_power,power,2005-01-05 08:00:00,2459.016
region2,demand_power,power,2005-01-05 09:00:00,2459.016
region2,demand_power,power,2005-01-05 10:00:00,2418.032
region2,demand_power,power,2005-01-05 11:00:00,2418.032
region2,demand_power,power,2005-01-05 12:00:00,2377.05
region2,demand_power,power,2005-01-05 13:00:00,2336.066
region2,demand_power,power,2005-01-05 14:00:00,2295.082
region2,demand_power,power,2005-01-05 15:00:00,2459.016
region2,demand_power,power,2005-01-05 16:00:00,2909.836
region2,demand_power,power,2005-01-05 17:00:00,2868.852
region2,demand_power,power,2005-01-05 18:00:00,2786.886
region2,demand_power,power,2005-01-05 19:00:00,2745.902
region2,demand_power,power,2005-01-05 20:00:00,2622.95
region2,demand_power,power,2005-01-05 21:00:00,2459.016
region2,demand_power,power,2005-01-05 22:00:00,2254.098
region2,demand_power,power,2005-01-05 23:00:00,2295.082
region2,region1_to_region2,power,2005-01-01 00:00:00,0.0
region2,region1_to_region2,power,2005-01-01 01:00:00,0.0
region2,region1_to_region2,power,2005-01-01 02:00:00,0.0
region2,region1_to_region2,power,2005-01-01 03:00:00,0.0
region2,region1_to_region2,power,2005-01-01 04:00:00,0.0
region2,region1_to_region2,power,2005-01-01 05:00:00,0.0
region2,region1_to_region2,power,2005-01-01 06:00:00,0.0
region2,region1_to_region2,power,2005-01-01 07:00:00,0.0
region2,region1_to_region2,power,2005-01-01 08:00:00,0.0
region2,region1_to_region2,power,2005-01-01 09:00:00,0.0
region2,region1_to_region2,power,2005-01-01 10:00:00,0.0
region2,region1_to_region2,power,2005-01-01 11:00:00,0.0
region2,region1_to_region2,power,2005-01-01 12:00:00,0.0
region2,region1_to_region2,power,2005-01-01 13:00:00,0.0
region2,region1_to_region2,power,2005-01-01 14:00:00,0.0
region2,region1_to_region2,power,2005-01-01 15:00:00,0.0
region2,region1_to_region2,power,2005-01-01 16:00:00,0.0
region2,region1_to_region2,power,2005-01-01 17:00:00,0.0
region2,region1_to_region2,power,2005-01-01 18:00:00,0.0
region2,region1_to_region2,power,2005-01-01 19:00:00,0.0
region2,region1_to_region2,power,2005-01-01 20:00:00,0.0
region2,region1_to_region2,power,2005-01-01 21:00:00,0.0
region2,region1_to_region2,power,2005-01-01 22:00:00,0.0
region2,region1_to_region2,power,2005-01-01 23:00:00,0.0
region2,region1_to_region2,power,2005-01-02 00:00:00,0.0
region2,region1_to_region2,power,2005-01-02 01:00:00,0.0
region2,region1_to_region2,power,2005-01-02 02:00:00,0.0
region2,region1_to_region2,power,2005-01-02 03:00:00,0.0
region2,region1_to_region2,power,2005-01-02 04:00:00,0.0
region2,region1_to_region2,power,2005-01-02 05:00:00,0.0
region2,region1_to_region2,power,2005-01-02 06:00:00,0.0
region2,region1_to_region2,power,2005-01-02 07:00:00,0.0
region2,region1_to_region2,power,2005-01-02 08:00:00,0.0
region2,region1_to_region2,power,2005-01-02 09:00:00,0.0
region2,region1_to_region2,power,2005-01-02 10:00:00,0.0
region2,region1_to_region2,power,2005-01-02 11:00:00,0.0
region2,region1_to_region2,power,2005-01-02 12:00:00,0.0
region2,region1_to_region2,power,2005-01-02 13:00:00,0.0
region2,region1_to_region2,power,2005-01-02 14:00:00,0.0
region2,region1_to_region2,power,2005-01-02 15:00:00,0.0
region2,region1_to_region2,power,2005-01-02 16:00:00,0.0
region2,region1_to_region2,power,2005-01-02 17:00:00,0.0
region2,region1_to_region2,power,2005-01-02 18:00:00,0.0
region2,region1_to_region2,power,2005-01-02 19:00:00,0.0
region2,region1_to_region2,power,2005-01-02 20:00:00,0.0
region2,region1_to_region2,power,2005-01-02 21:00:00,0.0
region2,region1_to_region2,power,2005-01-02 22:00:00,0.0
region2,region1_to_region2,power,2005-01-02 23:00:00,0.0
region2,region1_to_region2,power,2005-01-03 00:00:00,0.0
region2,region1_to_region2,power,2005-01-03 01:00:00,0.0
region2,region1_to_region2,power,2005-01-03 02:00:00,0.0
region2,region1_to_region2,power,2005-01-03 03:00:00,0.0
region2,region1_to_region2,power,2005-01-03 04:00:00,0.0
region2,region1_to_region2,power,2005-01-03 05:00:00,0.0
region2,region1_to_region2,power,2005-01-03 06:00:00,0.0
region2,region1_to_region2,power,2005-01-03 07:00:00,0.0
region2,region1_to_region2,power,2005-01-03 08:00:00,0.0
region2,region1_to_region2,power,2005-01-03 09:00:00,0.0
region2,region1_to_region2,power,2005-01-03 10:00:00,0.0
region2,region1_to_region2,power,2005-01-03 11:00:00,0.0
region2,region1_to_region2,power,2005-01-03 12:00:00,0.0
region2,region1_to_region2,power,2005-01-03 13:00:00,0.0
region2,region1_to_region2,power,2005-01-03 14:00:00,0.0
region2,region1_to_region2,power,2005-01-03 15:00:00,0.0
region2,region1_to_region2,power,2005-01-03 16:00:00,0.0
region2,region1_to_region2,power,2005-01-03 17:00:00,0.0
region2,region1_to_region2,power,2005-01-03 18:00:00,0.0
region2,region1_to_region2,power,2005-01-03 19:00:00,0.0
region2,region1_to_region2,power,2005-01-03 20:00:00,0.0
region2,region1_to_region2,power,2005-01-03 21:00:00,0.0
region2,region1_to_region2,power,2005-01-03 22:00:00,0.0
region2,region1_to_region2,power,2005-01-03 23:00:00,0.0
region2,region1_to_region2,power,2005-01-04 00:00:00,0.0
region2,region1_to_region2,power,2005-01-04 01:00:00,0.0
region2,region1_to_region2,power,2005-01-04 02:00:00,0.0
region2,region1_to_region2,power,2005-01-04 03:00:00,0.0
region2,region1_to_region2,power,2005-01-04 04:00:00,0.0
region2,region1_to_region2,power,2005-01-04 05:00:00,0.0
region2,region1_to_region2,power,2005-01-04 06:00:00,0.0
region2,region1_to_region2,power,2005-01-04 07:00:00,0.0
region2,region1_to_region2,power,2005-01-04 08:00:00,0.0
region2,region1_to_region2,power,2005-01-04 09:00:00,0.0
region2,region1_to_region2,power,2005-01-04 10:00:00,0.0
region2,region1_to_region2,power,2005-01-04 11:00:00,0.0
region2,region1_to_region2,power,2005-01-04 12:00:00,0.0
region2,region1_to_region2,power,2005-01-04 13:00:00,0.0
region2,region1_to_region2,power,2005-01-04 14:00:00,0.0
region2,region1_to_region2,power,2005-01-04 15:00:00,0.0
region2,region1_to_region2,power,2005-01-04 16:00:00,0.0
region2,region1_to_region2,power,2005-01-04 17:00:00,0.0
region2,region1_to_region2,power,2005-01-04 18:00:00,0.0
region2,region1_to_region2,power,2005-01-04 19:00:00,0.0
region2,region1_to_region2,power,2005-01-04 20:00:00,0.0
region2,region1_to_region2,power,2005-01-04 21:00:00,0.0
region2,region1_to_region2,power,2005-01-04 22:00:00,0.0
region2,region1_to_region2,power,2005-01-04 23:00:00,0.0
region2,region1_to_region2,power,2005-01-05 00:00:00,0.0
region2,region1_to_region2,power,2005-01-05 01:00:00,0.0
region2,region1_to_region2,power,2005-01-05 02:00:00,0.0
region2,region1_to_region2,power,2005-01-05 03:00:00,0.0
region2,region1_to_region2,power,2005-01-05 04:00:00,0.0
region2,region1_to_region2,power,2005-01-05 05:00:00,0.0
region2,region1_to_region2,power,2005-01-05 06:00:00,0.0
region2,region1_to_region2,power,2005-01-05 07:00:00,0.0
region2,region1_to_region2,power,2005-01-05 08:00:00,0.0
region2,region1_to_region2,power,2005-01-05 09:00:00,0.0
region2,region1_to_region2,power,2005-01-05 10:00:00,0.0
region2,region1_to_region2,power,2005-01-05 11:00:00,0.0
region2,region1_to_region2,power,2005-01-05 12:00:00,0.0
region2,region1_to_region2,power,2005-01-05 13:00:00,0.0
region2,region1_to_region2,power,2005-01-05 14:00:00,0.0
region2,region1_to_region2,power,2005-01-05 15:00:00,0.0
region2,region1_to_region2,power,2005-01-05 16:00:00,0.0
region2,region1_to_region2,power,2005-01-05 17:00:00,0.0
region2,region1_to_region2,power,2005-01-05 18:00:00,0.0
region2,region1_to_region2,power,2005-01-05 19:00:00,0.0
region2,region1_to_region2,power,2005-01-05 20:00:00,0.0
region2,region1_to_region2,power,2005-01-05 21:00:00,0.0
region2,region1_to_region2,power,2005-01-05 22:00:00,0.0
region2,region1_to_region2,power,2005-01-05 23:00:00,0.0
