timesteps,techs,nodes,sink_use_equals
2005-07-01 00:00:00,demand_electricity,X1,0.455564001
2005-07-01 00:00:00,demand_electricity,X2,94.54580124
2005-07-01 00:00:00,demand_electricity,X3,18.76291208
2005-07-01 00:00:00,demand_heat,X1,0.215376486
2005-07-01 00:00:00,demand_heat,X2,64.73199077
2005-07-01 00:00:00,demand_heat,X3,0.0156
2005-07-01 01:00:00,demand_electricity,X1,0.405798008
2005-07-01 01:00:00,demand_electricity,X2,76.96061918
2005-07-01 01:00:00,demand_electricity,X3,18.76291208
2005-07-01 01:00:00,demand_heat,X1,0.20083754
2005-07-01 01:00:00,demand_heat,X2,70.45343925
2005-07-01 01:00:00,demand_heat,X3,0.860322027
2005-07-01 02:00:00,demand_electricity,X1,0.393291395
2005-07-01 02:00:00,demand_electricity,X2,77.4757501
2005-07-01 02:00:00,demand_electricity,X3,18.76291208
2005-07-01 02:00:00,demand_heat,X1,0.207305695
2005-07-01 02:00:00,demand_heat,X2,77.19297585
2005-07-01 02:00:00,demand_heat,X3,0.0156
2005-07-01 03:00:00,demand_electricity,X1,0.393992241
2005-07-01 03:00:00,demand_electricity,X2,77.4757501
2005-07-01 03:00:00,demand_electricity,X3,18.76291208
2005-07-01 03:00:00,demand_heat,X1,0.318949064
2005-07-01 03:00:00,demand_heat,X2,104.5564355
2005-07-01 03:00:00,demand_heat,X3,0.0156
2005-07-01 04:00:00,demand_electricity,X1,0.44008539
2005-07-01 04:00:00,demand_electricity,X2,82.73149557
2005-07-01 04:00:00,demand_electricity,X3,18.76291208
2005-07-01 04:00:00,demand_heat,X1,0.650733617
2005-07-01 04:00:00,demand_heat,X2,123.2284445
2005-07-01 04:00:00,demand_heat,X3,0.860406948
2005-07-01 05:00:00,demand_electricity,X1,0.56782052
2005-07-01 05:00:00,demand_electricity,X2,148.5334787
2005-07-01 05:00:00,demand_electricity,X3,30.21242501
2005-07-01 05:00:00,demand_heat,X1,1.039384351
2005-07-01 05:00:00,demand_heat,X2,167.6688186
2005-07-01 05:00:00,demand_heat,X3,7.263326705
2005-07-01 06:00:00,demand_electricity,X1,0.7325345329999999
2005-07-01 06:00:00,demand_electricity,X2,189.5708167
2005-07-01 06:00:00,demand_electricity,X3,35.23330708
2005-07-01 06:00:00,demand_heat,X1,1.181567355
2005-07-01 06:00:00,demand_heat,X2,264.88709159999996
2005-07-01 06:00:00,demand_heat,X3,9.398229082
2005-07-01 07:00:00,demand_electricity,X1,0.713803086
2005-07-01 07:00:00,demand_electricity,X2,238.73471119999996
2005-07-01 07:00:00,demand_electricity,X3,61.3952694
2005-07-01 07:00:00,demand_heat,X1,1.285403292
2005-07-01 07:00:00,demand_heat,X2,365.1376749
2005-07-01 07:00:00,demand_heat,X3,5.7928417539999995
2005-07-01 08:00:00,demand_electricity,X1,0.6899916540000001
2005-07-01 08:00:00,demand_electricity,X2,244.2844926
2005-07-01 08:00:00,demand_electricity,X3,63.64296171
2005-07-01 08:00:00,demand_heat,X1,1.209117445
2005-07-01 08:00:00,demand_heat,X2,258.172589
2005-07-01 08:00:00,demand_heat,X3,3.322585114
2005-07-01 09:00:00,demand_electricity,X1,0.7076500840000001
2005-07-01 09:00:00,demand_electricity,X2,231.4401809
2005-07-01 09:00:00,demand_electricity,X3,62.679665
2005-07-01 09:00:00,demand_heat,X1,1.219912435
2005-07-01 09:00:00,demand_heat,X2,190.5855777
2005-07-01 09:00:00,demand_heat,X3,1.927263888
2005-07-01 10:00:00,demand_electricity,X1,0.723601032
2005-07-01 10:00:00,demand_electricity,X2,222.5307714
2005-07-01 10:00:00,demand_electricity,X3,64.92735731
2005-07-01 10:00:00,demand_heat,X1,0.736295125
2005-07-01 10:00:00,demand_heat,X2,148.1871155
2005-07-01 10:00:00,demand_heat,X3,1.621618801
2005-07-01 11:00:00,demand_electricity,X1,0.704059494
2005-07-01 11:00:00,demand_electricity,X2,222.593033
2005-07-01 11:00:00,demand_electricity,X3,63.64296171
2005-07-01 11:00:00,demand_heat,X1,0.572356325
2005-07-01 11:00:00,demand_heat,X2,113.1216255
2005-07-01 11:00:00,demand_heat,X3,1.379517395
2005-07-01 12:00:00,demand_electricity,X1,0.677476247
2005-07-01 12:00:00,demand_electricity,X2,204.439029
2005-07-01 12:00:00,demand_electricity,X3,61.074170499999994
2005-07-01 12:00:00,demand_heat,X1,0.529148551
2005-07-01 12:00:00,demand_heat,X2,109.1661068
2005-07-01 12:00:00,demand_heat,X3,1.173584337
2005-07-01 13:00:00,demand_electricity,X1,0.662892364
2005-07-01 13:00:00,demand_electricity,X2,196.1289216
2005-07-01 13:00:00,demand_electricity,X3,32.66451588
2005-07-01 13:00:00,demand_heat,X1,0.487904485
2005-07-01 13:00:00,demand_heat,X2,108.9995228
2005-07-01 13:00:00,demand_heat,X3,1.405689025
2005-07-01 14:00:00,demand_electricity,X1,0.683060115
2005-07-01 14:00:00,demand_electricity,X2,204.4881939
2005-07-01 14:00:00,demand_electricity,X3,31.38012027
2005-07-01 14:00:00,demand_heat,X1,0.491900276
2005-07-01 14:00:00,demand_heat,X2,113.7788461
2005-07-01 14:00:00,demand_heat,X3,1.171135353
2005-07-01 15:00:00,demand_electricity,X1,0.780370371
2005-07-01 15:00:00,demand_electricity,X2,225.9420179
2005-07-01 15:00:00,demand_electricity,X3,31.75087161
2005-07-01 15:00:00,demand_heat,X1,0.539642021
2005-07-01 15:00:00,demand_heat,X2,82.16241736
2005-07-01 15:00:00,demand_heat,X3,1.256352762
2005-07-01 16:00:00,demand_electricity,X1,0.940634343
2005-07-01 16:00:00,demand_electricity,X2,193.1327166
2005-07-01 16:00:00,demand_electricity,X3,24.22496714
2005-07-01 16:00:00,demand_heat,X1,0.641774864
2005-07-01 16:00:00,demand_heat,X2,105.6343708
2005-07-01 16:00:00,demand_heat,X3,0.7781783
2005-07-01 17:00:00,demand_electricity,X1,0.97838821
2005-07-01 17:00:00,demand_electricity,X2,259.50778399999996
2005-07-01 17:00:00,demand_electricity,X3,21.15215536
2005-07-01 17:00:00,demand_heat,X1,0.740864823
2005-07-01 17:00:00,demand_heat,X2,128.4753408
2005-07-01 17:00:00,demand_heat,X3,0.860429186
2005-07-01 18:00:00,demand_electricity,X1,1.02206286
2005-07-01 18:00:00,demand_electricity,X2,249.02487180000003
2005-07-01 18:00:00,demand_electricity,X3,20.96680358
2005-07-01 18:00:00,demand_heat,X1,0.7611876320000001
2005-07-01 18:00:00,demand_heat,X2,167.4087829
2005-07-01 18:00:00,demand_heat,X3,0.0156
2005-07-01 19:00:00,demand_electricity,X1,1.169518801
2005-07-01 19:00:00,demand_electricity,X2,260.25162819999997
2005-07-01 19:00:00,demand_electricity,X3,19.90594728
2005-07-01 19:00:00,demand_heat,X1,0.706515316
2005-07-01 19:00:00,demand_heat,X2,163.4062675
2005-07-01 19:00:00,demand_heat,X3,0.860416964
2005-07-01 20:00:00,demand_electricity,X1,1.30793776
2005-07-01 20:00:00,demand_electricity,X2,254.6055991
2005-07-01 20:00:00,demand_electricity,X3,18.76291208
2005-07-01 20:00:00,demand_heat,X1,0.6335928670000001
2005-07-01 20:00:00,demand_heat,X2,168.5093556
2005-07-01 20:00:00,demand_heat,X3,0.0156
2005-07-01 21:00:00,demand_electricity,X1,1.099334371
2005-07-01 21:00:00,demand_electricity,X2,205.4495087
2005-07-01 21:00:00,demand_electricity,X3,18.76291208
2005-07-01 21:00:00,demand_heat,X1,0.5232278229999999
2005-07-01 21:00:00,demand_heat,X2,242.732229
2005-07-01 21:00:00,demand_heat,X3,0.860321406
2005-07-01 22:00:00,demand_electricity,X1,0.8262123809999999
2005-07-01 22:00:00,demand_electricity,X2,135.2325717
2005-07-01 22:00:00,demand_electricity,X3,18.76291208
2005-07-01 22:00:00,demand_heat,X1,0.401011266
2005-07-01 22:00:00,demand_heat,X2,155.3739116
2005-07-01 22:00:00,demand_heat,X3,0.0156
2005-07-01 23:00:00,demand_electricity,X1,0.559498838
2005-07-01 23:00:00,demand_electricity,X2,94.73897533
2005-07-01 23:00:00,demand_electricity,X3,18.76291208
2005-07-01 23:00:00,demand_heat,X1,0.272060339
2005-07-01 23:00:00,demand_heat,X2,98.126256
2005-07-01 23:00:00,demand_heat,X3,0.8346715509999999
2005-07-02 00:00:00,demand_electricity,X1,0.455564001
2005-07-02 00:00:00,demand_electricity,X2,102.5825115
2005-07-02 00:00:00,demand_electricity,X3,18.76291208
2005-07-02 00:00:00,demand_heat,X1,0.216544231
2005-07-02 00:00:00,demand_heat,X2,83.26996156
2005-07-02 00:00:00,demand_heat,X3,0.041228722
2005-07-02 01:00:00,demand_electricity,X1,0.405798008
2005-07-02 01:00:00,demand_electricity,X2,85.89880856
2005-07-02 01:00:00,demand_electricity,X3,18.76291208
2005-07-02 01:00:00,demand_heat,X1,0.203526724
2005-07-02 01:00:00,demand_heat,X2,88.82434081
2005-07-02 01:00:00,demand_heat,X3,0.0156
2005-07-02 02:00:00,demand_electricity,X1,0.393291395
2005-07-02 02:00:00,demand_electricity,X2,84.35341579
2005-07-02 02:00:00,demand_electricity,X3,18.76291208
2005-07-02 02:00:00,demand_heat,X1,0.401270577
2005-07-02 02:00:00,demand_heat,X2,91.41326703
2005-07-02 02:00:00,demand_heat,X3,0.860291287
2005-07-02 03:00:00,demand_electricity,X1,0.393992241
2005-07-02 03:00:00,demand_electricity,X2,86.67150495
2005-07-02 03:00:00,demand_electricity,X3,18.76291208
2005-07-02 03:00:00,demand_heat,X1,0.751231295
2005-07-02 03:00:00,demand_heat,X2,108.0436125
2005-07-02 03:00:00,demand_heat,X3,0.0156
2005-07-02 04:00:00,demand_electricity,X1,0.44008539
2005-07-02 04:00:00,demand_electricity,X2,90.89698856
2005-07-02 04:00:00,demand_electricity,X3,18.76291208
2005-07-02 04:00:00,demand_heat,X1,1.142727457
2005-07-02 04:00:00,demand_heat,X2,126.4984378
2005-07-02 04:00:00,demand_heat,X3,0.8603864809999999
2005-07-02 05:00:00,demand_electricity,X1,0.56782052
2005-07-02 05:00:00,demand_electricity,X2,147.76078230000002
2005-07-02 05:00:00,demand_electricity,X3,18.76291208
2005-07-02 05:00:00,demand_heat,X1,1.719710859
2005-07-02 05:00:00,demand_heat,X2,160.88789939999998
2005-07-02 05:00:00,demand_heat,X3,0.0156
2005-07-02 06:00:00,demand_electricity,X1,0.7325345329999999
2005-07-02 06:00:00,demand_electricity,X2,199.0994716
2005-07-02 06:00:00,demand_electricity,X3,18.76291208
2005-07-02 06:00:00,demand_heat,X1,1.64310183
2005-07-02 06:00:00,demand_heat,X2,252.423895
2005-07-02 06:00:00,demand_heat,X3,0.0156
2005-07-02 07:00:00,demand_electricity,X1,0.713803086
2005-07-02 07:00:00,demand_electricity,X2,238.7775077
2005-07-02 07:00:00,demand_electricity,X3,18.76291208
2005-07-02 07:00:00,demand_heat,X1,1.5819593280000002
2005-07-02 07:00:00,demand_heat,X2,351.66324130000004
2005-07-02 07:00:00,demand_heat,X3,0.860290111
2005-07-02 08:00:00,demand_electricity,X1,0.6899916540000001
2005-07-02 08:00:00,demand_electricity,X2,235.1198719
2005-07-02 08:00:00,demand_electricity,X3,18.76291208
2005-07-02 08:00:00,demand_heat,X1,1.378460258
2005-07-02 08:00:00,demand_heat,X2,248.1544189
2005-07-02 08:00:00,demand_heat,X3,0.0156
2005-07-02 09:00:00,demand_electricity,X1,0.7076500840000001
2005-07-02 09:00:00,demand_electricity,X2,231.6484656
2005-07-02 09:00:00,demand_electricity,X3,18.76291208
2005-07-02 09:00:00,demand_heat,X1,1.335949438
2005-07-02 09:00:00,demand_heat,X2,188.0127586
2005-07-02 09:00:00,demand_heat,X3,0.860293236
2005-07-02 10:00:00,demand_electricity,X1,0.723601032
2005-07-02 10:00:00,demand_electricity,X2,227.1718411
2005-07-02 10:00:00,demand_electricity,X3,18.76291208
2005-07-02 10:00:00,demand_heat,X1,0.7582700379999999
2005-07-02 10:00:00,demand_heat,X2,147.3213091
2005-07-02 10:00:00,demand_heat,X3,0.0156
2005-07-02 11:00:00,demand_electricity,X1,0.704059494
2005-07-02 11:00:00,demand_electricity,X2,227.2133169
2005-07-02 11:00:00,demand_electricity,X3,18.76291208
2005-07-02 11:00:00,demand_heat,X1,0.572086364
2005-07-02 11:00:00,demand_heat,X2,111.7065923
2005-07-02 11:00:00,demand_heat,X3,0.0156
2005-07-02 12:00:00,demand_electricity,X1,0.677476247
2005-07-02 12:00:00,demand_electricity,X2,199.8384081
2005-07-02 12:00:00,demand_electricity,X3,18.76291208
2005-07-02 12:00:00,demand_heat,X1,0.5286817420000001
2005-07-02 12:00:00,demand_heat,X2,108.4990864
2005-07-02 12:00:00,demand_heat,X3,0.860402016
2005-07-02 13:00:00,demand_electricity,X1,0.662892364
2005-07-02 13:00:00,demand_electricity,X2,191.5372333
2005-07-02 13:00:00,demand_electricity,X3,18.76291208
2005-07-02 13:00:00,demand_heat,X1,0.487107778
2005-07-02 13:00:00,demand_heat,X2,108.1538006
2005-07-02 13:00:00,demand_heat,X3,0.860351757
2005-07-02 14:00:00,demand_electricity,X1,0.683060115
2005-07-02 14:00:00,demand_electricity,X2,199.895515
2005-07-02 14:00:00,demand_electricity,X3,18.76291208
2005-07-02 14:00:00,demand_heat,X1,0.4910972939999999
2005-07-02 14:00:00,demand_heat,X2,105.2610253
2005-07-02 14:00:00,demand_heat,X3,0.0156
2005-07-02 15:00:00,demand_electricity,X1,0.780370371
2005-07-02 15:00:00,demand_electricity,X2,221.32457
2005-07-02 15:00:00,demand_electricity,X3,18.95441822
2005-07-02 15:00:00,demand_heat,X1,0.540067692
2005-07-02 15:00:00,demand_heat,X2,84.61441655
2005-07-02 15:00:00,demand_heat,X3,0.0156
2005-07-02 16:00:00,demand_electricity,X1,0.940634343
2005-07-02 16:00:00,demand_electricity,X2,188.3448773
2005-07-02 16:00:00,demand_electricity,X3,19.14592436
2005-07-02 16:00:00,demand_heat,X1,0.641509806
2005-07-02 16:00:00,demand_heat,X2,104.5498745
2005-07-02 16:00:00,demand_heat,X3,0.860335361
2005-07-02 17:00:00,demand_electricity,X1,0.97838821
2005-07-02 17:00:00,demand_electricity,X2,249.9622478
2005-07-02 17:00:00,demand_electricity,X3,18.76291208
2005-07-02 17:00:00,demand_heat,X1,0.741097764
2005-07-02 17:00:00,demand_heat,X2,122.6464505
2005-07-02 17:00:00,demand_heat,X3,0.0156
2005-07-02 18:00:00,demand_electricity,X1,1.02206286
2005-07-02 18:00:00,demand_electricity,X2,248.8941063
2005-07-02 18:00:00,demand_electricity,X3,18.76291208
2005-07-02 18:00:00,demand_heat,X1,0.761821662
2005-07-02 18:00:00,demand_heat,X2,166.4425066
2005-07-02 18:00:00,demand_heat,X3,0.0156
2005-07-02 19:00:00,demand_electricity,X1,1.169518801
2005-07-02 19:00:00,demand_electricity,X2,269.3443466
2005-07-02 19:00:00,demand_electricity,X3,18.76291208
2005-07-02 19:00:00,demand_heat,X1,0.7070745429999999
2005-07-02 19:00:00,demand_heat,X2,161.0998892
2005-07-02 19:00:00,demand_heat,X3,0.860291122
2005-07-02 20:00:00,demand_electricity,X1,1.30793776
2005-07-02 20:00:00,demand_electricity,X2,245.41235719999997
2005-07-02 20:00:00,demand_electricity,X3,18.76291208
2005-07-02 20:00:00,demand_heat,X1,0.63409183
2005-07-02 20:00:00,demand_heat,X2,166.93107849999998
2005-07-02 20:00:00,demand_heat,X3,0.0156
2005-07-02 21:00:00,demand_electricity,X1,1.099334371
2005-07-02 21:00:00,demand_electricity,X2,196.2809574
2005-07-02 21:00:00,demand_electricity,X3,18.76291208
2005-07-02 21:00:00,demand_heat,X1,0.523707169
2005-07-02 21:00:00,demand_heat,X2,240.0348329
2005-07-02 21:00:00,demand_heat,X3,0.860300165
2005-07-02 22:00:00,demand_electricity,X1,0.8262123809999999
2005-07-02 22:00:00,demand_electricity,X2,135.2892419
2005-07-02 22:00:00,demand_electricity,X3,18.76291208
2005-07-02 22:00:00,demand_heat,X1,0.400787037
2005-07-02 22:00:00,demand_heat,X2,143.5764604
2005-07-02 22:00:00,demand_heat,X3,0.0156
2005-07-02 23:00:00,demand_electricity,X1,0.559498838
2005-07-02 23:00:00,demand_electricity,X2,103.7415561
2005-07-02 23:00:00,demand_electricity,X3,18.76291208
2005-07-02 23:00:00,demand_heat,X1,0.272040308
2005-07-02 23:00:00,demand_heat,X2,86.08201431
2005-07-02 23:00:00,demand_heat,X3,0.860289856
