nodes,techs,carriers,timesteps,flow_in
N1,N1_to_X2,heat,2005-07-01 00:00:00,135.95514
N1,N1_to_X2,heat,2005-07-01 01:00:00,71.606325
N1,N1_to_X2,heat,2005-07-01 02:00:00,72.915564
N1,N1_to_X2,heat,2005-07-01 03:00:00,72.812606
N1,N1_to_X2,heat,2005-07-01 04:00:00,75.581024
N1,N1_to_X2,heat,2005-07-01 05:00:00,124.91161
N1,N1_to_X2,heat,2005-07-01 06:00:00,152.5968
N1,N1_to_X2,heat,2005-07-01 07:00:00,185.90437
N1,N1_to_X2,heat,2005-07-01 08:00:00,188.7086
N1,N1_to_X2,heat,2005-07-01 09:00:00,190.24262
N1,N1_to_X2,heat,2005-07-01 10:00:00,159.8809
N1,N1_to_X2,heat,2005-07-01 11:00:00,190.24262
N1,N1_to_X2,heat,2005-07-01 12:00:00,190.24262
N1,N1_to_X2,heat,2005-07-01 13:00:00,190.24262
N1,N1_to_X2,heat,2005-07-01 14:00:00,190.24262
N1,N1_to_X2,heat,2005-07-01 15:00:00,190.24262
N1,N1_to_X2,heat,2005-07-01 16:00:00,190.24262
N1,N1_to_X2,heat,2005-07-01 17:00:00,190.24262
N1,N1_to_X2,heat,2005-07-01 18:00:00,190.24262
N1,N1_to_X2,heat,2005-07-01 19:00:00,190.24262
N1,N1_to_X2,heat,2005-07-01 20:00:00,181.80682
N1,N1_to_X2,heat,2005-07-01 21:00:00,169.03901
N1,N1_to_X2,heat,2005-07-01 22:00:00,116.75699
N1,N1_to_X2,heat,2005-07-01 23:00:00,85.134121
N1,N1_to_X2,heat,2005-07-02 00:00:00,89.912253
N1,N1_to_X2,heat,2005-07-02 01:00:00,79.301394
N1,N1_to_X2,heat,2005-07-02 02:00:00,77.004849
N1,N1_to_X2,heat,2005-07-02 03:00:00,79.369632
N1,N1_to_X2,heat,2005-07-02 04:00:00,81.303212
N1,N1_to_X2,heat,2005-07-02 05:00:00,122.98933
N1,N1_to_X2,heat,2005-07-02 06:00:00,157.39583
N1,N1_to_X2,heat,2005-07-02 07:00:00,182.05536
N1,N1_to_X2,heat,2005-07-02 08:00:00,176.0334
N1,N1_to_X2,heat,2005-07-02 09:00:00,167.76867
N1,N1_to_X2,heat,2005-07-02 10:00:00,158.94678
N1,N1_to_X2,heat,2005-07-02 11:00:00,140.82067
N1,N1_to_X2,heat,2005-07-02 12:00:00,117.061
N1,N1_to_X2,heat,2005-07-02 13:00:00,116.68847
N1,N1_to_X2,heat,2005-07-02 14:00:00,190.24262
N1,N1_to_X2,heat,2005-07-02 15:00:00,190.24262
N1,N1_to_X2,heat,2005-07-02 16:00:00,190.24262
N1,N1_to_X2,heat,2005-07-02 17:00:00,190.24262
N1,N1_to_X2,heat,2005-07-02 18:00:00,190.24262
N1,N1_to_X2,heat,2005-07-02 19:00:00,190.24262
N1,N1_to_X2,heat,2005-07-02 20:00:00,190.24262
N1,N1_to_X2,heat,2005-07-02 21:00:00,162.10148
N1,N1_to_X2,heat,2005-07-02 22:00:00,116.80008
N1,N1_to_X2,heat,2005-07-02 23:00:00,91.917322
N1,N1_to_X3,heat,2005-07-01 00:00:00,10.382599
N1,N1_to_X3,heat,2005-07-01 01:00:00,0.93474975
N1,N1_to_X3,heat,2005-07-01 02:00:00,0.0
N1,N1_to_X3,heat,2005-07-01 03:00:00,0.0
N1,N1_to_X3,heat,2005-07-01 04:00:00,0.93484372
N1,N1_to_X3,heat,2005-07-01 05:00:00,8.0201658
N1,N1_to_X3,heat,2005-07-01 06:00:00,10.382599
N1,N1_to_X3,heat,2005-07-01 07:00:00,6.3929613
N1,N1_to_X3,heat,2005-07-01 08:00:00,3.6594328
N1,N1_to_X3,heat,2005-07-01 09:00:00,2.1154028
N1,N1_to_X3,heat,2005-07-01 10:00:00,2.3053316
N1,N1_to_X3,heat,2005-07-01 11:00:00,10.382599
N1,N1_to_X3,heat,2005-07-01 12:00:00,10.382599
N1,N1_to_X3,heat,2005-07-01 13:00:00,10.382599
N1,N1_to_X3,heat,2005-07-01 14:00:00,10.382599
N1,N1_to_X3,heat,2005-07-01 15:00:00,10.382599
N1,N1_to_X3,heat,2005-07-01 16:00:00,10.382599
N1,N1_to_X3,heat,2005-07-01 17:00:00,10.382599
N1,N1_to_X3,heat,2005-07-01 18:00:00,10.382599
N1,N1_to_X3,heat,2005-07-01 19:00:00,10.382599
N1,N1_to_X3,heat,2005-07-01 20:00:00,0.017262597
N1,N1_to_X3,heat,2005-07-01 21:00:00,0.93474906
N1,N1_to_X3,heat,2005-07-01 22:00:00,0.0
N1,N1_to_X3,heat,2005-07-01 23:00:00,0.90636553
N1,N1_to_X3,heat,2005-07-02 00:00:00,10.382599
N1,N1_to_X3,heat,2005-07-02 01:00:00,0.0
N1,N1_to_X3,heat,2005-07-02 02:00:00,0.93471573
N1,N1_to_X3,heat,2005-07-02 03:00:00,0.0
N1,N1_to_X3,heat,2005-07-02 04:00:00,0.93482107
N1,N1_to_X3,heat,2005-07-02 05:00:00,0.0
N1,N1_to_X3,heat,2005-07-02 06:00:00,0.0
N1,N1_to_X3,heat,2005-07-02 07:00:00,0.93471443
N1,N1_to_X3,heat,2005-07-02 08:00:00,0.0
N1,N1_to_X3,heat,2005-07-02 09:00:00,0.93471789
N1,N1_to_X3,heat,2005-07-02 10:00:00,0.017262597
N1,N1_to_X3,heat,2005-07-02 11:00:00,10.382599
N1,N1_to_X3,heat,2005-07-02 12:00:00,0.95210086
N1,N1_to_X3,heat,2005-07-02 13:00:00,0.95204524
N1,N1_to_X3,heat,2005-07-02 14:00:00,10.382599
N1,N1_to_X3,heat,2005-07-02 15:00:00,10.382599
N1,N1_to_X3,heat,2005-07-02 16:00:00,10.382599
N1,N1_to_X3,heat,2005-07-02 17:00:00,10.382599
N1,N1_to_X3,heat,2005-07-02 18:00:00,10.382599
N1,N1_to_X3,heat,2005-07-02 19:00:00,10.382599
N1,N1_to_X3,heat,2005-07-02 20:00:00,10.382599
N1,N1_to_X3,heat,2005-07-02 21:00:00,0.93472555
N1,N1_to_X3,heat,2005-07-02 22:00:00,0.0
N1,N1_to_X3,heat,2005-07-02 23:00:00,0.93471415
N1,X1_to_N1,heat,2005-07-01 00:00:00,0.0
N1,X1_to_N1,heat,2005-07-01 01:00:00,0.0
N1,X1_to_N1,heat,2005-07-01 02:00:00,0.0
N1,X1_to_N1,heat,2005-07-01 03:00:00,0.0
N1,X1_to_N1,heat,2005-07-01 04:00:00,0.0
N1,X1_to_N1,heat,2005-07-01 05:00:00,0.0
N1,X1_to_N1,heat,2005-07-01 06:00:00,0.0
N1,X1_to_N1,heat,2005-07-01 07:00:00,0.0
N1,X1_to_N1,heat,2005-07-01 08:00:00,0.0
N1,X1_to_N1,heat,2005-07-01 09:00:00,0.0
N1,X1_to_N1,heat,2005-07-01 10:00:00,0.0
N1,X1_to_N1,heat,2005-07-01 11:00:00,352.29576
N1,X1_to_N1,heat,2005-07-01 12:00:00,313.42093
N1,X1_to_N1,heat,2005-07-01 13:00:00,64.698924
N1,X1_to_N1,heat,2005-07-01 14:00:00,127.2011
N1,X1_to_N1,heat,2005-07-01 15:00:00,462.00871
N1,X1_to_N1,heat,2005-07-01 16:00:00,224.8262
N1,X1_to_N1,heat,2005-07-01 17:00:00,419.44093
N1,X1_to_N1,heat,2005-07-01 18:00:00,106.31348
N1,X1_to_N1,heat,2005-07-01 19:00:00,147.28923
N1,X1_to_N1,heat,2005-07-01 20:00:00,0.0
N1,X1_to_N1,heat,2005-07-01 21:00:00,0.0
N1,X1_to_N1,heat,2005-07-01 22:00:00,0.0
N1,X1_to_N1,heat,2005-07-01 23:00:00,0.0
N1,X1_to_N1,heat,2005-07-02 00:00:00,0.0
N1,X1_to_N1,heat,2005-07-02 01:00:00,0.0
N1,X1_to_N1,heat,2005-07-02 02:00:00,0.0
N1,X1_to_N1,heat,2005-07-02 03:00:00,0.0
N1,X1_to_N1,heat,2005-07-02 04:00:00,0.0
N1,X1_to_N1,heat,2005-07-02 05:00:00,0.0
N1,X1_to_N1,heat,2005-07-02 06:00:00,0.0
N1,X1_to_N1,heat,2005-07-02 07:00:00,0.0
N1,X1_to_N1,heat,2005-07-02 08:00:00,0.0
N1,X1_to_N1,heat,2005-07-02 09:00:00,0.0
N1,X1_to_N1,heat,2005-07-02 10:00:00,0.0
N1,X1_to_N1,heat,2005-07-02 11:00:00,0.0
N1,X1_to_N1,heat,2005-07-02 12:00:00,0.0
N1,X1_to_N1,heat,2005-07-02 13:00:00,0.0
N1,X1_to_N1,heat,2005-07-02 14:00:00,117.22848
N1,X1_to_N1,heat,2005-07-02 15:00:00,460.8573
N1,X1_to_N1,heat,2005-07-02 16:00:00,301.88301
N1,X1_to_N1,heat,2005-07-02 17:00:00,425.60695
N1,X1_to_N1,heat,2005-07-02 18:00:00,118.55038
N1,X1_to_N1,heat,2005-07-02 19:00:00,176.5108
N1,X1_to_N1,heat,2005-07-02 20:00:00,113.97769
N1,X1_to_N1,heat,2005-07-02 21:00:00,0.0
N1,X1_to_N1,heat,2005-07-02 22:00:00,0.0
N1,X1_to_N1,heat,2005-07-02 23:00:00,0.0
X1,X1_to_N1,heat,2005-07-01 00:00:00,92.645984
X1,X1_to_N1,heat,2005-07-01 01:00:00,78.265459
X1,X1_to_N1,heat,2005-07-01 02:00:00,78.669501
X1,X1_to_N1,heat,2005-07-01 03:00:00,78.558418
X1,X1_to_N1,heat,2005-07-01 04:00:00,82.553912
X1,X1_to_N1,heat,2005-07-01 05:00:00,143.42173
X1,X1_to_N1,heat,2005-07-01 06:00:00,175.84048
X1,X1_to_N1,heat,2005-07-01 07:00:00,207.47196
X1,X1_to_N1,heat,2005-07-01 08:00:00,207.54824
X1,X1_to_N1,heat,2005-07-01 09:00:00,207.53745
X1,X1_to_N1,heat,2005-07-01 10:00:00,174.98473
X1,X1_to_N1,heat,2005-07-01 11:00:00,174.44987
X1,X1_to_N1,heat,2005-07-01 12:00:00,167.22586
X1,X1_to_N1,heat,2005-07-01 13:00:00,147.65835
X1,X1_to_N1,heat,2005-07-01 14:00:00,157.14117
X1,X1_to_N1,heat,2005-07-01 15:00:00,569.12593
X1,X1_to_N1,heat,2005-07-01 16:00:00,156.31739
X1,X1_to_N1,heat,2005-07-01 17:00:00,378.08426
X1,X1_to_N1,heat,2005-07-01 18:00:00,207.99617
X1,X1_to_N1,heat,2005-07-01 19:00:00,208.05084
X1,X1_to_N1,heat,2005-07-01 20:00:00,359.57695
X1,X1_to_N1,heat,2005-07-01 21:00:00,183.38679
X1,X1_to_N1,heat,2005-07-01 22:00:00,125.97056
X1,X1_to_N1,heat,2005-07-01 23:00:00,92.830141
X1,X1_to_N1,heat,2005-07-02 00:00:00,99.205396
X1,X1_to_N1,heat,2005-07-02 01:00:00,85.559251
X1,X1_to_N1,heat,2005-07-02 02:00:00,84.089957
X1,X1_to_N1,heat,2005-07-02 03:00:00,85.632874
X1,X1_to_N1,heat,2005-07-02 04:00:00,88.727627
X1,X1_to_N1,heat,2005-07-02 05:00:00,132.6947
X1,X1_to_N1,heat,2005-07-02 06:00:00,169.8163
X1,X1_to_N1,heat,2005-07-02 07:00:00,197.43024
X1,X1_to_N1,heat,2005-07-02 08:00:00,189.92461
X1,X1_to_N1,heat,2005-07-02 09:00:00,182.01616
X1,X1_to_N1,heat,2005-07-02 10:00:00,171.50826
X1,X1_to_N1,heat,2005-07-02 11:00:00,140.00454
X1,X1_to_N1,heat,2005-07-02 12:00:00,127.32579
X1,X1_to_N1,heat,2005-07-02 13:00:00,126.9238
X1,X1_to_N1,heat,2005-07-02 14:00:00,146.70974
X1,X1_to_N1,heat,2005-07-02 15:00:00,432.19369
X1,X1_to_N1,heat,2005-07-02 16:00:00,154.63151
X1,X1_to_N1,heat,2005-07-02 17:00:00,456.21873
X1,X1_to_N1,heat,2005-07-02 18:00:00,207.99554
X1,X1_to_N1,heat,2005-07-02 19:00:00,208.05028
X1,X1_to_N1,heat,2005-07-02 20:00:00,208.12327
X1,X1_to_N1,heat,2005-07-02 21:00:00,175.90178
X1,X1_to_N1,heat,2005-07-02 22:00:00,126.01704
X1,X1_to_N1,heat,2005-07-02 23:00:00,100.17921
X1,X1_to_X2,electricity,2005-07-01 00:00:00,96.475307
X1,X1_to_X2,electricity,2005-07-01 01:00:00,78.531244
X1,X1_to_X2,electricity,2005-07-01 02:00:00,79.056888
X1,X1_to_X2,electricity,2005-07-01 03:00:00,79.056888
X1,X1_to_X2,electricity,2005-07-01 04:00:00,84.419893
X1,X1_to_X2,electricity,2005-07-01 05:00:00,151.56477
X1,X1_to_X2,electricity,2005-07-01 06:00:00,193.43961
X1,X1_to_X2,electricity,2005-07-01 07:00:00,222.24635
X1,X1_to_X2,electricity,2005-07-01 08:00:00,219.12358
X1,X1_to_X2,electricity,2005-07-01 09:00:00,225.42306
X1,X1_to_X2,electricity,2005-07-01 10:00:00,185.50436
X1,X1_to_X2,electricity,2005-07-01 11:00:00,185.78753
X1,X1_to_X2,electricity,2005-07-01 12:00:00,174.01713
X1,X1_to_X2,electricity,2005-07-01 13:00:00,172.78572
X1,X1_to_X2,electricity,2005-07-01 14:00:00,183.89642
X1,X1_to_X2,electricity,2005-07-01 15:00:00,211.05956
X1,X1_to_X2,electricity,2005-07-01 16:00:00,182.24815
X1,X1_to_X2,electricity,2005-07-01 17:00:00,254.70018
X1,X1_to_X2,electricity,2005-07-01 18:00:00,250.37304
X1,X1_to_X2,electricity,2005-07-01 19:00:00,265.56289
X1,X1_to_X2,electricity,2005-07-01 20:00:00,259.80163
X1,X1_to_X2,electricity,2005-07-01 21:00:00,209.64236
X1,X1_to_X2,electricity,2005-07-01 22:00:00,137.99242
X1,X1_to_X2,electricity,2005-07-01 23:00:00,96.672424
X1,X1_to_X2,electricity,2005-07-02 00:00:00,104.67603
X1,X1_to_X2,electricity,2005-07-02 01:00:00,87.651845
X1,X1_to_X2,electricity,2005-07-02 02:00:00,86.074914
X1,X1_to_X2,electricity,2005-07-02 03:00:00,88.440311
X1,X1_to_X2,electricity,2005-07-02 04:00:00,92.752029
X1,X1_to_X2,electricity,2005-07-02 05:00:00,150.77631
X1,X1_to_X2,electricity,2005-07-02 06:00:00,203.16273
X1,X1_to_X2,electricity,2005-07-02 07:00:00,243.65052
X1,X1_to_X2,electricity,2005-07-02 08:00:00,239.91824
X1,X1_to_X2,electricity,2005-07-02 09:00:00,236.37599
X1,X1_to_X2,electricity,2005-07-02 10:00:00,227.58436
X1,X1_to_X2,electricity,2005-07-02 11:00:00,189.07441
X1,X1_to_X2,electricity,2005-07-02 12:00:00,170.74096
X1,X1_to_X2,electricity,2005-07-02 13:00:00,164.03689
X1,X1_to_X2,electricity,2005-07-02 14:00:00,181.73594
X1,X1_to_X2,electricity,2005-07-02 15:00:00,210.02694
X1,X1_to_X2,electricity,2005-07-02 16:00:00,181.81041
X1,X1_to_X2,electricity,2005-07-02 17:00:00,249.40765
X1,X1_to_X2,electricity,2005-07-02 18:00:00,251.61239
X1,X1_to_X2,electricity,2005-07-02 19:00:00,274.5117
X1,X1_to_X2,electricity,2005-07-02 20:00:00,250.42077
X1,X1_to_X2,electricity,2005-07-02 21:00:00,200.28669
X1,X1_to_X2,electricity,2005-07-02 22:00:00,138.05025
X1,X1_to_X2,electricity,2005-07-02 23:00:00,105.85873
X1,X1_to_X3,electricity,2005-07-01 00:00:00,19.145829
X1,X1_to_X3,electricity,2005-07-01 01:00:00,19.145829
X1,X1_to_X3,electricity,2005-07-01 02:00:00,19.145829
X1,X1_to_X3,electricity,2005-07-01 03:00:00,19.145829
X1,X1_to_X3,electricity,2005-07-01 04:00:00,19.145829
X1,X1_to_X3,electricity,2005-07-01 05:00:00,28.443801
X1,X1_to_X3,electricity,2005-07-01 06:00:00,27.105415
X1,X1_to_X3,electricity,2005-07-01 07:00:00,45.778336
X1,X1_to_X3,electricity,2005-07-01 08:00:00,41.133124
X1,X1_to_X3,electricity,2005-07-01 09:00:00,34.815985
X1,X1_to_X3,electricity,2005-07-01 10:00:00,33.423324
X1,X1_to_X3,electricity,2005-07-01 11:00:00,32.286185
X1,X1_to_X3,electricity,2005-07-01 12:00:00,34.999154
X1,X1_to_X3,electricity,2005-07-01 13:00:00,11.7342
X1,X1_to_X3,electricity,2005-07-01 14:00:00,12.461858
X1,X1_to_X3,electricity,2005-07-01 15:00:00,17.00344
X1,X1_to_X3,electricity,2005-07-01 16:00:00,13.01017
X1,X1_to_X3,electricity,2005-07-01 17:00:00,13.60424
X1,X1_to_X3,electricity,2005-07-01 18:00:00,18.445718
X1,X1_to_X3,electricity,2005-07-01 19:00:00,20.312191
X1,X1_to_X3,electricity,2005-07-01 20:00:00,19.145829
X1,X1_to_X3,electricity,2005-07-01 21:00:00,19.145829
X1,X1_to_X3,electricity,2005-07-01 22:00:00,19.145829
X1,X1_to_X3,electricity,2005-07-01 23:00:00,19.145829
X1,X1_to_X3,electricity,2005-07-02 00:00:00,19.145829
X1,X1_to_X3,electricity,2005-07-02 01:00:00,19.145829
X1,X1_to_X3,electricity,2005-07-02 02:00:00,19.145829
X1,X1_to_X3,electricity,2005-07-02 03:00:00,19.145829
X1,X1_to_X3,electricity,2005-07-02 04:00:00,19.145829
X1,X1_to_X3,electricity,2005-07-02 05:00:00,16.67389
X1,X1_to_X3,electricity,2005-07-02 06:00:00,10.428992
X1,X1_to_X3,electricity,2005-07-02 07:00:00,4.4009306
X1,X1_to_X3,electricity,2005-07-02 08:00:00,0.0
X1,X1_to_X3,electricity,2005-07-02 09:00:00,0.0
X1,X1_to_X3,electricity,2005-07-02 10:00:00,0.0
X1,X1_to_X3,electricity,2005-07-02 11:00:00,0.0
X1,X1_to_X3,electricity,2005-07-02 12:00:00,0.0
X1,X1_to_X3,electricity,2005-07-02 13:00:00,0.0
X1,X1_to_X3,electricity,2005-07-02 14:00:00,1.5820531
X1,X1_to_X3,electricity,2005-07-02 15:00:00,6.8514472
X1,X1_to_X3,electricity,2005-07-02 16:00:00,11.340229
X1,X1_to_X3,electricity,2005-07-02 17:00:00,14.678992
X1,X1_to_X3,electricity,2005-07-02 18:00:00,17.281033
X1,X1_to_X3,electricity,2005-07-02 19:00:00,18.885625
X1,X1_to_X3,electricity,2005-07-02 20:00:00,19.145829
X1,X1_to_X3,electricity,2005-07-02 21:00:00,19.145829
X1,X1_to_X3,electricity,2005-07-02 22:00:00,19.145829
X1,X1_to_X3,electricity,2005-07-02 23:00:00,19.145829
X1,chp,gas,2005-07-01 00:00:00,286.60914
X1,chp,gas,2005-07-01 01:00:00,242.17993
X1,chp,gas,2005-07-01 02:00:00,243.44693
X1,chp,gas,2005-07-01 03:00:00,243.44866
X1,chp,gas,2005-07-01 04:00:00,256.80446
X1,chp,gas,2005-07-01 05:00:00,445.86764
X1,chp,gas,2005-07-01 06:00:00,546.36434
X1,chp,gas,2005-07-01 07:00:00,644.31283
X1,chp,gas,2005-07-01 08:00:00,644.31283
X1,chp,gas,2005-07-01 09:00:00,644.31283
X1,chp,gas,2005-07-01 10:00:00,542.34884
X1,chp,gas,2005-07-01 11:00:00,540.19204
X1,chp,gas,2005-07-01 12:00:00,517.76237
X1,chp,gas,2005-07-01 13:00:00,457.24151
X1,chp,gas,2005-07-01 14:00:00,486.52183
X1,chp,gas,2005-07-01 15:00:00,565.04537
X1,chp,gas,2005-07-01 16:00:00,484.44186
X1,chp,gas,2005-07-01 17:00:00,644.31283
X1,chp,gas,2005-07-01 18:00:00,644.31283
X1,chp,gas,2005-07-01 19:00:00,644.31283
X1,chp,gas,2005-07-01 20:00:00,644.31283
X1,chp,gas,2005-07-01 21:00:00,567.6235
X1,chp,gas,2005-07-01 22:00:00,390.03571
X1,chp,gas,2005-07-01 23:00:00,287.35247
X1,chp,gas,2005-07-02 00:00:00,306.85784
X1,chp,gas,2005-07-02 01:00:00,264.69993
X1,chp,gas,2005-07-02 02:00:00,260.77539
X1,chp,gas,2005-07-02 03:00:00,266.61761
X1,chp,gas,2005-07-02 04:00:00,277.37764
X1,chp,gas,2005-07-02 05:00:00,414.85931
X1,chp,gas,2005-07-02 06:00:00,529.19569
X1,chp,gas,2005-07-02 07:00:00,614.23519
X1,chp,gas,2005-07-02 08:00:00,590.44156
X1,chp,gas,2005-07-02 09:00:00,565.90158
X1,chp,gas,2005-07-02 10:00:00,531.68682
X1,chp,gas,2005-07-02 11:00:00,433.87846
X1,chp,gas,2005-07-02 12:00:00,394.61257
X1,chp,gas,2005-07-02 13:00:00,393.24354
X1,chp,gas,2005-07-02 14:00:00,454.32358
X1,chp,gas,2005-07-02 15:00:00,537.42903
X1,chp,gas,2005-07-02 16:00:00,479.23772
X1,chp,gas,2005-07-02 17:00:00,644.31283
X1,chp,gas,2005-07-02 18:00:00,644.31283
X1,chp,gas,2005-07-02 19:00:00,644.31283
X1,chp,gas,2005-07-02 20:00:00,644.31283
X1,chp,gas,2005-07-02 21:00:00,544.5231
X1,chp,gas,2005-07-02 22:00:00,390.17849
X1,chp,gas,2005-07-02 23:00:00,310.03471
X1,demand_electricity,electricity,2005-07-01 00:00:00,0.455564
X1,demand_electricity,electricity,2005-07-01 01:00:00,0.40579801
X1,demand_electricity,electricity,2005-07-01 02:00:00,0.39329139
X1,demand_electricity,electricity,2005-07-01 03:00:00,0.39399224
X1,demand_electricity,electricity,2005-07-01 04:00:00,0.44008539
X1,demand_electricity,electricity,2005-07-01 05:00:00,0.56782052
X1,demand_electricity,electricity,2005-07-01 06:00:00,0.73253453
X1,demand_electricity,electricity,2005-07-01 07:00:00,0.71380309
X1,demand_electricity,electricity,2005-07-01 08:00:00,0.68999165
X1,demand_electricity,electricity,2005-07-01 09:00:00,0.70765008
X1,demand_electricity,electricity,2005-07-01 10:00:00,0.72360103
X1,demand_electricity,electricity,2005-07-01 11:00:00,0.70405949
X1,demand_electricity,electricity,2005-07-01 12:00:00,0.67747625
X1,demand_electricity,electricity,2005-07-01 13:00:00,0.66289236
X1,demand_electricity,electricity,2005-07-01 14:00:00,0.68306011
X1,demand_electricity,electricity,2005-07-01 15:00:00,0.78037037
X1,demand_electricity,electricity,2005-07-01 16:00:00,0.94063434
X1,demand_electricity,electricity,2005-07-01 17:00:00,0.97838821
X1,demand_electricity,electricity,2005-07-01 18:00:00,1.0220629
X1,demand_electricity,electricity,2005-07-01 19:00:00,1.1695188
X1,demand_electricity,electricity,2005-07-01 20:00:00,1.3079378
X1,demand_electricity,electricity,2005-07-01 21:00:00,1.0993344
X1,demand_electricity,electricity,2005-07-01 22:00:00,0.82621238
X1,demand_electricity,electricity,2005-07-01 23:00:00,0.55949884
X1,demand_electricity,electricity,2005-07-02 00:00:00,0.455564
X1,demand_electricity,electricity,2005-07-02 01:00:00,0.40579801
X1,demand_electricity,electricity,2005-07-02 02:00:00,0.39329139
X1,demand_electricity,electricity,2005-07-02 03:00:00,0.39399224
X1,demand_electricity,electricity,2005-07-02 04:00:00,0.44008539
X1,demand_electricity,electricity,2005-07-02 05:00:00,0.56782052
X1,demand_electricity,electricity,2005-07-02 06:00:00,0.73253453
X1,demand_electricity,electricity,2005-07-02 07:00:00,0.71380309
X1,demand_electricity,electricity,2005-07-02 08:00:00,0.68999165
X1,demand_electricity,electricity,2005-07-02 09:00:00,0.70765008
X1,demand_electricity,electricity,2005-07-02 10:00:00,0.72360103
X1,demand_electricity,electricity,2005-07-02 11:00:00,0.70405949
X1,demand_electricity,electricity,2005-07-02 12:00:00,0.67747625
X1,demand_electricity,electricity,2005-07-02 13:00:00,0.66289236
X1,demand_electricity,electricity,2005-07-02 14:00:00,0.68306011
X1,demand_electricity,electricity,2005-07-02 15:00:00,0.78037037
X1,demand_electricity,electricity,2005-07-02 16:00:00,0.94063434
X1,demand_electricity,electricity,2005-07-02 17:00:00,0.97838821
X1,demand_electricity,electricity,2005-07-02 18:00:00,1.0220629
X1,demand_electricity,electricity,2005-07-02 19:00:00,1.1695188
X1,demand_electricity,electricity,2005-07-02 20:00:00,1.3079378
X1,demand_electricity,electricity,2005-07-02 21:00:00,1.0993344
X1,demand_electricity,electricity,2005-07-02 22:00:00,0.82621238
X1,demand_electricity,electricity,2005-07-02 23:00:00,0.55949884
X1,demand_heat,heat,2005-07-01 00:00:00,0.21537649
X1,demand_heat,heat,2005-07-01 01:00:00,0.20083754
X1,demand_heat,heat,2005-07-01 02:00:00,0.2073057
X1,demand_heat,heat,2005-07-01 03:00:00,0.31894906
X1,demand_heat,heat,2005-07-01 04:00:00,0.65073362
X1,demand_heat,heat,2005-07-01 05:00:00,1.0393844
X1,demand_heat,heat,2005-07-01 06:00:00,1.1815674
X1,demand_heat,heat,2005-07-01 07:00:00,1.2854033
X1,demand_heat,heat,2005-07-01 08:00:00,1.2091174
X1,demand_heat,heat,2005-07-01 09:00:00,1.2199124
X1,demand_heat,heat,2005-07-01 10:00:00,0.73629513
X1,demand_heat,heat,2005-07-01 11:00:00,0.57235632
X1,demand_heat,heat,2005-07-01 12:00:00,0.52914855
X1,demand_heat,heat,2005-07-01 13:00:00,0.48790448
X1,demand_heat,heat,2005-07-01 14:00:00,0.49190028
X1,demand_heat,heat,2005-07-01 15:00:00,0.53964202
X1,demand_heat,heat,2005-07-01 16:00:00,0.64177486
X1,demand_heat,heat,2005-07-01 17:00:00,0.74086482
X1,demand_heat,heat,2005-07-01 18:00:00,0.76118763
X1,demand_heat,heat,2005-07-01 19:00:00,0.70651532
X1,demand_heat,heat,2005-07-01 20:00:00,0.63359287
X1,demand_heat,heat,2005-07-01 21:00:00,0.52322782
X1,demand_heat,heat,2005-07-01 22:00:00,0.40101127
X1,demand_heat,heat,2005-07-01 23:00:00,0.27206034
X1,demand_heat,heat,2005-07-02 00:00:00,0.21654423
X1,demand_heat,heat,2005-07-02 01:00:00,0.20352672
X1,demand_heat,heat,2005-07-02 02:00:00,0.40127058
X1,demand_heat,heat,2005-07-02 03:00:00,0.75123129
X1,demand_heat,heat,2005-07-02 04:00:00,1.1427275
X1,demand_heat,heat,2005-07-02 05:00:00,1.7197109
X1,demand_heat,heat,2005-07-02 06:00:00,1.6431018
X1,demand_heat,heat,2005-07-02 07:00:00,1.5819593
X1,demand_heat,heat,2005-07-02 08:00:00,1.3784603
X1,demand_heat,heat,2005-07-02 09:00:00,1.3359494
X1,demand_heat,heat,2005-07-02 10:00:00,0.75827004
X1,demand_heat,heat,2005-07-02 11:00:00,0.57208636
X1,demand_heat,heat,2005-07-02 12:00:00,0.52868174
X1,demand_heat,heat,2005-07-02 13:00:00,0.48710778
X1,demand_heat,heat,2005-07-02 14:00:00,0.49109729
X1,demand_heat,heat,2005-07-02 15:00:00,0.54006769
X1,demand_heat,heat,2005-07-02 16:00:00,0.64150981
X1,demand_heat,heat,2005-07-02 17:00:00,0.74109776
X1,demand_heat,heat,2005-07-02 18:00:00,0.76182166
X1,demand_heat,heat,2005-07-02 19:00:00,0.70707454
X1,demand_heat,heat,2005-07-02 20:00:00,0.63409183
X1,demand_heat,heat,2005-07-02 21:00:00,0.52370717
X1,demand_heat,heat,2005-07-02 22:00:00,0.40078704
X1,demand_heat,heat,2005-07-02 23:00:00,0.27204031
X2,N1_to_X2,heat,2005-07-01 00:00:00,125.51063
X2,N1_to_X2,heat,2005-07-01 01:00:00,0.0
X2,N1_to_X2,heat,2005-07-01 02:00:00,0.0
X2,N1_to_X2,heat,2005-07-01 03:00:00,0.0
X2,N1_to_X2,heat,2005-07-01 04:00:00,0.0
X2,N1_to_X2,heat,2005-07-01 05:00:00,0.0
X2,N1_to_X2,heat,2005-07-01 06:00:00,0.0
X2,N1_to_X2,heat,2005-07-01 07:00:00,0.0
X2,N1_to_X2,heat,2005-07-01 08:00:00,0.0
X2,N1_to_X2,heat,2005-07-01 09:00:00,0.0
X2,N1_to_X2,heat,2005-07-01 10:00:00,0.0
X2,N1_to_X2,heat,2005-07-01 11:00:00,77.120999
X2,N1_to_X2,heat,2005-07-01 12:00:00,81.076518
X2,N1_to_X2,heat,2005-07-01 13:00:00,81.243102
X2,N1_to_X2,heat,2005-07-01 14:00:00,76.463779
X2,N1_to_X2,heat,2005-07-01 15:00:00,108.08021
X2,N1_to_X2,heat,2005-07-01 16:00:00,84.608254
X2,N1_to_X2,heat,2005-07-01 17:00:00,61.767284
X2,N1_to_X2,heat,2005-07-01 18:00:00,22.833842
X2,N1_to_X2,heat,2005-07-01 19:00:00,26.836357
X2,N1_to_X2,heat,2005-07-01 20:00:00,0.0
X2,N1_to_X2,heat,2005-07-01 21:00:00,0.0
X2,N1_to_X2,heat,2005-07-01 22:00:00,0.0
X2,N1_to_X2,heat,2005-07-01 23:00:00,0.0
X2,N1_to_X2,heat,2005-07-02 00:00:00,0.90309714
X2,N1_to_X2,heat,2005-07-02 01:00:00,0.0
X2,N1_to_X2,heat,2005-07-02 02:00:00,0.0
X2,N1_to_X2,heat,2005-07-02 03:00:00,0.0
X2,N1_to_X2,heat,2005-07-02 04:00:00,0.0
X2,N1_to_X2,heat,2005-07-02 05:00:00,0.0
X2,N1_to_X2,heat,2005-07-02 06:00:00,0.0
X2,N1_to_X2,heat,2005-07-02 07:00:00,0.0
X2,N1_to_X2,heat,2005-07-02 08:00:00,0.0
X2,N1_to_X2,heat,2005-07-02 09:00:00,0.0
X2,N1_to_X2,heat,2005-07-02 10:00:00,0.0
X2,N1_to_X2,heat,2005-07-02 11:00:00,78.536032
X2,N1_to_X2,heat,2005-07-02 12:00:00,0.0
X2,N1_to_X2,heat,2005-07-02 13:00:00,0.0
X2,N1_to_X2,heat,2005-07-02 14:00:00,84.981599
X2,N1_to_X2,heat,2005-07-02 15:00:00,105.62821
X2,N1_to_X2,heat,2005-07-02 16:00:00,0.0
X2,N1_to_X2,heat,2005-07-02 17:00:00,67.596174
X2,N1_to_X2,heat,2005-07-02 18:00:00,23.800118
X2,N1_to_X2,heat,2005-07-02 19:00:00,29.142736
X2,N1_to_X2,heat,2005-07-02 20:00:00,23.311546
X2,N1_to_X2,heat,2005-07-02 21:00:00,0.0
X2,N1_to_X2,heat,2005-07-02 22:00:00,0.0
X2,N1_to_X2,heat,2005-07-02 23:00:00,0.0
X2,X1_to_X2,electricity,2005-07-01 00:00:00,0.0
X2,X1_to_X2,electricity,2005-07-01 01:00:00,0.0
X2,X1_to_X2,electricity,2005-07-01 02:00:00,0.0
X2,X1_to_X2,electricity,2005-07-01 03:00:00,0.0
X2,X1_to_X2,electricity,2005-07-01 04:00:00,0.0
X2,X1_to_X2,electricity,2005-07-01 05:00:00,0.0
X2,X1_to_X2,electricity,2005-07-01 06:00:00,0.0
X2,X1_to_X2,electricity,2005-07-01 07:00:00,0.0
X2,X1_to_X2,electricity,2005-07-01 08:00:00,0.0
X2,X1_to_X2,electricity,2005-07-01 09:00:00,0.0
X2,X1_to_X2,electricity,2005-07-01 10:00:00,0.0
X2,X1_to_X2,electricity,2005-07-01 11:00:00,0.0
X2,X1_to_X2,electricity,2005-07-01 12:00:00,0.0
X2,X1_to_X2,electricity,2005-07-01 13:00:00,0.0
X2,X1_to_X2,electricity,2005-07-01 14:00:00,0.0
X2,X1_to_X2,electricity,2005-07-01 15:00:00,0.0
X2,X1_to_X2,electricity,2005-07-01 16:00:00,0.0
X2,X1_to_X2,electricity,2005-07-01 17:00:00,0.0
X2,X1_to_X2,electricity,2005-07-01 18:00:00,0.0
X2,X1_to_X2,electricity,2005-07-01 19:00:00,0.0
X2,X1_to_X2,electricity,2005-07-01 20:00:00,0.0
X2,X1_to_X2,electricity,2005-07-01 21:00:00,0.0
X2,X1_to_X2,electricity,2005-07-01 22:00:00,0.0
X2,X1_to_X2,electricity,2005-07-01 23:00:00,0.0
X2,X1_to_X2,electricity,2005-07-02 00:00:00,0.0
X2,X1_to_X2,electricity,2005-07-02 01:00:00,0.0
X2,X1_to_X2,electricity,2005-07-02 02:00:00,0.0
X2,X1_to_X2,electricity,2005-07-02 03:00:00,0.0
X2,X1_to_X2,electricity,2005-07-02 04:00:00,0.0
X2,X1_to_X2,electricity,2005-07-02 05:00:00,0.0
X2,X1_to_X2,electricity,2005-07-02 06:00:00,0.0
X2,X1_to_X2,electricity,2005-07-02 07:00:00,0.0
X2,X1_to_X2,electricity,2005-07-02 08:00:00,0.0
X2,X1_to_X2,electricity,2005-07-02 09:00:00,0.0
X2,X1_to_X2,electricity,2005-07-02 10:00:00,0.0
X2,X1_to_X2,electricity,2005-07-02 11:00:00,0.0
X2,X1_to_X2,electricity,2005-07-02 12:00:00,0.0
X2,X1_to_X2,electricity,2005-07-02 13:00:00,0.0
X2,X1_to_X2,electricity,2005-07-02 14:00:00,0.0
X2,X1_to_X2,electricity,2005-07-02 15:00:00,0.0
X2,X1_to_X2,electricity,2005-07-02 16:00:00,0.0
X2,X1_to_X2,electricity,2005-07-02 17:00:00,0.0
X2,X1_to_X2,electricity,2005-07-02 18:00:00,0.0
X2,X1_to_X2,electricity,2005-07-02 19:00:00,0.0
X2,X1_to_X2,electricity,2005-07-02 20:00:00,0.0
X2,X1_to_X2,electricity,2005-07-02 21:00:00,0.0
X2,X1_to_X2,electricity,2005-07-02 22:00:00,0.0
X2,X1_to_X2,electricity,2005-07-02 23:00:00,0.0
X2,boiler,gas,2005-07-01 00:00:00,0.0
X2,boiler,gas,2005-07-01 01:00:00,4.8052305
X2,boiler,gas,2005-07-01 02:00:00,11.306472
X2,boiler,gas,2005-07-01 03:00:00,43.611046
X2,boiler,gas,2005-07-01 04:00:00,62.559369
X2,boiler,gas,2005-07-01 05:00:00,61.050965
X2,boiler,gas,2005-07-01 06:00:00,145.23685
X2,boiler,gas,2005-07-01 07:00:00,226.85938
X2,boiler,gas,2005-07-01 08:00:00,97.960299
X2,boiler,gas,2005-07-01 09:00:00,16.773432
X2,boiler,gas,2005-07-01 10:00:00,0.0
X2,boiler,gas,2005-07-01 11:00:00,0.0
X2,boiler,gas,2005-07-01 12:00:00,0.0
X2,boiler,gas,2005-07-01 13:00:00,0.0
X2,boiler,gas,2005-07-01 14:00:00,0.0
X2,boiler,gas,2005-07-01 15:00:00,0.0
X2,boiler,gas,2005-07-01 16:00:00,0.0
X2,boiler,gas,2005-07-01 17:00:00,0.0
X2,boiler,gas,2005-07-01 18:00:00,0.0
X2,boiler,gas,2005-07-01 19:00:00,0.0
X2,boiler,gas,2005-07-01 20:00:00,0.0
X2,boiler,gas,2005-07-01 21:00:00,101.24333
X2,boiler,gas,2005-07-01 22:00:00,55.478351
X2,boiler,gas,2005-07-01 23:00:00,22.610468
X2,boiler,gas,2005-07-02 00:00:00,0.0
X2,boiler,gas,2005-07-02 01:00:00,18.027177
X2,boiler,gas,2005-07-02 02:00:00,23.577177
X2,boiler,gas,2005-07-02 03:00:00,40.563676
X2,boiler,gas,2005-07-02 04:00:00,60.166816
X2,boiler,gas,2005-07-02 05:00:00,55.169512
X2,boiler,gas,2005-07-02 06:00:00,125.34129
X2,boiler,gas,2005-07-02 07:00:00,215.20415
X2,boiler,gas,2005-07-02 08:00:00,99.995542
X2,boiler,gas,2005-07-02 09:00:00,38.252701
X2,boiler,gas,2005-07-02 10:00:00,0.0
X2,boiler,gas,2005-07-02 11:00:00,0.0
X2,boiler,gas,2005-07-02 12:00:00,0.0
X2,boiler,gas,2005-07-02 13:00:00,0.0
X2,boiler,gas,2005-07-02 14:00:00,0.0
X2,boiler,gas,2005-07-02 15:00:00,0.0
X2,boiler,gas,2005-07-02 16:00:00,0.0
X2,boiler,gas,2005-07-02 17:00:00,0.0
X2,boiler,gas,2005-07-02 18:00:00,0.0
X2,boiler,gas,2005-07-02 19:00:00,0.0
X2,boiler,gas,2005-07-02 20:00:00,0.0
X2,boiler,gas,2005-07-02 21:00:00,105.63477
X2,boiler,gas,2005-07-02 22:00:00,41.552015
X2,boiler,gas,2005-07-02 23:00:00,1.0442145
X2,demand_electricity,electricity,2005-07-01 00:00:00,94.545801
X2,demand_electricity,electricity,2005-07-01 01:00:00,76.960619
X2,demand_electricity,electricity,2005-07-01 02:00:00,77.47575
X2,demand_electricity,electricity,2005-07-01 03:00:00,77.47575
X2,demand_electricity,electricity,2005-07-01 04:00:00,82.731496
X2,demand_electricity,electricity,2005-07-01 05:00:00,148.53348
X2,demand_electricity,electricity,2005-07-01 06:00:00,189.57082
X2,demand_electricity,electricity,2005-07-01 07:00:00,238.73471
X2,demand_electricity,electricity,2005-07-01 08:00:00,244.28449
X2,demand_electricity,electricity,2005-07-01 09:00:00,231.44018
X2,demand_electricity,electricity,2005-07-01 10:00:00,222.53077
X2,demand_electricity,electricity,2005-07-01 11:00:00,222.59303
X2,demand_electricity,electricity,2005-07-01 12:00:00,204.43903
X2,demand_electricity,electricity,2005-07-01 13:00:00,196.12892
X2,demand_electricity,electricity,2005-07-01 14:00:00,204.48819
X2,demand_electricity,electricity,2005-07-01 15:00:00,225.94202
X2,demand_electricity,electricity,2005-07-01 16:00:00,193.13272
X2,demand_electricity,electricity,2005-07-01 17:00:00,259.50778
X2,demand_electricity,electricity,2005-07-01 18:00:00,249.02487
X2,demand_electricity,electricity,2005-07-01 19:00:00,260.25163
X2,demand_electricity,electricity,2005-07-01 20:00:00,254.6056
X2,demand_electricity,electricity,2005-07-01 21:00:00,205.44951
X2,demand_electricity,electricity,2005-07-01 22:00:00,135.23257
X2,demand_electricity,electricity,2005-07-01 23:00:00,94.738975
X2,demand_electricity,electricity,2005-07-02 00:00:00,102.58251
X2,demand_electricity,electricity,2005-07-02 01:00:00,85.898809
X2,demand_electricity,electricity,2005-07-02 02:00:00,84.353416
X2,demand_electricity,electricity,2005-07-02 03:00:00,86.671505
X2,demand_electricity,electricity,2005-07-02 04:00:00,90.896989
X2,demand_electricity,electricity,2005-07-02 05:00:00,147.76078
X2,demand_electricity,electricity,2005-07-02 06:00:00,199.09947
X2,demand_electricity,electricity,2005-07-02 07:00:00,238.77751
X2,demand_electricity,electricity,2005-07-02 08:00:00,235.11987
X2,demand_electricity,electricity,2005-07-02 09:00:00,231.64847
X2,demand_electricity,electricity,2005-07-02 10:00:00,227.17184
X2,demand_electricity,electricity,2005-07-02 11:00:00,227.21332
X2,demand_electricity,electricity,2005-07-02 12:00:00,199.83841
X2,demand_electricity,electricity,2005-07-02 13:00:00,191.53723
X2,demand_electricity,electricity,2005-07-02 14:00:00,199.89551
X2,demand_electricity,electricity,2005-07-02 15:00:00,221.32457
X2,demand_electricity,electricity,2005-07-02 16:00:00,188.34488
X2,demand_electricity,electricity,2005-07-02 17:00:00,249.96225
X2,demand_electricity,electricity,2005-07-02 18:00:00,248.89411
X2,demand_electricity,electricity,2005-07-02 19:00:00,269.34435
X2,demand_electricity,electricity,2005-07-02 20:00:00,245.41236
X2,demand_electricity,electricity,2005-07-02 21:00:00,196.28096
X2,demand_electricity,electricity,2005-07-02 22:00:00,135.28924
X2,demand_electricity,electricity,2005-07-02 23:00:00,103.74156
X2,demand_heat,heat,2005-07-01 00:00:00,64.731991
X2,demand_heat,heat,2005-07-01 01:00:00,70.453439
X2,demand_heat,heat,2005-07-01 02:00:00,77.192976
X2,demand_heat,heat,2005-07-01 03:00:00,104.55644
X2,demand_heat,heat,2005-07-01 04:00:00,123.22844
X2,demand_heat,heat,2005-07-01 05:00:00,167.66882
X2,demand_heat,heat,2005-07-01 06:00:00,264.88709
X2,demand_heat,heat,2005-07-01 07:00:00,365.13767
X2,demand_heat,heat,2005-07-01 08:00:00,258.17259
X2,demand_heat,heat,2005-07-01 09:00:00,190.58558
X2,demand_heat,heat,2005-07-01 10:00:00,148.18712
X2,demand_heat,heat,2005-07-01 11:00:00,113.12163
X2,demand_heat,heat,2005-07-01 12:00:00,109.16611
X2,demand_heat,heat,2005-07-01 13:00:00,108.99952
X2,demand_heat,heat,2005-07-01 14:00:00,113.77885
X2,demand_heat,heat,2005-07-01 15:00:00,82.162417
X2,demand_heat,heat,2005-07-01 16:00:00,105.63437
X2,demand_heat,heat,2005-07-01 17:00:00,128.47534
X2,demand_heat,heat,2005-07-01 18:00:00,167.40878
X2,demand_heat,heat,2005-07-01 19:00:00,163.40627
X2,demand_heat,heat,2005-07-01 20:00:00,168.50936
X2,demand_heat,heat,2005-07-01 21:00:00,242.73223
X2,demand_heat,heat,2005-07-01 22:00:00,155.37391
X2,demand_heat,heat,2005-07-01 23:00:00,98.126256
X2,demand_heat,heat,2005-07-02 00:00:00,83.269962
X2,demand_heat,heat,2005-07-02 01:00:00,88.824341
X2,demand_heat,heat,2005-07-02 02:00:00,91.413267
X2,demand_heat,heat,2005-07-02 03:00:00,108.04361
X2,demand_heat,heat,2005-07-02 04:00:00,126.49844
X2,demand_heat,heat,2005-07-02 05:00:00,160.8879
X2,demand_heat,heat,2005-07-02 06:00:00,252.42389
X2,demand_heat,heat,2005-07-02 07:00:00,351.66324
X2,demand_heat,heat,2005-07-02 08:00:00,248.15442
X2,demand_heat,heat,2005-07-02 09:00:00,188.01276
X2,demand_heat,heat,2005-07-02 10:00:00,147.32131
X2,demand_heat,heat,2005-07-02 11:00:00,111.70659
X2,demand_heat,heat,2005-07-02 12:00:00,108.49909
X2,demand_heat,heat,2005-07-02 13:00:00,108.1538
X2,demand_heat,heat,2005-07-02 14:00:00,105.26103
X2,demand_heat,heat,2005-07-02 15:00:00,84.614417
X2,demand_heat,heat,2005-07-02 16:00:00,104.54987
X2,demand_heat,heat,2005-07-02 17:00:00,122.64645
X2,demand_heat,heat,2005-07-02 18:00:00,166.44251
X2,demand_heat,heat,2005-07-02 19:00:00,161.09989
X2,demand_heat,heat,2005-07-02 20:00:00,166.93108
X2,demand_heat,heat,2005-07-02 21:00:00,240.03483
X2,demand_heat,heat,2005-07-02 22:00:00,143.57646
X2,demand_heat,heat,2005-07-02 23:00:00,86.082014
X3,N1_to_X3,heat,2005-07-01 00:00:00,10.366999
X3,N1_to_X3,heat,2005-07-01 01:00:00,0.0
X3,N1_to_X3,heat,2005-07-01 02:00:00,0.0
X3,N1_to_X3,heat,2005-07-01 03:00:00,0.0
X3,N1_to_X3,heat,2005-07-01 04:00:00,0.0
X3,N1_to_X3,heat,2005-07-01 05:00:00,0.0
X3,N1_to_X3,heat,2005-07-01 06:00:00,0.0
X3,N1_to_X3,heat,2005-07-01 07:00:00,0.0
X3,N1_to_X3,heat,2005-07-01 08:00:00,0.0
X3,N1_to_X3,heat,2005-07-01 09:00:00,0.0
X3,N1_to_X3,heat,2005-07-01 10:00:00,4.7935974
X3,N1_to_X3,heat,2005-07-01 11:00:00,9.0030817
X3,N1_to_X3,heat,2005-07-01 12:00:00,9.2090148
X3,N1_to_X3,heat,2005-07-01 13:00:00,8.9769101
X3,N1_to_X3,heat,2005-07-01 14:00:00,9.2114637
X3,N1_to_X3,heat,2005-07-01 15:00:00,9.1262463
X3,N1_to_X3,heat,2005-07-01 16:00:00,9.6044208
X3,N1_to_X3,heat,2005-07-01 17:00:00,9.5221699
X3,N1_to_X3,heat,2005-07-01 18:00:00,10.366999
X3,N1_to_X3,heat,2005-07-01 19:00:00,9.5221821
X3,N1_to_X3,heat,2005-07-01 20:00:00,0.0
X3,N1_to_X3,heat,2005-07-01 21:00:00,0.0
X3,N1_to_X3,heat,2005-07-01 22:00:00,0.0
X3,N1_to_X3,heat,2005-07-01 23:00:00,0.0
X3,N1_to_X3,heat,2005-07-02 00:00:00,10.34137
X3,N1_to_X3,heat,2005-07-02 01:00:00,0.0
X3,N1_to_X3,heat,2005-07-02 02:00:00,0.0
X3,N1_to_X3,heat,2005-07-02 03:00:00,0.0
X3,N1_to_X3,heat,2005-07-02 04:00:00,0.0
X3,N1_to_X3,heat,2005-07-02 05:00:00,0.0
X3,N1_to_X3,heat,2005-07-02 06:00:00,0.0
X3,N1_to_X3,heat,2005-07-02 07:00:00,0.0
X3,N1_to_X3,heat,2005-07-02 08:00:00,0.0
X3,N1_to_X3,heat,2005-07-02 09:00:00,0.0
X3,N1_to_X3,heat,2005-07-02 10:00:00,0.0
X3,N1_to_X3,heat,2005-07-02 11:00:00,10.366999
X3,N1_to_X3,heat,2005-07-02 12:00:00,0.0
X3,N1_to_X3,heat,2005-07-02 13:00:00,0.0
X3,N1_to_X3,heat,2005-07-02 14:00:00,10.366999
X3,N1_to_X3,heat,2005-07-02 15:00:00,10.366999
X3,N1_to_X3,heat,2005-07-02 16:00:00,9.5222637
X3,N1_to_X3,heat,2005-07-02 17:00:00,10.366999
X3,N1_to_X3,heat,2005-07-02 18:00:00,10.366999
X3,N1_to_X3,heat,2005-07-02 19:00:00,9.522308
X3,N1_to_X3,heat,2005-07-02 20:00:00,10.366999
X3,N1_to_X3,heat,2005-07-02 21:00:00,0.0
X3,N1_to_X3,heat,2005-07-02 22:00:00,0.0
X3,N1_to_X3,heat,2005-07-02 23:00:00,0.0
X3,X1_to_X3,electricity,2005-07-01 00:00:00,0.0
X3,X1_to_X3,electricity,2005-07-01 01:00:00,0.0
X3,X1_to_X3,electricity,2005-07-01 02:00:00,0.0
X3,X1_to_X3,electricity,2005-07-01 03:00:00,0.0
X3,X1_to_X3,electricity,2005-07-01 04:00:00,0.0
X3,X1_to_X3,electricity,2005-07-01 05:00:00,0.0
X3,X1_to_X3,electricity,2005-07-01 06:00:00,0.0
X3,X1_to_X3,electricity,2005-07-01 07:00:00,0.0
X3,X1_to_X3,electricity,2005-07-01 08:00:00,0.0
X3,X1_to_X3,electricity,2005-07-01 09:00:00,0.0
X3,X1_to_X3,electricity,2005-07-01 10:00:00,0.0
X3,X1_to_X3,electricity,2005-07-01 11:00:00,0.0
X3,X1_to_X3,electricity,2005-07-01 12:00:00,0.0
X3,X1_to_X3,electricity,2005-07-01 13:00:00,0.0
X3,X1_to_X3,electricity,2005-07-01 14:00:00,0.0
X3,X1_to_X3,electricity,2005-07-01 15:00:00,0.0
X3,X1_to_X3,electricity,2005-07-01 16:00:00,0.0
X3,X1_to_X3,electricity,2005-07-01 17:00:00,0.0
X3,X1_to_X3,electricity,2005-07-01 18:00:00,0.0
X3,X1_to_X3,electricity,2005-07-01 19:00:00,0.0
X3,X1_to_X3,electricity,2005-07-01 20:00:00,0.0
X3,X1_to_X3,electricity,2005-07-01 21:00:00,0.0
X3,X1_to_X3,electricity,2005-07-01 22:00:00,0.0
X3,X1_to_X3,electricity,2005-07-01 23:00:00,0.0
X3,X1_to_X3,electricity,2005-07-02 00:00:00,0.0
X3,X1_to_X3,electricity,2005-07-02 01:00:00,0.0
X3,X1_to_X3,electricity,2005-07-02 02:00:00,0.0
X3,X1_to_X3,electricity,2005-07-02 03:00:00,0.0
X3,X1_to_X3,electricity,2005-07-02 04:00:00,0.0
X3,X1_to_X3,electricity,2005-07-02 05:00:00,0.0
X3,X1_to_X3,electricity,2005-07-02 06:00:00,0.0
X3,X1_to_X3,electricity,2005-07-02 07:00:00,0.0
X3,X1_to_X3,electricity,2005-07-02 08:00:00,1.5095879
X3,X1_to_X3,electricity,2005-07-02 09:00:00,8.0545879
X3,X1_to_X3,electricity,2005-07-02 10:00:00,13.239588
X3,X1_to_X3,electricity,2005-07-02 11:00:00,14.344588
X3,X1_to_X3,electricity,2005-07-02 12:00:00,11.837088
X3,X1_to_X3,electricity,2005-07-02 13:00:00,5.547088
X3,X1_to_X3,electricity,2005-07-02 14:00:00,0.0
X3,X1_to_X3,electricity,2005-07-02 15:00:00,0.0
X3,X1_to_X3,electricity,2005-07-02 16:00:00,0.0
X3,X1_to_X3,electricity,2005-07-02 17:00:00,0.0
X3,X1_to_X3,electricity,2005-07-02 18:00:00,0.0
X3,X1_to_X3,electricity,2005-07-02 19:00:00,0.0
X3,X1_to_X3,electricity,2005-07-02 20:00:00,0.0
X3,X1_to_X3,electricity,2005-07-02 21:00:00,0.0
X3,X1_to_X3,electricity,2005-07-02 22:00:00,0.0
X3,X1_to_X3,electricity,2005-07-02 23:00:00,0.0
X3,boiler,gas,2005-07-01 00:00:00,0.0
X3,boiler,gas,2005-07-01 01:00:00,0.018352941
X3,boiler,gas,2005-07-01 02:00:00,0.018352941
X3,boiler,gas,2005-07-01 03:00:00,0.018352941
X3,boiler,gas,2005-07-01 04:00:00,0.018352941
X3,boiler,gas,2005-07-01 05:00:00,0.018352941
X3,boiler,gas,2005-07-01 06:00:00,0.018352941
X3,boiler,gas,2005-07-01 07:00:00,0.018352941
X3,boiler,gas,2005-07-01 08:00:00,0.018352941
X3,boiler,gas,2005-07-01 09:00:00,0.018352941
X3,boiler,gas,2005-07-01 10:00:00,0.0
X3,boiler,gas,2005-07-01 11:00:00,0.0
X3,boiler,gas,2005-07-01 12:00:00,0.0
X3,boiler,gas,2005-07-01 13:00:00,0.0
X3,boiler,gas,2005-07-01 14:00:00,0.0
X3,boiler,gas,2005-07-01 15:00:00,0.0
X3,boiler,gas,2005-07-01 16:00:00,0.0
X3,boiler,gas,2005-07-01 17:00:00,0.0
X3,boiler,gas,2005-07-01 18:00:00,0.0
X3,boiler,gas,2005-07-01 19:00:00,0.0
X3,boiler,gas,2005-07-01 20:00:00,0.0
X3,boiler,gas,2005-07-01 21:00:00,0.018352941
X3,boiler,gas,2005-07-01 22:00:00,0.018352941
X3,boiler,gas,2005-07-01 23:00:00,0.018352941
X3,boiler,gas,2005-07-02 00:00:00,0.0
X3,boiler,gas,2005-07-02 01:00:00,0.018352941
X3,boiler,gas,2005-07-02 02:00:00,0.018352941
X3,boiler,gas,2005-07-02 03:00:00,0.018352941
X3,boiler,gas,2005-07-02 04:00:00,0.018352941
X3,boiler,gas,2005-07-02 05:00:00,0.018352941
X3,boiler,gas,2005-07-02 06:00:00,0.018352941
X3,boiler,gas,2005-07-02 07:00:00,0.018352941
X3,boiler,gas,2005-07-02 08:00:00,0.018352941
X3,boiler,gas,2005-07-02 09:00:00,0.018352941
X3,boiler,gas,2005-07-02 10:00:00,0.0
X3,boiler,gas,2005-07-02 11:00:00,0.0
X3,boiler,gas,2005-07-02 12:00:00,0.0
X3,boiler,gas,2005-07-02 13:00:00,0.0
X3,boiler,gas,2005-07-02 14:00:00,0.0
X3,boiler,gas,2005-07-02 15:00:00,0.0
X3,boiler,gas,2005-07-02 16:00:00,0.0
X3,boiler,gas,2005-07-02 17:00:00,0.0
X3,boiler,gas,2005-07-02 18:00:00,0.0
X3,boiler,gas,2005-07-02 19:00:00,0.0
X3,boiler,gas,2005-07-02 20:00:00,0.0
X3,boiler,gas,2005-07-02 21:00:00,0.018352941
X3,boiler,gas,2005-07-02 22:00:00,0.018352941
X3,boiler,gas,2005-07-02 23:00:00,0.018352941
X3,demand_electricity,electricity,2005-07-01 00:00:00,18.762912
X3,demand_electricity,electricity,2005-07-01 01:00:00,18.762912
X3,demand_electricity,electricity,2005-07-01 02:00:00,18.762912
X3,demand_electricity,electricity,2005-07-01 03:00:00,18.762912
X3,demand_electricity,electricity,2005-07-01 04:00:00,18.762912
X3,demand_electricity,electricity,2005-07-01 05:00:00,30.212425
X3,demand_electricity,electricity,2005-07-01 06:00:00,35.233307
X3,demand_electricity,electricity,2005-07-01 07:00:00,61.395269
X3,demand_electricity,electricity,2005-07-01 08:00:00,63.642962
X3,demand_electricity,electricity,2005-07-01 09:00:00,62.679665
X3,demand_electricity,electricity,2005-07-01 10:00:00,64.927357
X3,demand_electricity,electricity,2005-07-01 11:00:00,63.642962
X3,demand_electricity,electricity,2005-07-01 12:00:00,61.07417
X3,demand_electricity,electricity,2005-07-01 13:00:00,32.664516
X3,demand_electricity,electricity,2005-07-01 14:00:00,31.38012
X3,demand_electricity,electricity,2005-07-01 15:00:00,31.750872
X3,demand_electricity,electricity,2005-07-01 16:00:00,24.224967
X3,demand_electricity,electricity,2005-07-01 17:00:00,21.152155
X3,demand_electricity,electricity,2005-07-01 18:00:00,20.966804
X3,demand_electricity,electricity,2005-07-01 19:00:00,19.905947
X3,demand_electricity,electricity,2005-07-01 20:00:00,18.762912
X3,demand_electricity,electricity,2005-07-01 21:00:00,18.762912
X3,demand_electricity,electricity,2005-07-01 22:00:00,18.762912
X3,demand_electricity,electricity,2005-07-01 23:00:00,18.762912
X3,demand_electricity,electricity,2005-07-02 00:00:00,18.762912
X3,demand_electricity,electricity,2005-07-02 01:00:00,18.762912
X3,demand_electricity,electricity,2005-07-02 02:00:00,18.762912
X3,demand_electricity,electricity,2005-07-02 03:00:00,18.762912
X3,demand_electricity,electricity,2005-07-02 04:00:00,18.762912
X3,demand_electricity,electricity,2005-07-02 05:00:00,18.762912
X3,demand_electricity,electricity,2005-07-02 06:00:00,18.762912
X3,demand_electricity,electricity,2005-07-02 07:00:00,18.762912
X3,demand_electricity,electricity,2005-07-02 08:00:00,18.762912
X3,demand_electricity,electricity,2005-07-02 09:00:00,18.762912
X3,demand_electricity,electricity,2005-07-02 10:00:00,18.762912
X3,demand_electricity,electricity,2005-07-02 11:00:00,18.762912
X3,demand_electricity,electricity,2005-07-02 12:00:00,18.762912
X3,demand_electricity,electricity,2005-07-02 13:00:00,18.762912
X3,demand_electricity,electricity,2005-07-02 14:00:00,18.762912
X3,demand_electricity,electricity,2005-07-02 15:00:00,18.954418
X3,demand_electricity,electricity,2005-07-02 16:00:00,19.145924
X3,demand_electricity,electricity,2005-07-02 17:00:00,18.762912
X3,demand_electricity,electricity,2005-07-02 18:00:00,18.762912
X3,demand_electricity,electricity,2005-07-02 19:00:00,18.762912
X3,demand_electricity,electricity,2005-07-02 20:00:00,18.762912
X3,demand_electricity,electricity,2005-07-02 21:00:00,18.762912
X3,demand_electricity,electricity,2005-07-02 22:00:00,18.762912
X3,demand_electricity,electricity,2005-07-02 23:00:00,18.762912
X3,demand_heat,heat,2005-07-01 00:00:00,0.0156
X3,demand_heat,heat,2005-07-01 01:00:00,0.86032203
X3,demand_heat,heat,2005-07-01 02:00:00,0.0156
X3,demand_heat,heat,2005-07-01 03:00:00,0.0156
X3,demand_heat,heat,2005-07-01 04:00:00,0.86040695
X3,demand_heat,heat,2005-07-01 05:00:00,7.2633267
X3,demand_heat,heat,2005-07-01 06:00:00,9.3982291
X3,demand_heat,heat,2005-07-01 07:00:00,5.7928418
X3,demand_heat,heat,2005-07-01 08:00:00,3.3225851
X3,demand_heat,heat,2005-07-01 09:00:00,1.9272639
X3,demand_heat,heat,2005-07-01 10:00:00,1.6216188
X3,demand_heat,heat,2005-07-01 11:00:00,1.3795174
X3,demand_heat,heat,2005-07-01 12:00:00,1.1735843
X3,demand_heat,heat,2005-07-01 13:00:00,1.405689
X3,demand_heat,heat,2005-07-01 14:00:00,1.1711354
X3,demand_heat,heat,2005-07-01 15:00:00,1.2563528
X3,demand_heat,heat,2005-07-01 16:00:00,0.7781783
X3,demand_heat,heat,2005-07-01 17:00:00,0.86042919
X3,demand_heat,heat,2005-07-01 18:00:00,0.0156
X3,demand_heat,heat,2005-07-01 19:00:00,0.86041696
X3,demand_heat,heat,2005-07-01 20:00:00,0.0156
X3,demand_heat,heat,2005-07-01 21:00:00,0.86032141
X3,demand_heat,heat,2005-07-01 22:00:00,0.0156
X3,demand_heat,heat,2005-07-01 23:00:00,0.83467155
X3,demand_heat,heat,2005-07-02 00:00:00,0.041228722
X3,demand_heat,heat,2005-07-02 01:00:00,0.0156
X3,demand_heat,heat,2005-07-02 02:00:00,0.86029129
X3,demand_heat,heat,2005-07-02 03:00:00,0.0156
X3,demand_heat,heat,2005-07-02 04:00:00,0.86038648
X3,demand_heat,heat,2005-07-02 05:00:00,0.0156
X3,demand_heat,heat,2005-07-02 06:00:00,0.0156
X3,demand_heat,heat,2005-07-02 07:00:00,0.86029011
X3,demand_heat,heat,2005-07-02 08:00:00,0.0156
X3,demand_heat,heat,2005-07-02 09:00:00,0.86029324
X3,demand_heat,heat,2005-07-02 10:00:00,0.0156
X3,demand_heat,heat,2005-07-02 11:00:00,0.0156
X3,demand_heat,heat,2005-07-02 12:00:00,0.86040202
X3,demand_heat,heat,2005-07-02 13:00:00,0.86035176
X3,demand_heat,heat,2005-07-02 14:00:00,0.0156
X3,demand_heat,heat,2005-07-02 15:00:00,0.0156
X3,demand_heat,heat,2005-07-02 16:00:00,0.86033536
X3,demand_heat,heat,2005-07-02 17:00:00,0.0156
X3,demand_heat,heat,2005-07-02 18:00:00,0.0156
X3,demand_heat,heat,2005-07-02 19:00:00,0.86029112
X3,demand_heat,heat,2005-07-02 20:00:00,0.0156
X3,demand_heat,heat,2005-07-02 21:00:00,0.86030016
X3,demand_heat,heat,2005-07-02 22:00:00,0.0156
X3,demand_heat,heat,2005-07-02 23:00:00,0.86028986
