nodes,techs,carriers,timesteps,flow_out
N1,N1_to_X2,heat,2005-07-01 00:00:00,52.099378
N1,N1_to_X2,heat,2005-07-01 01:00:00,0.0
N1,N1_to_X2,heat,2005-07-01 02:00:00,0.0
N1,N1_to_X2,heat,2005-07-01 03:00:00,0.0
N1,N1_to_X2,heat,2005-07-01 04:00:00,0.0
N1,N1_to_X2,heat,2005-07-01 05:00:00,0.0
N1,N1_to_X2,heat,2005-07-01 06:00:00,0.0
N1,N1_to_X2,heat,2005-07-01 07:00:00,0.0
N1,N1_to_X2,heat,2005-07-01 08:00:00,0.0
N1,N1_to_X2,heat,2005-07-01 09:00:00,0.0
N1,N1_to_X2,heat,2005-07-01 10:00:00,0.0
N1,N1_to_X2,heat,2005-07-01 11:00:00,57.565857
N1,N1_to_X2,heat,2005-07-01 12:00:00,61.232066
N1,N1_to_X2,heat,2005-07-01 13:00:00,61.386466
N1,N1_to_X2,heat,2005-07-01 14:00:00,56.956706
N1,N1_to_X2,heat,2005-07-01 15:00:00,86.260689
N1,N1_to_X2,heat,2005-07-01 16:00:00,64.505489
N1,N1_to_X2,heat,2005-07-01 17:00:00,43.335122
N1,N1_to_X2,heat,2005-07-01 18:00:00,7.2492959
N1,N1_to_X2,heat,2005-07-01 19:00:00,10.959065
N1,N1_to_X2,heat,2005-07-01 20:00:00,0.0
N1,N1_to_X2,heat,2005-07-01 21:00:00,0.0
N1,N1_to_X2,heat,2005-07-01 22:00:00,0.0
N1,N1_to_X2,heat,2005-07-01 23:00:00,0.0
N1,N1_to_X2,heat,2005-07-02 00:00:00,0.0
N1,N1_to_X2,heat,2005-07-02 01:00:00,0.0
N1,N1_to_X2,heat,2005-07-02 02:00:00,0.0
N1,N1_to_X2,heat,2005-07-02 03:00:00,0.0
N1,N1_to_X2,heat,2005-07-02 04:00:00,0.0
N1,N1_to_X2,heat,2005-07-02 05:00:00,0.0
N1,N1_to_X2,heat,2005-07-02 06:00:00,0.0
N1,N1_to_X2,heat,2005-07-02 07:00:00,0.0
N1,N1_to_X2,heat,2005-07-02 08:00:00,0.0
N1,N1_to_X2,heat,2005-07-02 09:00:00,0.0
N1,N1_to_X2,heat,2005-07-02 10:00:00,0.0
N1,N1_to_X2,heat,2005-07-02 11:00:00,13.070194
N1,N1_to_X2,heat,2005-07-02 12:00:00,0.0
N1,N1_to_X2,heat,2005-07-02 13:00:00,0.0
N1,N1_to_X2,heat,2005-07-02 14:00:00,64.851528
N1,N1_to_X2,heat,2005-07-02 15:00:00,83.988031
N1,N1_to_X2,heat,2005-07-02 16:00:00,71.778286
N1,N1_to_X2,heat,2005-07-02 17:00:00,48.737683
N1,N1_to_X2,heat,2005-07-02 18:00:00,8.1448982
N1,N1_to_X2,heat,2005-07-02 19:00:00,13.096753
N1,N1_to_X2,heat,2005-07-02 20:00:00,7.6920607
N1,N1_to_X2,heat,2005-07-02 21:00:00,0.0
N1,N1_to_X2,heat,2005-07-02 22:00:00,0.0
N1,N1_to_X2,heat,2005-07-02 23:00:00,0.0
N1,N1_to_X3,heat,2005-07-01 00:00:00,8.3685615
N1,N1_to_X3,heat,2005-07-01 01:00:00,0.0
N1,N1_to_X3,heat,2005-07-01 02:00:00,0.0
N1,N1_to_X3,heat,2005-07-01 03:00:00,0.0
N1,N1_to_X3,heat,2005-07-01 04:00:00,0.0
N1,N1_to_X3,heat,2005-07-01 05:00:00,0.0
N1,N1_to_X3,heat,2005-07-01 06:00:00,0.0
N1,N1_to_X3,heat,2005-07-01 07:00:00,0.0
N1,N1_to_X3,heat,2005-07-01 08:00:00,0.0
N1,N1_to_X3,heat,2005-07-01 09:00:00,0.0
N1,N1_to_X3,heat,2005-07-01 10:00:00,0.0
N1,N1_to_X3,heat,2005-07-01 11:00:00,7.1360059
N1,N1_to_X3,heat,2005-07-01 12:00:00,7.3221051
N1,N1_to_X3,heat,2005-07-01 13:00:00,7.1123549
N1,N1_to_X3,heat,2005-07-01 14:00:00,7.3243182
N1,N1_to_X3,heat,2005-07-01 15:00:00,7.2473083
N1,N1_to_X3,heat,2005-07-01 16:00:00,7.6794288
N1,N1_to_X3,heat,2005-07-01 17:00:00,7.6050996
N1,N1_to_X3,heat,2005-07-01 18:00:00,8.3685615
N1,N1_to_X3,heat,2005-07-01 19:00:00,7.6051107
N1,N1_to_X3,heat,2005-07-01 20:00:00,0.0
N1,N1_to_X3,heat,2005-07-01 21:00:00,0.0
N1,N1_to_X3,heat,2005-07-01 22:00:00,0.0
N1,N1_to_X3,heat,2005-07-01 23:00:00,0.0
N1,N1_to_X3,heat,2005-07-02 00:00:00,8.3454012
N1,N1_to_X3,heat,2005-07-02 01:00:00,0.0
N1,N1_to_X3,heat,2005-07-02 02:00:00,0.0
N1,N1_to_X3,heat,2005-07-02 03:00:00,0.0
N1,N1_to_X3,heat,2005-07-02 04:00:00,0.0
N1,N1_to_X3,heat,2005-07-02 05:00:00,0.0
N1,N1_to_X3,heat,2005-07-02 06:00:00,0.0
N1,N1_to_X3,heat,2005-07-02 07:00:00,0.0
N1,N1_to_X3,heat,2005-07-02 08:00:00,0.0
N1,N1_to_X3,heat,2005-07-02 09:00:00,0.0
N1,N1_to_X3,heat,2005-07-02 10:00:00,0.0
N1,N1_to_X3,heat,2005-07-02 11:00:00,8.3685615
N1,N1_to_X3,heat,2005-07-02 12:00:00,0.0
N1,N1_to_X3,heat,2005-07-02 13:00:00,0.0
N1,N1_to_X3,heat,2005-07-02 14:00:00,8.3685615
N1,N1_to_X3,heat,2005-07-02 15:00:00,8.3685615
N1,N1_to_X3,heat,2005-07-02 16:00:00,7.6051844
N1,N1_to_X3,heat,2005-07-02 17:00:00,8.3685615
N1,N1_to_X3,heat,2005-07-02 18:00:00,8.3685615
N1,N1_to_X3,heat,2005-07-02 19:00:00,7.6052244
N1,N1_to_X3,heat,2005-07-02 20:00:00,8.3685615
N1,N1_to_X3,heat,2005-07-02 21:00:00,0.0
N1,N1_to_X3,heat,2005-07-02 22:00:00,0.0
N1,N1_to_X3,heat,2005-07-02 23:00:00,0.0
N1,X1_to_N1,heat,2005-07-01 00:00:00,85.869798
N1,X1_to_N1,heat,2005-07-01 01:00:00,72.541074
N1,X1_to_N1,heat,2005-07-01 02:00:00,72.915564
N1,X1_to_N1,heat,2005-07-01 03:00:00,72.812606
N1,X1_to_N1,heat,2005-07-01 04:00:00,76.515868
N1,X1_to_N1,heat,2005-07-01 05:00:00,132.93178
N1,X1_to_N1,heat,2005-07-01 06:00:00,162.9794
N1,X1_to_N1,heat,2005-07-01 07:00:00,192.29733
N1,X1_to_N1,heat,2005-07-01 08:00:00,192.36803
N1,X1_to_N1,heat,2005-07-01 09:00:00,192.35803
N1,X1_to_N1,heat,2005-07-01 10:00:00,162.18624
N1,X1_to_N1,heat,2005-07-01 11:00:00,488.21912
N1,X1_to_N1,heat,2005-07-01 12:00:00,445.49198
N1,X1_to_N1,heat,2005-07-01 13:00:00,196.82533
N1,X1_to_N1,heat,2005-07-01 14:00:00,263.5453
N1,X1_to_N1,heat,2005-07-01 15:00:00,569.12593
N1,X1_to_N1,heat,2005-07-01 16:00:00,353.26651
N1,X1_to_N1,heat,2005-07-01 17:00:00,569.12593
N1,X1_to_N1,heat,2005-07-01 18:00:00,291.32085
N1,X1_to_N1,heat,2005-07-01 19:00:00,329.35028
N1,X1_to_N1,heat,2005-07-01 20:00:00,181.82408
N1,X1_to_N1,heat,2005-07-01 21:00:00,169.97376
N1,X1_to_N1,heat,2005-07-01 22:00:00,116.75699
N1,X1_to_N1,heat,2005-07-01 23:00:00,86.040486
N1,X1_to_N1,heat,2005-07-02 00:00:00,91.949451
N1,X1_to_N1,heat,2005-07-02 01:00:00,79.301394
N1,X1_to_N1,heat,2005-07-02 02:00:00,77.939565
N1,X1_to_N1,heat,2005-07-02 03:00:00,79.369632
N1,X1_to_N1,heat,2005-07-02 04:00:00,82.238033
N1,X1_to_N1,heat,2005-07-02 05:00:00,122.98933
N1,X1_to_N1,heat,2005-07-02 06:00:00,157.39583
N1,X1_to_N1,heat,2005-07-02 07:00:00,182.99007
N1,X1_to_N1,heat,2005-07-02 08:00:00,176.0334
N1,X1_to_N1,heat,2005-07-02 09:00:00,168.70339
N1,X1_to_N1,heat,2005-07-02 10:00:00,158.96404
N1,X1_to_N1,heat,2005-07-02 11:00:00,129.76452
N1,X1_to_N1,heat,2005-07-02 12:00:00,118.0131
N1,X1_to_N1,heat,2005-07-02 13:00:00,117.64051
N1,X1_to_N1,heat,2005-07-02 14:00:00,244.63362
N1,X1_to_N1,heat,2005-07-02 15:00:00,569.12593
N1,X1_to_N1,heat,2005-07-02 16:00:00,423.12477
N1,X1_to_N1,heat,2005-07-02 17:00:00,569.12593
N1,X1_to_N1,heat,2005-07-02 18:00:00,302.66215
N1,X1_to_N1,heat,2005-07-02 19:00:00,356.43404
N1,X1_to_N1,heat,2005-07-02 20:00:00,298.54229
N1,X1_to_N1,heat,2005-07-02 21:00:00,163.03621
N1,X1_to_N1,heat,2005-07-02 22:00:00,116.80008
N1,X1_to_N1,heat,2005-07-02 23:00:00,92.852036
X1,X1_to_N1,heat,2005-07-01 00:00:00,0.0
X1,X1_to_N1,heat,2005-07-01 01:00:00,0.0
X1,X1_to_N1,heat,2005-07-01 02:00:00,0.0
X1,X1_to_N1,heat,2005-07-01 03:00:00,0.0
X1,X1_to_N1,heat,2005-07-01 04:00:00,0.0
X1,X1_to_N1,heat,2005-07-01 05:00:00,0.0
X1,X1_to_N1,heat,2005-07-01 06:00:00,0.0
X1,X1_to_N1,heat,2005-07-01 07:00:00,0.0
X1,X1_to_N1,heat,2005-07-01 08:00:00,0.0
X1,X1_to_N1,heat,2005-07-01 09:00:00,0.0
X1,X1_to_N1,heat,2005-07-01 10:00:00,0.0
X1,X1_to_N1,heat,2005-07-01 11:00:00,0.0
X1,X1_to_N1,heat,2005-07-01 12:00:00,0.0
X1,X1_to_N1,heat,2005-07-01 13:00:00,0.0
X1,X1_to_N1,heat,2005-07-01 14:00:00,0.0
X1,X1_to_N1,heat,2005-07-01 15:00:00,386.59087
X1,X1_to_N1,heat,2005-07-01 16:00:00,0.0
X1,X1_to_N1,heat,2005-07-01 17:00:00,170.06777
X1,X1_to_N1,heat,2005-07-01 18:00:00,0.0
X1,X1_to_N1,heat,2005-07-01 19:00:00,0.0
X1,X1_to_N1,heat,2005-07-01 20:00:00,151.45319
X1,X1_to_N1,heat,2005-07-01 21:00:00,0.0
X1,X1_to_N1,heat,2005-07-01 22:00:00,0.0
X1,X1_to_N1,heat,2005-07-01 23:00:00,0.0
X1,X1_to_N1,heat,2005-07-02 00:00:00,0.0
X1,X1_to_N1,heat,2005-07-02 01:00:00,0.0
X1,X1_to_N1,heat,2005-07-02 02:00:00,0.0
X1,X1_to_N1,heat,2005-07-02 03:00:00,0.0
X1,X1_to_N1,heat,2005-07-02 04:00:00,0.0
X1,X1_to_N1,heat,2005-07-02 05:00:00,0.0
X1,X1_to_N1,heat,2005-07-02 06:00:00,0.0
X1,X1_to_N1,heat,2005-07-02 07:00:00,0.0
X1,X1_to_N1,heat,2005-07-02 08:00:00,0.0
X1,X1_to_N1,heat,2005-07-02 09:00:00,0.0
X1,X1_to_N1,heat,2005-07-02 10:00:00,0.0
X1,X1_to_N1,heat,2005-07-02 11:00:00,0.0
X1,X1_to_N1,heat,2005-07-02 12:00:00,0.0
X1,X1_to_N1,heat,2005-07-02 13:00:00,0.0
X1,X1_to_N1,heat,2005-07-02 14:00:00,0.0
X1,X1_to_N1,heat,2005-07-02 15:00:00,258.60675
X1,X1_to_N1,heat,2005-07-02 16:00:00,0.0
X1,X1_to_N1,heat,2005-07-02 17:00:00,248.20247
X1,X1_to_N1,heat,2005-07-02 18:00:00,0.0
X1,X1_to_N1,heat,2005-07-02 19:00:00,0.0
X1,X1_to_N1,heat,2005-07-02 20:00:00,0.0
X1,X1_to_N1,heat,2005-07-02 21:00:00,0.0
X1,X1_to_N1,heat,2005-07-02 22:00:00,0.0
X1,X1_to_N1,heat,2005-07-02 23:00:00,0.0
X1,X1_to_X2,electricity,2005-07-01 00:00:00,0.0
X1,X1_to_X2,electricity,2005-07-01 01:00:00,0.0
X1,X1_to_X2,electricity,2005-07-01 02:00:00,0.0
X1,X1_to_X2,electricity,2005-07-01 03:00:00,0.0
X1,X1_to_X2,electricity,2005-07-01 04:00:00,0.0
X1,X1_to_X2,electricity,2005-07-01 05:00:00,0.0
X1,X1_to_X2,electricity,2005-07-01 06:00:00,0.0
X1,X1_to_X2,electricity,2005-07-01 07:00:00,0.0
X1,X1_to_X2,electricity,2005-07-01 08:00:00,0.0
X1,X1_to_X2,electricity,2005-07-01 09:00:00,0.0
X1,X1_to_X2,electricity,2005-07-01 10:00:00,0.0
X1,X1_to_X2,electricity,2005-07-01 11:00:00,0.0
X1,X1_to_X2,electricity,2005-07-01 12:00:00,0.0
X1,X1_to_X2,electricity,2005-07-01 13:00:00,0.0
X1,X1_to_X2,electricity,2005-07-01 14:00:00,0.0
X1,X1_to_X2,electricity,2005-07-01 15:00:00,0.0
X1,X1_to_X2,electricity,2005-07-01 16:00:00,0.0
X1,X1_to_X2,electricity,2005-07-01 17:00:00,0.0
X1,X1_to_X2,electricity,2005-07-01 18:00:00,0.0
X1,X1_to_X2,electricity,2005-07-01 19:00:00,0.0
X1,X1_to_X2,electricity,2005-07-01 20:00:00,0.0
X1,X1_to_X2,electricity,2005-07-01 21:00:00,0.0
X1,X1_to_X2,electricity,2005-07-01 22:00:00,0.0
X1,X1_to_X2,electricity,2005-07-01 23:00:00,0.0
X1,X1_to_X2,electricity,2005-07-02 00:00:00,0.0
X1,X1_to_X2,electricity,2005-07-02 01:00:00,0.0
X1,X1_to_X2,electricity,2005-07-02 02:00:00,0.0
X1,X1_to_X2,electricity,2005-07-02 03:00:00,0.0
X1,X1_to_X2,electricity,2005-07-02 04:00:00,0.0
X1,X1_to_X2,electricity,2005-07-02 05:00:00,0.0
X1,X1_to_X2,electricity,2005-07-02 06:00:00,0.0
X1,X1_to_X2,electricity,2005-07-02 07:00:00,0.0
X1,X1_to_X2,electricity,2005-07-02 08:00:00,0.0
X1,X1_to_X2,electricity,2005-07-02 09:00:00,0.0
X1,X1_to_X2,electricity,2005-07-02 10:00:00,0.0
X1,X1_to_X2,electricity,2005-07-02 11:00:00,0.0
X1,X1_to_X2,electricity,2005-07-02 12:00:00,0.0
X1,X1_to_X2,electricity,2005-07-02 13:00:00,0.0
X1,X1_to_X2,electricity,2005-07-02 14:00:00,0.0
X1,X1_to_X2,electricity,2005-07-02 15:00:00,0.0
X1,X1_to_X2,electricity,2005-07-02 16:00:00,0.0
X1,X1_to_X2,electricity,2005-07-02 17:00:00,0.0
X1,X1_to_X2,electricity,2005-07-02 18:00:00,0.0
X1,X1_to_X2,electricity,2005-07-02 19:00:00,0.0
X1,X1_to_X2,electricity,2005-07-02 20:00:00,0.0
X1,X1_to_X2,electricity,2005-07-02 21:00:00,0.0
X1,X1_to_X2,electricity,2005-07-02 22:00:00,0.0
X1,X1_to_X2,electricity,2005-07-02 23:00:00,0.0
X1,X1_to_X3,electricity,2005-07-01 00:00:00,0.0
X1,X1_to_X3,electricity,2005-07-01 01:00:00,0.0
X1,X1_to_X3,electricity,2005-07-01 02:00:00,0.0
X1,X1_to_X3,electricity,2005-07-01 03:00:00,0.0
X1,X1_to_X3,electricity,2005-07-01 04:00:00,0.0
X1,X1_to_X3,electricity,2005-07-01 05:00:00,0.0
X1,X1_to_X3,electricity,2005-07-01 06:00:00,0.0
X1,X1_to_X3,electricity,2005-07-01 07:00:00,0.0
X1,X1_to_X3,electricity,2005-07-01 08:00:00,0.0
X1,X1_to_X3,electricity,2005-07-01 09:00:00,0.0
X1,X1_to_X3,electricity,2005-07-01 10:00:00,0.0
X1,X1_to_X3,electricity,2005-07-01 11:00:00,0.0
X1,X1_to_X3,electricity,2005-07-01 12:00:00,0.0
X1,X1_to_X3,electricity,2005-07-01 13:00:00,0.0
X1,X1_to_X3,electricity,2005-07-01 14:00:00,0.0
X1,X1_to_X3,electricity,2005-07-01 15:00:00,0.0
X1,X1_to_X3,electricity,2005-07-01 16:00:00,0.0
X1,X1_to_X3,electricity,2005-07-01 17:00:00,0.0
X1,X1_to_X3,electricity,2005-07-01 18:00:00,0.0
X1,X1_to_X3,electricity,2005-07-01 19:00:00,0.0
X1,X1_to_X3,electricity,2005-07-01 20:00:00,0.0
X1,X1_to_X3,electricity,2005-07-01 21:00:00,0.0
X1,X1_to_X3,electricity,2005-07-01 22:00:00,0.0
X1,X1_to_X3,electricity,2005-07-01 23:00:00,0.0
X1,X1_to_X3,electricity,2005-07-02 00:00:00,0.0
X1,X1_to_X3,electricity,2005-07-02 01:00:00,0.0
X1,X1_to_X3,electricity,2005-07-02 02:00:00,0.0
X1,X1_to_X3,electricity,2005-07-02 03:00:00,0.0
X1,X1_to_X3,electricity,2005-07-02 04:00:00,0.0
X1,X1_to_X3,electricity,2005-07-02 05:00:00,0.0
X1,X1_to_X3,electricity,2005-07-02 06:00:00,0.0
X1,X1_to_X3,electricity,2005-07-02 07:00:00,0.0
X1,X1_to_X3,electricity,2005-07-02 08:00:00,1.4793961
X1,X1_to_X3,electricity,2005-07-02 09:00:00,7.8934961
X1,X1_to_X3,electricity,2005-07-02 10:00:00,12.974796
X1,X1_to_X3,electricity,2005-07-02 11:00:00,14.057696
X1,X1_to_X3,electricity,2005-07-02 12:00:00,11.600346
X1,X1_to_X3,electricity,2005-07-02 13:00:00,5.4361462
X1,X1_to_X3,electricity,2005-07-02 14:00:00,0.0
X1,X1_to_X3,electricity,2005-07-02 15:00:00,0.0
X1,X1_to_X3,electricity,2005-07-02 16:00:00,0.0
X1,X1_to_X3,electricity,2005-07-02 17:00:00,0.0
X1,X1_to_X3,electricity,2005-07-02 18:00:00,0.0
X1,X1_to_X3,electricity,2005-07-02 19:00:00,0.0
X1,X1_to_X3,electricity,2005-07-02 20:00:00,0.0
X1,X1_to_X3,electricity,2005-07-02 21:00:00,0.0
X1,X1_to_X3,electricity,2005-07-02 22:00:00,0.0
X1,X1_to_X3,electricity,2005-07-02 23:00:00,0.0
X1,chp,electricity,2005-07-01 00:00:00,116.0767
X1,chp,electricity,2005-07-01 01:00:00,98.082871
X1,chp,electricity,2005-07-01 02:00:00,98.596008
X1,chp,electricity,2005-07-01 03:00:00,98.596709
X1,chp,electricity,2005-07-01 04:00:00,104.00581
X1,chp,electricity,2005-07-01 05:00:00,180.5764
X1,chp,electricity,2005-07-01 06:00:00,221.27756
X1,chp,electricity,2005-07-01 07:00:00,260.9467
X1,chp,electricity,2005-07-01 08:00:00,260.9467
X1,chp,electricity,2005-07-01 09:00:00,260.9467
X1,chp,electricity,2005-07-01 10:00:00,219.65128
X1,chp,electricity,2005-07-01 11:00:00,218.77778
X1,chp,electricity,2005-07-01 12:00:00,209.69376
X1,chp,electricity,2005-07-01 13:00:00,185.18281
X1,chp,electricity,2005-07-01 14:00:00,197.04134
X1,chp,electricity,2005-07-01 15:00:00,228.84338
X1,chp,electricity,2005-07-01 16:00:00,196.19895
X1,chp,electricity,2005-07-01 17:00:00,260.9467
X1,chp,electricity,2005-07-01 18:00:00,260.9467
X1,chp,electricity,2005-07-01 19:00:00,260.9467
X1,chp,electricity,2005-07-01 20:00:00,260.9467
X1,chp,electricity,2005-07-01 21:00:00,229.88752
X1,chp,electricity,2005-07-01 22:00:00,157.96446
X1,chp,electricity,2005-07-01 23:00:00,116.37775
X1,chp,electricity,2005-07-02 00:00:00,124.27742
X1,chp,electricity,2005-07-02 01:00:00,107.20347
X1,chp,electricity,2005-07-02 02:00:00,105.61403
X1,chp,electricity,2005-07-02 03:00:00,107.98013
X1,chp,electricity,2005-07-02 04:00:00,112.33794
X1,chp,electricity,2005-07-02 05:00:00,168.01802
X1,chp,electricity,2005-07-02 06:00:00,214.32425
X1,chp,electricity,2005-07-02 07:00:00,248.76525
X1,chp,electricity,2005-07-02 08:00:00,239.12883
X1,chp,electricity,2005-07-02 09:00:00,229.19014
X1,chp,electricity,2005-07-02 10:00:00,215.33316
X1,chp,electricity,2005-07-02 11:00:00,175.72078
X1,chp,electricity,2005-07-02 12:00:00,159.81809
X1,chp,electricity,2005-07-02 13:00:00,159.26363
X1,chp,electricity,2005-07-02 14:00:00,184.00105
X1,chp,electricity,2005-07-02 15:00:00,217.65876
X1,chp,electricity,2005-07-02 16:00:00,194.09128
X1,chp,electricity,2005-07-02 17:00:00,260.9467
X1,chp,electricity,2005-07-02 18:00:00,260.9467
X1,chp,electricity,2005-07-02 19:00:00,260.9467
X1,chp,electricity,2005-07-02 20:00:00,260.9467
X1,chp,electricity,2005-07-02 21:00:00,220.53185
X1,chp,electricity,2005-07-02 22:00:00,158.02229
X1,chp,electricity,2005-07-02 23:00:00,125.56406
X1,chp,heat,2005-07-01 00:00:00,92.86136
X1,chp,heat,2005-07-01 01:00:00,78.466297
X1,chp,heat,2005-07-01 02:00:00,78.876806
X1,chp,heat,2005-07-01 03:00:00,78.877367
X1,chp,heat,2005-07-01 04:00:00,83.204646
X1,chp,heat,2005-07-01 05:00:00,144.46112
X1,chp,heat,2005-07-01 06:00:00,177.02205
X1,chp,heat,2005-07-01 07:00:00,208.75736
X1,chp,heat,2005-07-01 08:00:00,208.75736
X1,chp,heat,2005-07-01 09:00:00,208.75736
X1,chp,heat,2005-07-01 10:00:00,175.72102
X1,chp,heat,2005-07-01 11:00:00,175.02222
X1,chp,heat,2005-07-01 12:00:00,167.75501
X1,chp,heat,2005-07-01 13:00:00,148.14625
X1,chp,heat,2005-07-01 14:00:00,157.63307
X1,chp,heat,2005-07-01 15:00:00,183.0747
X1,chp,heat,2005-07-01 16:00:00,156.95916
X1,chp,heat,2005-07-01 17:00:00,208.75736
X1,chp,heat,2005-07-01 18:00:00,208.75736
X1,chp,heat,2005-07-01 19:00:00,208.75736
X1,chp,heat,2005-07-01 20:00:00,208.75736
X1,chp,heat,2005-07-01 21:00:00,183.91002
X1,chp,heat,2005-07-01 22:00:00,126.37157
X1,chp,heat,2005-07-01 23:00:00,93.102201
X1,chp,heat,2005-07-02 00:00:00,99.42194
X1,chp,heat,2005-07-02 01:00:00,85.762778
X1,chp,heat,2005-07-02 02:00:00,84.491227
X1,chp,heat,2005-07-02 03:00:00,86.384106
X1,chp,heat,2005-07-02 04:00:00,89.870355
X1,chp,heat,2005-07-02 05:00:00,134.41442
X1,chp,heat,2005-07-02 06:00:00,171.4594
X1,chp,heat,2005-07-02 07:00:00,199.0122
X1,chp,heat,2005-07-02 08:00:00,191.30307
X1,chp,heat,2005-07-02 09:00:00,183.35211
X1,chp,heat,2005-07-02 10:00:00,172.26653
X1,chp,heat,2005-07-02 11:00:00,140.57662
X1,chp,heat,2005-07-02 12:00:00,127.85447
X1,chp,heat,2005-07-02 13:00:00,127.41091
X1,chp,heat,2005-07-02 14:00:00,147.20084
X1,chp,heat,2005-07-02 15:00:00,174.12701
X1,chp,heat,2005-07-02 16:00:00,155.27302
X1,chp,heat,2005-07-02 17:00:00,208.75736
X1,chp,heat,2005-07-02 18:00:00,208.75736
X1,chp,heat,2005-07-02 19:00:00,208.75736
X1,chp,heat,2005-07-02 20:00:00,208.75736
X1,chp,heat,2005-07-02 21:00:00,176.42548
X1,chp,heat,2005-07-02 22:00:00,126.41783
X1,chp,heat,2005-07-02 23:00:00,100.45125
X1,pv,electricity,2005-07-01 00:00:00,0.0
X1,pv,electricity,2005-07-01 01:00:00,0.0
X1,pv,electricity,2005-07-01 02:00:00,0.0
X1,pv,electricity,2005-07-01 03:00:00,0.0
X1,pv,electricity,2005-07-01 04:00:00,0.0
X1,pv,electricity,2005-07-01 05:00:00,0.0
X1,pv,electricity,2005-07-01 06:00:00,0.0
X1,pv,electricity,2005-07-01 07:00:00,0.0
X1,pv,electricity,2005-07-01 08:00:00,0.0
X1,pv,electricity,2005-07-01 09:00:00,0.0
X1,pv,electricity,2005-07-01 10:00:00,0.0
X1,pv,electricity,2005-07-01 11:00:00,0.0
X1,pv,electricity,2005-07-01 12:00:00,0.0
X1,pv,electricity,2005-07-01 13:00:00,0.0
X1,pv,electricity,2005-07-01 14:00:00,0.0
X1,pv,electricity,2005-07-01 15:00:00,0.0
X1,pv,electricity,2005-07-01 16:00:00,0.0
X1,pv,electricity,2005-07-01 17:00:00,0.0
X1,pv,electricity,2005-07-01 18:00:00,0.0
X1,pv,electricity,2005-07-01 19:00:00,0.0
X1,pv,electricity,2005-07-01 20:00:00,0.0
X1,pv,electricity,2005-07-01 21:00:00,0.0
X1,pv,electricity,2005-07-01 22:00:00,0.0
X1,pv,electricity,2005-07-01 23:00:00,0.0
X1,pv,electricity,2005-07-02 00:00:00,0.0
X1,pv,electricity,2005-07-02 01:00:00,0.0
X1,pv,electricity,2005-07-02 02:00:00,0.0
X1,pv,electricity,2005-07-02 03:00:00,0.0
X1,pv,electricity,2005-07-02 04:00:00,0.0
X1,pv,electricity,2005-07-02 05:00:00,0.0
X1,pv,electricity,2005-07-02 06:00:00,0.0
X1,pv,electricity,2005-07-02 07:00:00,0.0
X1,pv,electricity,2005-07-02 08:00:00,0.0
X1,pv,electricity,2005-07-02 09:00:00,0.0
X1,pv,electricity,2005-07-02 10:00:00,0.0
X1,pv,electricity,2005-07-02 11:00:00,0.0
X1,pv,electricity,2005-07-02 12:00:00,0.0
X1,pv,electricity,2005-07-02 13:00:00,0.0
X1,pv,electricity,2005-07-02 14:00:00,0.0
X1,pv,electricity,2005-07-02 15:00:00,0.0
X1,pv,electricity,2005-07-02 16:00:00,0.0
X1,pv,electricity,2005-07-02 17:00:00,0.0
X1,pv,electricity,2005-07-02 18:00:00,0.0
X1,pv,electricity,2005-07-02 19:00:00,0.0
X1,pv,electricity,2005-07-02 20:00:00,0.0
X1,pv,electricity,2005-07-02 21:00:00,0.0
X1,pv,electricity,2005-07-02 22:00:00,0.0
X1,pv,electricity,2005-07-02 23:00:00,0.0
X1,supply_gas,gas,2005-07-01 00:00:00,286.60914
X1,supply_gas,gas,2005-07-01 01:00:00,242.17993
X1,supply_gas,gas,2005-07-01 02:00:00,243.44693
X1,supply_gas,gas,2005-07-01 03:00:00,243.44866
X1,supply_gas,gas,2005-07-01 04:00:00,256.80446
X1,supply_gas,gas,2005-07-01 05:00:00,445.86764
X1,supply_gas,gas,2005-07-01 06:00:00,546.36434
X1,supply_gas,gas,2005-07-01 07:00:00,644.31283
X1,supply_gas,gas,2005-07-01 08:00:00,644.31283
X1,supply_gas,gas,2005-07-01 09:00:00,644.31283
X1,supply_gas,gas,2005-07-01 10:00:00,542.34884
X1,supply_gas,gas,2005-07-01 11:00:00,540.19204
X1,supply_gas,gas,2005-07-01 12:00:00,517.76237
X1,supply_gas,gas,2005-07-01 13:00:00,457.24151
X1,supply_gas,gas,2005-07-01 14:00:00,486.52183
X1,supply_gas,gas,2005-07-01 15:00:00,565.04537
X1,supply_gas,gas,2005-07-01 16:00:00,484.44186
X1,supply_gas,gas,2005-07-01 17:00:00,644.31283
X1,supply_gas,gas,2005-07-01 18:00:00,644.31283
X1,supply_gas,gas,2005-07-01 19:00:00,644.31283
X1,supply_gas,gas,2005-07-01 20:00:00,644.31283
X1,supply_gas,gas,2005-07-01 21:00:00,567.6235
X1,supply_gas,gas,2005-07-01 22:00:00,390.03571
X1,supply_gas,gas,2005-07-01 23:00:00,287.35247
X1,supply_gas,gas,2005-07-02 00:00:00,306.85784
X1,supply_gas,gas,2005-07-02 01:00:00,264.69993
X1,supply_gas,gas,2005-07-02 02:00:00,260.77539
X1,supply_gas,gas,2005-07-02 03:00:00,266.61761
X1,supply_gas,gas,2005-07-02 04:00:00,277.37764
X1,supply_gas,gas,2005-07-02 05:00:00,414.85931
X1,supply_gas,gas,2005-07-02 06:00:00,529.19569
X1,supply_gas,gas,2005-07-02 07:00:00,614.23519
X1,supply_gas,gas,2005-07-02 08:00:00,590.44156
X1,supply_gas,gas,2005-07-02 09:00:00,565.90158
X1,supply_gas,gas,2005-07-02 10:00:00,531.68682
X1,supply_gas,gas,2005-07-02 11:00:00,433.87846
X1,supply_gas,gas,2005-07-02 12:00:00,394.61257
X1,supply_gas,gas,2005-07-02 13:00:00,393.24354
X1,supply_gas,gas,2005-07-02 14:00:00,454.32358
X1,supply_gas,gas,2005-07-02 15:00:00,537.42903
X1,supply_gas,gas,2005-07-02 16:00:00,479.23772
X1,supply_gas,gas,2005-07-02 17:00:00,644.31283
X1,supply_gas,gas,2005-07-02 18:00:00,644.31283
X1,supply_gas,gas,2005-07-02 19:00:00,644.31283
X1,supply_gas,gas,2005-07-02 20:00:00,644.31283
X1,supply_gas,gas,2005-07-02 21:00:00,544.5231
X1,supply_gas,gas,2005-07-02 22:00:00,390.17849
X1,supply_gas,gas,2005-07-02 23:00:00,310.03471
X1,supply_grid_power,electricity,2005-07-01 00:00:00,0.0
X1,supply_grid_power,electricity,2005-07-01 01:00:00,0.0
X1,supply_grid_power,electricity,2005-07-01 02:00:00,0.0
X1,supply_grid_power,electricity,2005-07-01 03:00:00,0.0
X1,supply_grid_power,electricity,2005-07-01 04:00:00,0.0
X1,supply_grid_power,electricity,2005-07-01 05:00:00,0.0
X1,supply_grid_power,electricity,2005-07-01 06:00:00,0.0
X1,supply_grid_power,electricity,2005-07-01 07:00:00,7.7917899
X1,supply_grid_power,electricity,2005-07-01 08:00:00,0.0
X1,supply_grid_power,electricity,2005-07-01 09:00:00,0.0
X1,supply_grid_power,electricity,2005-07-01 10:00:00,0.0
X1,supply_grid_power,electricity,2005-07-01 11:00:00,0.0
X1,supply_grid_power,electricity,2005-07-01 12:00:00,0.0
X1,supply_grid_power,electricity,2005-07-01 13:00:00,0.0
X1,supply_grid_power,electricity,2005-07-01 14:00:00,0.0
X1,supply_grid_power,electricity,2005-07-01 15:00:00,0.0
X1,supply_grid_power,electricity,2005-07-01 16:00:00,0.0
X1,supply_grid_power,electricity,2005-07-01 17:00:00,8.3361109
X1,supply_grid_power,electricity,2005-07-01 18:00:00,8.8941255
X1,supply_grid_power,electricity,2005-07-01 19:00:00,26.097898
X1,supply_grid_power,electricity,2005-07-01 20:00:00,19.3087
X1,supply_grid_power,electricity,2005-07-01 21:00:00,0.0
X1,supply_grid_power,electricity,2005-07-01 22:00:00,0.0
X1,supply_grid_power,electricity,2005-07-01 23:00:00,0.0
X1,supply_grid_power,electricity,2005-07-02 00:00:00,0.0
X1,supply_grid_power,electricity,2005-07-02 01:00:00,0.0
X1,supply_grid_power,electricity,2005-07-02 02:00:00,0.0
X1,supply_grid_power,electricity,2005-07-02 03:00:00,0.0
X1,supply_grid_power,electricity,2005-07-02 04:00:00,0.0
X1,supply_grid_power,electricity,2005-07-02 05:00:00,0.0
X1,supply_grid_power,electricity,2005-07-02 06:00:00,0.0
X1,supply_grid_power,electricity,2005-07-02 07:00:00,0.0
X1,supply_grid_power,electricity,2005-07-02 08:00:00,0.0
X1,supply_grid_power,electricity,2005-07-02 09:00:00,0.0
X1,supply_grid_power,electricity,2005-07-02 10:00:00,0.0
X1,supply_grid_power,electricity,2005-07-02 11:00:00,0.0
X1,supply_grid_power,electricity,2005-07-02 12:00:00,0.0
X1,supply_grid_power,electricity,2005-07-02 13:00:00,0.0
X1,supply_grid_power,electricity,2005-07-02 14:00:00,0.0
X1,supply_grid_power,electricity,2005-07-02 15:00:00,0.0
X1,supply_grid_power,electricity,2005-07-02 16:00:00,0.0
X1,supply_grid_power,electricity,2005-07-02 17:00:00,4.1183352
X1,supply_grid_power,electricity,2005-07-02 18:00:00,8.9687892
X1,supply_grid_power,electricity,2005-07-02 19:00:00,33.620147
X1,supply_grid_power,electricity,2005-07-02 20:00:00,9.927841
X1,supply_grid_power,electricity,2005-07-02 21:00:00,0.0
X1,supply_grid_power,electricity,2005-07-02 22:00:00,0.0
X1,supply_grid_power,electricity,2005-07-02 23:00:00,0.0
X2,N1_to_X2,heat,2005-07-01 00:00:00,190.24262
X2,N1_to_X2,heat,2005-07-01 01:00:00,66.368993
X2,N1_to_X2,heat,2005-07-01 02:00:00,67.582474
X2,N1_to_X2,heat,2005-07-01 03:00:00,67.487047
X2,N1_to_X2,heat,2005-07-01 04:00:00,70.052981
X2,N1_to_X2,heat,2005-07-01 05:00:00,115.7755
X2,N1_to_X2,heat,2005-07-01 06:00:00,141.43577
X2,N1_to_X2,heat,2005-07-01 07:00:00,172.3072
X2,N1_to_X2,heat,2005-07-01 08:00:00,174.90634
X2,N1_to_X2,heat,2005-07-01 09:00:00,176.32816
X2,N1_to_X2,heat,2005-07-01 10:00:00,148.18712
X2,N1_to_X2,heat,2005-07-01 11:00:00,190.24262
X2,N1_to_X2,heat,2005-07-01 12:00:00,190.24262
X2,N1_to_X2,heat,2005-07-01 13:00:00,190.24262
X2,N1_to_X2,heat,2005-07-01 14:00:00,190.24262
X2,N1_to_X2,heat,2005-07-01 15:00:00,190.24262
X2,N1_to_X2,heat,2005-07-01 16:00:00,190.24262
X2,N1_to_X2,heat,2005-07-01 17:00:00,190.24262
X2,N1_to_X2,heat,2005-07-01 18:00:00,190.24262
X2,N1_to_X2,heat,2005-07-01 19:00:00,190.24262
X2,N1_to_X2,heat,2005-07-01 20:00:00,168.50936
X2,N1_to_X2,heat,2005-07-01 21:00:00,156.67539
X2,N1_to_X2,heat,2005-07-01 22:00:00,108.21731
X2,N1_to_X2,heat,2005-07-01 23:00:00,78.907358
X2,N1_to_X2,heat,2005-07-02 00:00:00,84.173059
X2,N1_to_X2,heat,2005-07-02 01:00:00,73.50124
X2,N1_to_X2,heat,2005-07-02 02:00:00,71.372666
X2,N1_to_X2,heat,2005-07-02 03:00:00,73.564488
X2,N1_to_X2,heat,2005-07-02 04:00:00,75.356644
X2,N1_to_X2,heat,2005-07-02 05:00:00,113.99381
X2,N1_to_X2,heat,2005-07-02 06:00:00,145.8838
X2,N1_to_X2,heat,2005-07-02 07:00:00,168.73971
X2,N1_to_X2,heat,2005-07-02 08:00:00,163.15821
X2,N1_to_X2,heat,2005-07-02 09:00:00,155.49796
X2,N1_to_X2,heat,2005-07-02 10:00:00,147.32131
X2,N1_to_X2,heat,2005-07-02 11:00:00,190.24262
X2,N1_to_X2,heat,2005-07-02 12:00:00,108.49909
X2,N1_to_X2,heat,2005-07-02 13:00:00,108.1538
X2,N1_to_X2,heat,2005-07-02 14:00:00,190.24262
X2,N1_to_X2,heat,2005-07-02 15:00:00,190.24262
X2,N1_to_X2,heat,2005-07-02 16:00:00,104.54987
X2,N1_to_X2,heat,2005-07-02 17:00:00,190.24262
X2,N1_to_X2,heat,2005-07-02 18:00:00,190.24262
X2,N1_to_X2,heat,2005-07-02 19:00:00,190.24262
X2,N1_to_X2,heat,2005-07-02 20:00:00,190.24262
X2,N1_to_X2,heat,2005-07-02 21:00:00,150.24528
X2,N1_to_X2,heat,2005-07-02 22:00:00,108.25725
X2,N1_to_X2,heat,2005-07-02 23:00:00,85.194432
X2,X1_to_X2,electricity,2005-07-01 00:00:00,94.545801
X2,X1_to_X2,electricity,2005-07-01 01:00:00,76.960619
X2,X1_to_X2,electricity,2005-07-01 02:00:00,77.47575
X2,X1_to_X2,electricity,2005-07-01 03:00:00,77.47575
X2,X1_to_X2,electricity,2005-07-01 04:00:00,82.731496
X2,X1_to_X2,electricity,2005-07-01 05:00:00,148.53348
X2,X1_to_X2,electricity,2005-07-01 06:00:00,189.57082
X2,X1_to_X2,electricity,2005-07-01 07:00:00,217.80142
X2,X1_to_X2,electricity,2005-07-01 08:00:00,214.74111
X2,X1_to_X2,electricity,2005-07-01 09:00:00,220.9146
X2,X1_to_X2,electricity,2005-07-01 10:00:00,181.79427
X2,X1_to_X2,electricity,2005-07-01 11:00:00,182.07178
X2,X1_to_X2,electricity,2005-07-01 12:00:00,170.53679
X2,X1_to_X2,electricity,2005-07-01 13:00:00,169.33001
X2,X1_to_X2,electricity,2005-07-01 14:00:00,180.21849
X2,X1_to_X2,electricity,2005-07-01 15:00:00,206.83837
X2,X1_to_X2,electricity,2005-07-01 16:00:00,178.60318
X2,X1_to_X2,electricity,2005-07-01 17:00:00,249.60618
X2,X1_to_X2,electricity,2005-07-01 18:00:00,245.36558
X2,X1_to_X2,electricity,2005-07-01 19:00:00,260.25163
X2,X1_to_X2,electricity,2005-07-01 20:00:00,254.6056
X2,X1_to_X2,electricity,2005-07-01 21:00:00,205.44951
X2,X1_to_X2,electricity,2005-07-01 22:00:00,135.23257
X2,X1_to_X2,electricity,2005-07-01 23:00:00,94.738975
X2,X1_to_X2,electricity,2005-07-02 00:00:00,102.58251
X2,X1_to_X2,electricity,2005-07-02 01:00:00,85.898809
X2,X1_to_X2,electricity,2005-07-02 02:00:00,84.353416
X2,X1_to_X2,electricity,2005-07-02 03:00:00,86.671505
X2,X1_to_X2,electricity,2005-07-02 04:00:00,90.896989
X2,X1_to_X2,electricity,2005-07-02 05:00:00,147.76078
X2,X1_to_X2,electricity,2005-07-02 06:00:00,199.09947
X2,X1_to_X2,electricity,2005-07-02 07:00:00,238.77751
X2,X1_to_X2,electricity,2005-07-02 08:00:00,235.11987
X2,X1_to_X2,electricity,2005-07-02 09:00:00,231.64847
X2,X1_to_X2,electricity,2005-07-02 10:00:00,223.03267
X2,X1_to_X2,electricity,2005-07-02 11:00:00,185.29293
X2,X1_to_X2,electricity,2005-07-02 12:00:00,167.32614
X2,X1_to_X2,electricity,2005-07-02 13:00:00,160.75615
X2,X1_to_X2,electricity,2005-07-02 14:00:00,178.10122
X2,X1_to_X2,electricity,2005-07-02 15:00:00,205.8264
X2,X1_to_X2,electricity,2005-07-02 16:00:00,178.1742
X2,X1_to_X2,electricity,2005-07-02 17:00:00,244.4195
X2,X1_to_X2,electricity,2005-07-02 18:00:00,246.58014
X2,X1_to_X2,electricity,2005-07-02 19:00:00,269.02147
X2,X1_to_X2,electricity,2005-07-02 20:00:00,245.41236
X2,X1_to_X2,electricity,2005-07-02 21:00:00,196.28096
X2,X1_to_X2,electricity,2005-07-02 22:00:00,135.28924
X2,X1_to_X2,electricity,2005-07-02 23:00:00,103.74156
X2,boiler,heat,2005-07-01 00:00:00,0.0
X2,boiler,heat,2005-07-01 01:00:00,4.0844459
X2,boiler,heat,2005-07-01 02:00:00,9.6105016
X2,boiler,heat,2005-07-01 03:00:00,37.069389
X2,boiler,heat,2005-07-01 04:00:00,53.175464
X2,boiler,heat,2005-07-01 05:00:00,51.893321
X2,boiler,heat,2005-07-01 06:00:00,123.45132
X2,boiler,heat,2005-07-01 07:00:00,192.83047
X2,boiler,heat,2005-07-01 08:00:00,83.266254
X2,boiler,heat,2005-07-01 09:00:00,14.257417
X2,boiler,heat,2005-07-01 10:00:00,0.0
X2,boiler,heat,2005-07-01 11:00:00,0.0
X2,boiler,heat,2005-07-01 12:00:00,0.0
X2,boiler,heat,2005-07-01 13:00:00,0.0
X2,boiler,heat,2005-07-01 14:00:00,0.0
X2,boiler,heat,2005-07-01 15:00:00,0.0
X2,boiler,heat,2005-07-01 16:00:00,0.0
X2,boiler,heat,2005-07-01 17:00:00,0.0
X2,boiler,heat,2005-07-01 18:00:00,0.0
X2,boiler,heat,2005-07-01 19:00:00,0.0
X2,boiler,heat,2005-07-01 20:00:00,0.0
X2,boiler,heat,2005-07-01 21:00:00,86.056834
X2,boiler,heat,2005-07-01 22:00:00,47.156599
X2,boiler,heat,2005-07-01 23:00:00,19.218898
X2,boiler,heat,2005-07-02 00:00:00,0.0
X2,boiler,heat,2005-07-02 01:00:00,15.3231
X2,boiler,heat,2005-07-02 02:00:00,20.040601
X2,boiler,heat,2005-07-02 03:00:00,34.479125
X2,boiler,heat,2005-07-02 04:00:00,51.141794
X2,boiler,heat,2005-07-02 05:00:00,46.894085
X2,boiler,heat,2005-07-02 06:00:00,106.54009
X2,boiler,heat,2005-07-02 07:00:00,182.92353
X2,boiler,heat,2005-07-02 08:00:00,84.996211
X2,boiler,heat,2005-07-02 09:00:00,32.514796
X2,boiler,heat,2005-07-02 10:00:00,0.0
X2,boiler,heat,2005-07-02 11:00:00,0.0
X2,boiler,heat,2005-07-02 12:00:00,0.0
X2,boiler,heat,2005-07-02 13:00:00,0.0
X2,boiler,heat,2005-07-02 14:00:00,0.0
X2,boiler,heat,2005-07-02 15:00:00,0.0
X2,boiler,heat,2005-07-02 16:00:00,0.0
X2,boiler,heat,2005-07-02 17:00:00,0.0
X2,boiler,heat,2005-07-02 18:00:00,0.0
X2,boiler,heat,2005-07-02 19:00:00,0.0
X2,boiler,heat,2005-07-02 20:00:00,0.0
X2,boiler,heat,2005-07-02 21:00:00,89.789552
X2,boiler,heat,2005-07-02 22:00:00,35.319213
X2,boiler,heat,2005-07-02 23:00:00,0.88758236
X2,pv,electricity,2005-07-01 00:00:00,0.0
X2,pv,electricity,2005-07-01 01:00:00,0.0
X2,pv,electricity,2005-07-01 02:00:00,0.0
X2,pv,electricity,2005-07-01 03:00:00,0.0
X2,pv,electricity,2005-07-01 04:00:00,0.0
X2,pv,electricity,2005-07-01 05:00:00,2.9597196
X2,pv,electricity,2005-07-01 06:00:00,10.977869
X2,pv,electricity,2005-07-01 07:00:00,20.933289
X2,pv,electricity,2005-07-01 08:00:00,29.543382
X2,pv,electricity,2005-07-01 09:00:00,36.162391
X2,pv,electricity,2005-07-01 10:00:00,40.736503
X2,pv,electricity,2005-07-01 11:00:00,40.521251
X2,pv,electricity,2005-07-01 12:00:00,33.902242
X2,pv,electricity,2005-07-01 13:00:00,26.798915
X2,pv,electricity,2005-07-01 14:00:00,24.2697
X2,pv,electricity,2005-07-01 15:00:00,19.103644
X2,pv,electricity,2005-07-01 16:00:00,14.529532
X2,pv,electricity,2005-07-01 17:00:00,9.9016071
X2,pv,electricity,2005-07-01 18:00:00,3.6592897
X2,pv,electricity,2005-07-01 19:00:00,0.0
X2,pv,electricity,2005-07-01 20:00:00,0.0
X2,pv,electricity,2005-07-01 21:00:00,0.0
X2,pv,electricity,2005-07-01 22:00:00,0.0
X2,pv,electricity,2005-07-01 23:00:00,0.0
X2,pv,electricity,2005-07-02 00:00:00,0.0
X2,pv,electricity,2005-07-02 01:00:00,0.0
X2,pv,electricity,2005-07-02 02:00:00,0.0
X2,pv,electricity,2005-07-02 03:00:00,0.0
X2,pv,electricity,2005-07-02 04:00:00,0.0
X2,pv,electricity,2005-07-02 05:00:00,3.0673456
X2,pv,electricity,2005-07-02 06:00:00,10.81643
X2,pv,electricity,2005-07-02 07:00:00,18.296448
X2,pv,electricity,2005-07-02 08:00:00,25.66884
X2,pv,electricity,2005-07-02 09:00:00,33.956055
X2,pv,electricity,2005-07-02 10:00:00,40.521251
X2,pv,electricity,2005-07-02 11:00:00,41.920391
X2,pv,electricity,2005-07-02 12:00:00,38.745419
X2,pv,electricity,2005-07-02 13:00:00,30.781083
X2,pv,electricity,2005-07-02 14:00:00,21.794298
X2,pv,electricity,2005-07-02 15:00:00,15.498168
X2,pv,electricity,2005-07-02 16:00:00,10.170673
X2,pv,electricity,2005-07-02 17:00:00,5.5427476
X2,pv,electricity,2005-07-02 18:00:00,2.3139625
X2,pv,electricity,2005-07-02 19:00:00,0.32287855
X2,pv,electricity,2005-07-02 20:00:00,0.0
X2,pv,electricity,2005-07-02 21:00:00,0.0
X2,pv,electricity,2005-07-02 22:00:00,0.0
X2,pv,electricity,2005-07-02 23:00:00,0.0
X2,supply_gas,gas,2005-07-01 00:00:00,0.0
X2,supply_gas,gas,2005-07-01 01:00:00,4.8052305
X2,supply_gas,gas,2005-07-01 02:00:00,11.306472
X2,supply_gas,gas,2005-07-01 03:00:00,43.611046
X2,supply_gas,gas,2005-07-01 04:00:00,62.559369
X2,supply_gas,gas,2005-07-01 05:00:00,61.050965
X2,supply_gas,gas,2005-07-01 06:00:00,145.23685
X2,supply_gas,gas,2005-07-01 07:00:00,226.85938
X2,supply_gas,gas,2005-07-01 08:00:00,97.960299
X2,supply_gas,gas,2005-07-01 09:00:00,16.773432
X2,supply_gas,gas,2005-07-01 10:00:00,0.0
X2,supply_gas,gas,2005-07-01 11:00:00,0.0
X2,supply_gas,gas,2005-07-01 12:00:00,0.0
X2,supply_gas,gas,2005-07-01 13:00:00,0.0
X2,supply_gas,gas,2005-07-01 14:00:00,0.0
X2,supply_gas,gas,2005-07-01 15:00:00,0.0
X2,supply_gas,gas,2005-07-01 16:00:00,0.0
X2,supply_gas,gas,2005-07-01 17:00:00,0.0
X2,supply_gas,gas,2005-07-01 18:00:00,0.0
X2,supply_gas,gas,2005-07-01 19:00:00,0.0
X2,supply_gas,gas,2005-07-01 20:00:00,0.0
X2,supply_gas,gas,2005-07-01 21:00:00,101.24333
X2,supply_gas,gas,2005-07-01 22:00:00,55.478351
X2,supply_gas,gas,2005-07-01 23:00:00,22.610468
X2,supply_gas,gas,2005-07-02 00:00:00,0.0
X2,supply_gas,gas,2005-07-02 01:00:00,18.027177
X2,supply_gas,gas,2005-07-02 02:00:00,23.577177
X2,supply_gas,gas,2005-07-02 03:00:00,40.563676
X2,supply_gas,gas,2005-07-02 04:00:00,60.166816
X2,supply_gas,gas,2005-07-02 05:00:00,55.169512
X2,supply_gas,gas,2005-07-02 06:00:00,125.34129
X2,supply_gas,gas,2005-07-02 07:00:00,215.20415
X2,supply_gas,gas,2005-07-02 08:00:00,99.995542
X2,supply_gas,gas,2005-07-02 09:00:00,38.252701
X2,supply_gas,gas,2005-07-02 10:00:00,0.0
X2,supply_gas,gas,2005-07-02 11:00:00,0.0
X2,supply_gas,gas,2005-07-02 12:00:00,0.0
X2,supply_gas,gas,2005-07-02 13:00:00,0.0
X2,supply_gas,gas,2005-07-02 14:00:00,0.0
X2,supply_gas,gas,2005-07-02 15:00:00,0.0
X2,supply_gas,gas,2005-07-02 16:00:00,0.0
X2,supply_gas,gas,2005-07-02 17:00:00,0.0
X2,supply_gas,gas,2005-07-02 18:00:00,0.0
X2,supply_gas,gas,2005-07-02 19:00:00,0.0
X2,supply_gas,gas,2005-07-02 20:00:00,0.0
X2,supply_gas,gas,2005-07-02 21:00:00,105.63477
X2,supply_gas,gas,2005-07-02 22:00:00,41.552015
X2,supply_gas,gas,2005-07-02 23:00:00,1.0442145
X3,N1_to_X3,heat,2005-07-01 00:00:00,10.382599
X3,N1_to_X3,heat,2005-07-01 01:00:00,0.84472203
X3,N1_to_X3,heat,2005-07-01 02:00:00,0.0
X3,N1_to_X3,heat,2005-07-01 03:00:00,0.0
X3,N1_to_X3,heat,2005-07-01 04:00:00,0.84480695
X3,N1_to_X3,heat,2005-07-01 05:00:00,7.2477267
X3,N1_to_X3,heat,2005-07-01 06:00:00,9.3826291
X3,N1_to_X3,heat,2005-07-01 07:00:00,5.7772418
X3,N1_to_X3,heat,2005-07-01 08:00:00,3.3069851
X3,N1_to_X3,heat,2005-07-01 09:00:00,1.9116639
X3,N1_to_X3,heat,2005-07-01 10:00:00,6.4152162
X3,N1_to_X3,heat,2005-07-01 11:00:00,10.382599
X3,N1_to_X3,heat,2005-07-01 12:00:00,10.382599
X3,N1_to_X3,heat,2005-07-01 13:00:00,10.382599
X3,N1_to_X3,heat,2005-07-01 14:00:00,10.382599
X3,N1_to_X3,heat,2005-07-01 15:00:00,10.382599
X3,N1_to_X3,heat,2005-07-01 16:00:00,10.382599
X3,N1_to_X3,heat,2005-07-01 17:00:00,10.382599
X3,N1_to_X3,heat,2005-07-01 18:00:00,10.382599
X3,N1_to_X3,heat,2005-07-01 19:00:00,10.382599
X3,N1_to_X3,heat,2005-07-01 20:00:00,0.0156
X3,N1_to_X3,heat,2005-07-01 21:00:00,0.84472141
X3,N1_to_X3,heat,2005-07-01 22:00:00,0.0
X3,N1_to_X3,heat,2005-07-01 23:00:00,0.81907155
X3,N1_to_X3,heat,2005-07-02 00:00:00,10.382599
X3,N1_to_X3,heat,2005-07-02 01:00:00,0.0
X3,N1_to_X3,heat,2005-07-02 02:00:00,0.84469129
X3,N1_to_X3,heat,2005-07-02 03:00:00,0.0
X3,N1_to_X3,heat,2005-07-02 04:00:00,0.84478648
X3,N1_to_X3,heat,2005-07-02 05:00:00,0.0
X3,N1_to_X3,heat,2005-07-02 06:00:00,0.0
X3,N1_to_X3,heat,2005-07-02 07:00:00,0.84469011
X3,N1_to_X3,heat,2005-07-02 08:00:00,0.0
X3,N1_to_X3,heat,2005-07-02 09:00:00,0.84469324
X3,N1_to_X3,heat,2005-07-02 10:00:00,0.0156
X3,N1_to_X3,heat,2005-07-02 11:00:00,10.382599
X3,N1_to_X3,heat,2005-07-02 12:00:00,0.86040202
X3,N1_to_X3,heat,2005-07-02 13:00:00,0.86035176
X3,N1_to_X3,heat,2005-07-02 14:00:00,10.382599
X3,N1_to_X3,heat,2005-07-02 15:00:00,10.382599
X3,N1_to_X3,heat,2005-07-02 16:00:00,10.382599
X3,N1_to_X3,heat,2005-07-02 17:00:00,10.382599
X3,N1_to_X3,heat,2005-07-02 18:00:00,10.382599
X3,N1_to_X3,heat,2005-07-02 19:00:00,10.382599
X3,N1_to_X3,heat,2005-07-02 20:00:00,10.382599
X3,N1_to_X3,heat,2005-07-02 21:00:00,0.84470017
X3,N1_to_X3,heat,2005-07-02 22:00:00,0.0
X3,N1_to_X3,heat,2005-07-02 23:00:00,0.84468986
X3,X1_to_X3,electricity,2005-07-01 00:00:00,18.762912
X3,X1_to_X3,electricity,2005-07-01 01:00:00,18.762912
X3,X1_to_X3,electricity,2005-07-01 02:00:00,18.762912
X3,X1_to_X3,electricity,2005-07-01 03:00:00,18.762912
X3,X1_to_X3,electricity,2005-07-01 04:00:00,18.762912
X3,X1_to_X3,electricity,2005-07-01 05:00:00,27.874925
X3,X1_to_X3,electricity,2005-07-01 06:00:00,26.563307
X3,X1_to_X3,electricity,2005-07-01 07:00:00,44.862769
X3,X1_to_X3,electricity,2005-07-01 08:00:00,40.310462
X3,X1_to_X3,electricity,2005-07-01 09:00:00,34.119665
X3,X1_to_X3,electricity,2005-07-01 10:00:00,32.754857
X3,X1_to_X3,electricity,2005-07-01 11:00:00,31.640462
X3,X1_to_X3,electricity,2005-07-01 12:00:00,34.29917
X3,X1_to_X3,electricity,2005-07-01 13:00:00,11.499516
X3,X1_to_X3,electricity,2005-07-01 14:00:00,12.21262
X3,X1_to_X3,electricity,2005-07-01 15:00:00,16.663372
X3,X1_to_X3,electricity,2005-07-01 16:00:00,12.749967
X3,X1_to_X3,electricity,2005-07-01 17:00:00,13.332155
X3,X1_to_X3,electricity,2005-07-01 18:00:00,18.076803
X3,X1_to_X3,electricity,2005-07-01 19:00:00,19.905947
X3,X1_to_X3,electricity,2005-07-01 20:00:00,18.762912
X3,X1_to_X3,electricity,2005-07-01 21:00:00,18.762912
X3,X1_to_X3,electricity,2005-07-01 22:00:00,18.762912
X3,X1_to_X3,electricity,2005-07-01 23:00:00,18.762912
X3,X1_to_X3,electricity,2005-07-02 00:00:00,18.762912
X3,X1_to_X3,electricity,2005-07-02 01:00:00,18.762912
X3,X1_to_X3,electricity,2005-07-02 02:00:00,18.762912
X3,X1_to_X3,electricity,2005-07-02 03:00:00,18.762912
X3,X1_to_X3,electricity,2005-07-02 04:00:00,18.762912
X3,X1_to_X3,electricity,2005-07-02 05:00:00,16.340412
X3,X1_to_X3,electricity,2005-07-02 06:00:00,10.220412
X3,X1_to_X3,electricity,2005-07-02 07:00:00,4.312912
X3,X1_to_X3,electricity,2005-07-02 08:00:00,0.0
X3,X1_to_X3,electricity,2005-07-02 09:00:00,0.0
X3,X1_to_X3,electricity,2005-07-02 10:00:00,0.0
X3,X1_to_X3,electricity,2005-07-02 11:00:00,0.0
X3,X1_to_X3,electricity,2005-07-02 12:00:00,0.0
X3,X1_to_X3,electricity,2005-07-02 13:00:00,0.0
X3,X1_to_X3,electricity,2005-07-02 14:00:00,1.550412
X3,X1_to_X3,electricity,2005-07-02 15:00:00,6.7144183
X3,X1_to_X3,electricity,2005-07-02 16:00:00,11.113424
X3,X1_to_X3,electricity,2005-07-02 17:00:00,14.385412
X3,X1_to_X3,electricity,2005-07-02 18:00:00,16.935412
X3,X1_to_X3,electricity,2005-07-02 19:00:00,18.507912
X3,X1_to_X3,electricity,2005-07-02 20:00:00,18.762912
X3,X1_to_X3,electricity,2005-07-02 21:00:00,18.762912
X3,X1_to_X3,electricity,2005-07-02 22:00:00,18.762912
X3,X1_to_X3,electricity,2005-07-02 23:00:00,18.762912
X3,boiler,heat,2005-07-01 00:00:00,0.0
X3,boiler,heat,2005-07-01 01:00:00,0.0156
X3,boiler,heat,2005-07-01 02:00:00,0.0156
X3,boiler,heat,2005-07-01 03:00:00,0.0156
X3,boiler,heat,2005-07-01 04:00:00,0.0156
X3,boiler,heat,2005-07-01 05:00:00,0.0156
X3,boiler,heat,2005-07-01 06:00:00,0.0156
X3,boiler,heat,2005-07-01 07:00:00,0.0156
X3,boiler,heat,2005-07-01 08:00:00,0.0156
X3,boiler,heat,2005-07-01 09:00:00,0.0156
X3,boiler,heat,2005-07-01 10:00:00,0.0
X3,boiler,heat,2005-07-01 11:00:00,0.0
X3,boiler,heat,2005-07-01 12:00:00,0.0
X3,boiler,heat,2005-07-01 13:00:00,0.0
X3,boiler,heat,2005-07-01 14:00:00,0.0
X3,boiler,heat,2005-07-01 15:00:00,0.0
X3,boiler,heat,2005-07-01 16:00:00,0.0
X3,boiler,heat,2005-07-01 17:00:00,0.0
X3,boiler,heat,2005-07-01 18:00:00,0.0
X3,boiler,heat,2005-07-01 19:00:00,0.0
X3,boiler,heat,2005-07-01 20:00:00,0.0
X3,boiler,heat,2005-07-01 21:00:00,0.0156
X3,boiler,heat,2005-07-01 22:00:00,0.0156
X3,boiler,heat,2005-07-01 23:00:00,0.0156
X3,boiler,heat,2005-07-02 00:00:00,0.0
X3,boiler,heat,2005-07-02 01:00:00,0.0156
X3,boiler,heat,2005-07-02 02:00:00,0.0156
X3,boiler,heat,2005-07-02 03:00:00,0.0156
X3,boiler,heat,2005-07-02 04:00:00,0.0156
X3,boiler,heat,2005-07-02 05:00:00,0.0156
X3,boiler,heat,2005-07-02 06:00:00,0.0156
X3,boiler,heat,2005-07-02 07:00:00,0.0156
X3,boiler,heat,2005-07-02 08:00:00,0.0156
X3,boiler,heat,2005-07-02 09:00:00,0.0156
X3,boiler,heat,2005-07-02 10:00:00,0.0
X3,boiler,heat,2005-07-02 11:00:00,0.0
X3,boiler,heat,2005-07-02 12:00:00,0.0
X3,boiler,heat,2005-07-02 13:00:00,0.0
X3,boiler,heat,2005-07-02 14:00:00,0.0
X3,boiler,heat,2005-07-02 15:00:00,0.0
X3,boiler,heat,2005-07-02 16:00:00,0.0
X3,boiler,heat,2005-07-02 17:00:00,0.0
X3,boiler,heat,2005-07-02 18:00:00,0.0
X3,boiler,heat,2005-07-02 19:00:00,0.0
X3,boiler,heat,2005-07-02 20:00:00,0.0
X3,boiler,heat,2005-07-02 21:00:00,0.0156
X3,boiler,heat,2005-07-02 22:00:00,0.0156
X3,boiler,heat,2005-07-02 23:00:00,0.0156
X3,pv,electricity,2005-07-01 00:00:00,0.0
X3,pv,electricity,2005-07-01 01:00:00,0.0
X3,pv,electricity,2005-07-01 02:00:00,0.0
X3,pv,electricity,2005-07-01 03:00:00,0.0
X3,pv,electricity,2005-07-01 04:00:00,0.0
X3,pv,electricity,2005-07-01 05:00:00,2.3375
X3,pv,electricity,2005-07-01 06:00:00,8.67
X3,pv,electricity,2005-07-01 07:00:00,16.5325
X3,pv,electricity,2005-07-01 08:00:00,23.3325
X3,pv,electricity,2005-07-01 09:00:00,28.56
X3,pv,electricity,2005-07-01 10:00:00,32.1725
X3,pv,electricity,2005-07-01 11:00:00,32.0025
X3,pv,electricity,2005-07-01 12:00:00,26.775
X3,pv,electricity,2005-07-01 13:00:00,21.165
X3,pv,electricity,2005-07-01 14:00:00,19.1675
X3,pv,electricity,2005-07-01 15:00:00,15.0875
X3,pv,electricity,2005-07-01 16:00:00,11.475
X3,pv,electricity,2005-07-01 17:00:00,7.8199999
X3,pv,electricity,2005-07-01 18:00:00,2.8900001
X3,pv,electricity,2005-07-01 19:00:00,0.0
X3,pv,electricity,2005-07-01 20:00:00,0.0
X3,pv,electricity,2005-07-01 21:00:00,0.0
X3,pv,electricity,2005-07-01 22:00:00,0.0
X3,pv,electricity,2005-07-01 23:00:00,0.0
X3,pv,electricity,2005-07-02 00:00:00,0.0
X3,pv,electricity,2005-07-02 01:00:00,0.0
X3,pv,electricity,2005-07-02 02:00:00,0.0
X3,pv,electricity,2005-07-02 03:00:00,0.0
X3,pv,electricity,2005-07-02 04:00:00,0.0
X3,pv,electricity,2005-07-02 05:00:00,2.4225
X3,pv,electricity,2005-07-02 06:00:00,8.5425001
X3,pv,electricity,2005-07-02 07:00:00,14.45
X3,pv,electricity,2005-07-02 08:00:00,20.2725
X3,pv,electricity,2005-07-02 09:00:00,26.8175
X3,pv,electricity,2005-07-02 10:00:00,32.0025
X3,pv,electricity,2005-07-02 11:00:00,33.1075
X3,pv,electricity,2005-07-02 12:00:00,30.6
X3,pv,electricity,2005-07-02 13:00:00,24.31
X3,pv,electricity,2005-07-02 14:00:00,17.2125
X3,pv,electricity,2005-07-02 15:00:00,12.24
X3,pv,electricity,2005-07-02 16:00:00,8.0325
X3,pv,electricity,2005-07-02 17:00:00,4.3775001
X3,pv,electricity,2005-07-02 18:00:00,1.8275
X3,pv,electricity,2005-07-02 19:00:00,0.25500004
X3,pv,electricity,2005-07-02 20:00:00,0.0
X3,pv,electricity,2005-07-02 21:00:00,0.0
X3,pv,electricity,2005-07-02 22:00:00,0.0
X3,pv,electricity,2005-07-02 23:00:00,0.0
X3,supply_gas,gas,2005-07-01 00:00:00,0.0
X3,supply_gas,gas,2005-07-01 01:00:00,0.018352941
X3,supply_gas,gas,2005-07-01 02:00:00,0.018352941
X3,supply_gas,gas,2005-07-01 03:00:00,0.018352941
X3,supply_gas,gas,2005-07-01 04:00:00,0.018352941
X3,supply_gas,gas,2005-07-01 05:00:00,0.018352941
X3,supply_gas,gas,2005-07-01 06:00:00,0.018352941
X3,supply_gas,gas,2005-07-01 07:00:00,0.018352941
X3,supply_gas,gas,2005-07-01 08:00:00,0.018352941
X3,supply_gas,gas,2005-07-01 09:00:00,0.018352941
X3,supply_gas,gas,2005-07-01 10:00:00,0.0
X3,supply_gas,gas,2005-07-01 11:00:00,0.0
X3,supply_gas,gas,2005-07-01 12:00:00,0.0
X3,supply_gas,gas,2005-07-01 13:00:00,0.0
X3,supply_gas,gas,2005-07-01 14:00:00,0.0
X3,supply_gas,gas,2005-07-01 15:00:00,0.0
X3,supply_gas,gas,2005-07-01 16:00:00,0.0
X3,supply_gas,gas,2005-07-01 17:00:00,0.0
X3,supply_gas,gas,2005-07-01 18:00:00,0.0
X3,supply_gas,gas,2005-07-01 19:00:00,0.0
X3,supply_gas,gas,2005-07-01 20:00:00,0.0
X3,supply_gas,gas,2005-07-01 21:00:00,0.018352941
X3,supply_gas,gas,2005-07-01 22:00:00,0.018352941
X3,supply_gas,gas,2005-07-01 23:00:00,0.018352941
X3,supply_gas,gas,2005-07-02 00:00:00,0.0
X3,supply_gas,gas,2005-07-02 01:00:00,0.018352941
X3,supply_gas,gas,2005-07-02 02:00:00,0.018352941
X3,supply_gas,gas,2005-07-02 03:00:00,0.018352941
X3,supply_gas,gas,2005-07-02 04:00:00,0.018352941
X3,supply_gas,gas,2005-07-02 05:00:00,0.018352941
X3,supply_gas,gas,2005-07-02 06:00:00,0.018352941
X3,supply_gas,gas,2005-07-02 07:00:00,0.018352941
X3,supply_gas,gas,2005-07-02 08:00:00,0.018352941
X3,supply_gas,gas,2005-07-02 09:00:00,0.018352941
X3,supply_gas,gas,2005-07-02 10:00:00,0.0
X3,supply_gas,gas,2005-07-02 11:00:00,0.0
X3,supply_gas,gas,2005-07-02 12:00:00,0.0
X3,supply_gas,gas,2005-07-02 13:00:00,0.0
X3,supply_gas,gas,2005-07-02 14:00:00,0.0
X3,supply_gas,gas,2005-07-02 15:00:00,0.0
X3,supply_gas,gas,2005-07-02 16:00:00,0.0
X3,supply_gas,gas,2005-07-02 17:00:00,0.0
X3,supply_gas,gas,2005-07-02 18:00:00,0.0
X3,supply_gas,gas,2005-07-02 19:00:00,0.0
X3,supply_gas,gas,2005-07-02 20:00:00,0.0
X3,supply_gas,gas,2005-07-02 21:00:00,0.018352941
X3,supply_gas,gas,2005-07-02 22:00:00,0.018352941
X3,supply_gas,gas,2005-07-02 23:00:00,0.018352941
